level	page_num	block_num	par_num	line_num	word_num	left	top	width	height	conf	text
1	1	0	0	0	0	0	0	1654	2338	-1	
2	1	1	0	0	0	255	143	1166	1815	-1	
3	1	1	1	0	0	255	143	1166	1815	-1	
4	1	1	1	1	0	710	143	253	10	-1	
5	1	1	1	1	1	710	143	14	9	73.349159	1X
5	1	1	1	1	2	735	143	113	10	87.256485	RECENSEAMENTO
5	1	1	1	1	3	859	143	41	10	87.256485	GERAL
5	1	1	1	1	4	911	147	7	2	84.989052	-
5	1	1	1	1	5	930	143	33	10	49.645138	1980
4	1	1	1	2	0	258	159	1163	9	-1	
5	1	1	1	2	1	258	146	121	31	0.000000	Prerererrerert
5	1	1	1	2	2	388	146	171	31	0.000000	tertetverrtittitritr
5	1	1	1	2	3	564	159	26	8	0.000000	iio
5	1	1	1	2	4	600	146	86	31	0.000000	erterrersr
5	1	1	1	2	5	700	159	30	8	0.000000	tet
5	1	1	1	2	6	735	146	168	31	0.000000	tettarerereneevertea
5	1	1	1	2	7	915	146	48	31	21.711937	eters
5	1	1	1	2	8	972	159	8	8	31.789173	rt
5	1	1	1	2	9	1000	160	6	7	16.773386	i
5	1	1	1	2	10	1021	146	16	31	1.122389	tt
5	1	1	1	2	11	1041	146	66	31	0.000000	rrettrrt
5	1	1	1	2	12	1111	146	24	31	0.227985	ttt
5	1	1	1	2	13	1140	146	16	31	0.000000	itt
5	1	1	1	2	14	1165	146	256	31	0.000000	ectrerettesttttrertccrecesrres
4	1	1	1	3	0	258	202	588	12	-1	
5	1	1	1	3	1	258	203	14	10	58.618515	2s
5	1	1	1	3	2	293	203	42	11	24.119558	OADOS
5	1	1	1	3	3	346	203	51	11	83.391876	GERATS
5	1	1	1	3	4	408	203	24	10	92.239220	DAS
5	1	1	1	3	5	443	202	86	11	92.239220	ATIVIDADES
5	1	1	1	3	6	542	202	101	11	69.744225	INDUSTRIALS,
5	1	1	1	3	7	656	202	59	11	75.435661	SEGUNDD
5	1	1	1	3	8	726	202	120	11	68.657684	MICRORREGIOES,
4	1	1	1	4	0	293	231	291	12	-1	
5	1	1	1	4	1	293	232	87	11	81.443481	MUNICIPIOS
5	1	1	1	4	2	392	232	6	10	87.656860	E
5	1	1	1	4	3	409	231	60	12	87.656860	GENEROS
5	1	1	1	4	4	479	232	15	10	87.830307	DE
5	1	1	1	4	5	507	232	77	10	8.655281	INDUSTRIA
4	1	1	1	5	0	258	275	1161	10	-1	
5	1	1	1	5	1	258	277	33	7	0.000000	SOND
5	1	1	1	5	2	303	276	147	8	0.000000	RRESASARMEMAEGEER
5	1	1	1	5	3	455	276	39	7	20.343370	TSUN
5	1	1	1	5	4	499	276	11	8	0.000000	EE
5	1	1	1	5	5	514	276	15	8	2.407207	ER
5	1	1	1	5	6	533	277	21	7	0.000000	ERS
5	1	1	1	5	7	558	276	40	7	0.000000	ETHOS
5	1	1	1	5	8	602	276	32	7	0.000000	ESES
5	1	1	1	5	9	638	275	40	8	0.000000	ESAS
5	1	1	1	5	10	682	275	32	8	0.000000	EERE
5	1	1	1	5	11	729	276	3	7	0.000000	U
5	1	1	1	5	12	739	276	38	8	0.000000	DEST
5	1	1	1	5	13	783	276	19	7	0.000000	SS
5	1	1	1	5	14	806	276	22	7	0.000000	NEO
5	1	1	1	5	15	835	276	12	7	0.000000	FC
5	1	1	1	5	16	850	275	32	8	0.000000	GASH
5	1	1	1	5	17	894	276	23	7	0.000000	ENE
5	1	1	1	5	18	923	276	21	7	0.000000	GEE
5	1	1	1	5	19	948	276	40	7	0.000000	ESTES
5	1	1	1	5	20	992	276	22	7	8.234310	OEE
5	1	1	1	5	21	1029	276	29	8	0.000000	OEEH
5	1	1	1	5	22	1062	276	31	8	0.000000	YEO
5	1	1	1	5	23	1106	276	14	8	0.000000	EN
5	1	1	1	5	24	1127	277	19	7	19.560137	CES
5	1	1	1	5	25	1153	276	29	8	0.000000	CLES
5	1	1	1	5	26	1186	276	13	7	0.000000	ML
5	1	1	1	5	27	1204	276	21	8	0.000000	ENE
5	1	1	1	5	28	1233	277	19	7	10.118876	EER
5	1	1	1	5	29	1258	276	30	9	42.436646	EERE
5	1	1	1	5	30	1295	277	29	7	11.056490	EEE
5	1	1	1	5	31	1328	277	19	8	0.000000	EKE
5	1	1	1	5	32	1354	278	21	7	7.310514	EE
5	1	1	1	5	33	1380	277	12	7	58.304409	EE
5	1	1	1	5	34	1398	277	21	7	15.106668	DIE
4	1	1	1	6	0	319	292	1100	8	-1	
5	1	1	1	6	1	319	293	7	7	21.696920	.
5	1	1	1	6	2	990	292	7	7	40.633125	.
5	1	1	1	6	3	1078	292	7	7	0.000000	.
5	1	1	1	6	4	1308	293	6	7	30.261574	*
5	1	1	1	6	5	1412	293	7	6	28.804821	*
4	1	1	1	7	0	319	306	1101	10	-1	
5	1	1	1	7	1	319	307	7	7	63.601402	*
5	1	1	1	7	2	990	306	7	7	72.437035	*
5	1	1	1	7	3	1078	306	7	7	82.100616	*
5	1	1	1	7	4	1132	306	58	10	22.216545	PESSPAL
5	1	1	1	7	5	1202	306	60	10	0.000000	ACUPADO
5	1	1	1	7	6	1308	307	7	7	23.474258	*
5	1	1	1	7	7	1336	307	23	9	62.473564	AND
5	1	1	1	7	8	1369	306	16	10	0.000000	DE
4	1	1	1	8	0	319	321	1100	11	-1	
5	1	1	1	8	1	319	322	7	7	10.505171	.
5	1	1	1	8	2	990	321	7	7	32.659435	*
5	1	1	1	8	3	1078	321	7	7	54.130409	.
5	1	1	1	8	4	1140	322	15	9	73.341286	EM
5	1	1	1	8	5	1167	321	86	10	80.219398	31-12-1980
5	1	1	1	8	6	1307	322	6	7	89.549339	*
5	1	1	1	8	7	1343	322	32	10	27.792763	1980
5	1	1	1	8	8	1413	322	6	7	20.275993	#
4	1	1	1	9	0	320	336	1100	9	-1	
5	1	1	1	9	1	320	337	6	7	41.757359	.
5	1	1	1	9	2	990	336	8	7	35.870361	*
5	1	1	1	9	3	1078	337	7	7	28.549957	.
5	1	1	1	9	4	1308	337	6	7	43.713535	*
5	1	1	1	9	5	1413	338	7	7	16.683512	*
4	1	1	1	10	0	320	351	1099	9	-1	
5	1	1	1	10	1	320	351	6	8	18.304501	*
5	1	1	1	10	2	991	351	7	7	0.000000	’
5	1	1	1	10	3	1075	338	78	31	0.000000	perreErer
5	1	1	1	10	4	1155	338	24	31	18.416071	itt
5	1	1	1	10	5	1184	352	49	7	0.000000	titer
5	1	1	1	10	6	1235	351	184	9	0.000000	eseervecteereserrersss
4	1	1	1	11	0	319	365	1101	8	-1	
5	1	1	1	11	1	319	365	7	7	48.122223	*
5	1	1	1	11	2	991	365	6	7	45.122910	*
5	1	1	1	11	3	1079	365	6	7	0.000000	*
5	1	1	1	11	4	1202	366	7	7	20.145826	*
5	1	1	1	11	5	1308	366	6	7	76.966415	*
5	1	1	1	11	6	1413	367	7	6	5.792761	.
4	1	1	1	12	0	266	381	1154	9	-1	
5	1	1	1	12	1	266	381	32	9	43.449699	NUM.
5	1	1	1	12	2	319	381	7	7	30.090366	*
5	1	1	1	12	3	991	381	6	7	51.213169	*
5	1	1	1	12	4	1078	381	7	7	27.668072	*
5	1	1	1	12	5	1202	382	7	7	53.188606	*
5	1	1	1	12	6	1308	382	7	7	88.595840	*
5	1	1	1	12	7	1414	383	6	6	68.506721	*
4	1	1	1	13	0	319	394	1100	11	-1	
5	1	1	1	13	1	319	395	7	7	0.000000	*
5	1	1	1	13	2	991	394	94	11	78.816063	*ESTABELE-*
5	1	1	1	13	3	1202	395	6	7	63.824001	*
5	1	1	1	13	4	1307	395	7	7	42.502445	+
5	1	1	1	13	5	1414	396	5	7	66.983398	+
4	1	1	1	14	0	319	410	1101	9	-1	
5	1	1	1	14	1	319	411	7	7	88.797684	:
5	1	1	1	14	2	991	410	6	6	35.677452	.
5	1	1	1	14	3	1079	410	6	7	41.786797	+
5	1	1	1	14	4	1202	411	7	7	1.797647	’
5	1	1	1	14	5	1307	411	6	7	19.118547	°
5	1	1	1	14	6	1413	412	7	7	46.289070	Ps
4	1	1	1	15	0	266	424	1154	11	-1	
5	1	1	1	15	1	266	425	60	9	54.201775	cet
5	1	1	1	15	2	549	424	119	11	0.000000	RICRORRESIOES)
5	1	1	1	15	3	680	424	87	10	78.166702	MUNICTPLOS
5	1	1	1	15	4	990	425	78	10	18.412857	*CIMENTOS
5	1	1	1	15	5	1078	425	6	7	67.744690	*
5	1	1	1	15	6	1202	426	5	7	48.317966	+
5	1	1	1	15	7	1308	426	6	7	85.281586	*
5	1	1	1	15	8	1413	427	7	6	62.873077	*
4	1	1	1	16	0	319	440	1100	10	-1	
5	1	1	1	16	1	319	441	7	7	0.000000	*
5	1	1	1	16	2	991	440	6	7	54.333569	>
5	1	1	1	16	3	1078	440	7	7	64.294342	*
5	1	1	1	16	4	1201	440	7	7	0.000000	*
5	1	1	1	16	5	1307	441	6	6	86.793991	*
5	1	1	1	16	6	1342	440	42	10	69.512817	MEDIA
5	1	1	1	16	7	1413	441	6	7	57.134052	*
4	1	1	1	17	0	319	453	1101	10	-1	
5	1	1	1	17	1	319	454	7	8	30.282875	*
5	1	1	1	17	2	990	454	7	7	59.141731	+
5	1	1	1	17	3	1008	454	25	9	44.644009	and
5	1	1	1	17	4	1044	454	14	9	83.822685	DE
5	1	1	1	17	5	1079	453	6	8	67.228867	+
5	1	1	1	17	6	1202	454	6	7	25.103607	e
5	1	1	1	17	7	1228	453	87	10	0.000000	Lisson
5	1	1	1	17	8	1413	455	7	7	51.182140	*
4	1	1	1	18	0	266	455	1154	31	-1	
5	1	1	1	18	1	266	468	24	10	37.324940	oR-
5	1	1	1	18	2	319	469	7	7	0.000000	#8
5	1	1	1	18	3	557	468	7	9	40.171947	©
5	1	1	1	18	4	575	468	59	10	85.754333	GENEROS
5	1	1	1	18	5	646	467	15	11	84.615479	DE
5	1	1	1	18	6	673	468	77	10	89.003166	INDUSTRIA
5	1	1	1	18	7	991	468	6	7	41.702545	.
5	1	1	1	18	8	1074	455	11	31	33.619392	Ps
5	1	1	1	18	9	1202	469	6	7	11.689339	*
5	1	1	1	18	10	1307	469	7	7	54.516747	*
5	1	1	1	18	11	1326	469	49	10	54.516747	MENSAL
5	1	1	1	18	12	1388	469	15	9	64.810806	DO
5	1	1	1	18	13	1414	469	6	7	64.810806	+
4	1	1	1	19	0	318	483	1102	10	-1	
5	1	1	1	19	1	318	483	7	8	52.808781	*
5	1	1	1	19	2	990	484	7	6	71.614197	*
5	1	1	1	19	3	1017	483	32	10	46.714626	1980
5	1	1	1	19	4	1078	483	7	7	46.714626	*
5	1	1	1	19	5	1107	472	9	31	34.827427	=
5	1	1	1	19	6	1123	483	40	10	0.000000	ToraL
5	1	1	1	19	7	1202	484	6	7	12.532883	+
5	1	1	1	19	8	1256	484	5	9	52.651363	4
5	1	1	1	19	9	1308	484	6	7	77.553200	*
5	1	1	1	19	10	1414	484	6	7	80.809143	*
4	1	1	1	20	0	319	484	1102	31	-1	
5	1	1	1	20	1	319	498	6	7	81.980179	*
5	1	1	1	20	2	986	484	11	31	41.571548	Ps
5	1	1	1	20	3	1074	484	11	31	55.857166	Ps
5	1	1	1	20	4	1202	498	6	7	44.457787	+
5	1	1	1	20	5	1308	499	7	6	69.226830	*
5	1	1	1	20	6	1334	498	59	10	0.000000	PESSUAL
5	1	1	1	20	7	1414	499	7	6	15.764723	*
4	1	1	1	21	0	265	511	1154	11	-1	
5	1	1	1	21	1	265	511	26	10	16.427965	ore
5	1	1	1	21	2	319	513	6	6	16.038103	®
5	1	1	1	21	3	990	512	6	7	0.000000	*
5	1	1	1	21	4	1078	512	6	7	32.766895	.
5	1	1	1	21	5	1202	512	6	7	72.564751	*
5	1	1	1	21	6	1218	512	69	10	21.577354	erepucKo
5	1	1	1	21	7	1307	513	6	6	80.176895	+
5	1	1	1	21	8	1413	513	6	7	45.979691	*
4	1	1	1	22	0	319	527	1100	11	-1	
5	1	1	1	22	1	319	527	7	8	18.169632	*
5	1	1	1	22	2	990	527	6	7	41.250175	*
5	1	1	1	22	3	1078	527	6	7	0.000000	*
5	1	1	1	22	4	1201	528	7	7	19.103174	.
5	1	1	1	22	5	1308	529	6	6	81.934456	*
5	1	1	1	22	6	1334	527	59	11	19.024944	ocupaco
5	1	1	1	22	7	1413	528	6	7	75.042366	+
4	1	1	1	23	0	319	529	1100	31	-1	
5	1	1	1	23	1	319	542	6	8	61.520134	*
5	1	1	1	23	2	990	542	7	7	29.290005	*
5	1	1	1	23	3	1077	542	7	7	73.521019	*
5	1	1	1	23	4	1201	542	6	7	37.452133	.
5	1	1	1	23	5	1303	529	11	31	34.126778	Ps
5	1	1	1	23	6	1413	543	6	7	54.958031	+
4	1	1	1	24	0	319	558	1101	8	-1	
5	1	1	1	24	1	319	558	6	8	65.401093	*
5	1	1	1	24	2	991	558	6	7	4.093456	*
5	1	1	1	24	3	1079	558	6	7	78.421494	*
5	1	1	1	24	4	1202	558	6	7	51.824627	*
5	1	1	1	24	5	1307	559	7	7	26.036005	.
5	1	1	1	24	6	1414	559	6	7	49.746304	*
4	1	1	1	25	0	318	571	1102	8	-1	
5	1	1	1	25	1	318	572	7	7	20.830841	‘
5	1	1	1	25	2	990	571	6	7	19.656610	.
5	1	1	1	25	3	1078	571	6	7	65.308441	>
5	1	1	1	25	4	1202	572	6	6	10.157938	*
5	1	1	1	25	5	1307	572	7	6	3.756084	.
5	1	1	1	25	6	1414	572	6	7	41.862698	*
4	1	1	1	26	0	318	586	1102	8	-1	
5	1	1	1	26	1	318	587	7	7	0.000000	*
5	1	1	1	26	2	990	586	6	7	31.455654	.
5	1	1	1	26	3	1078	587	6	6	33.243107	.
5	1	1	1	26	4	1201	587	7	7	55.930122	*
5	1	1	1	26	5	1307	587	7	7	8.931618	*
5	1	1	1	26	6	1413	588	7	6	0.000000	.
4	1	1	1	27	0	318	587	1101	31	-1	
5	1	1	1	27	1	318	601	7	7	61.723694	.
5	1	1	1	27	2	989	601	7	6	36.447746	.
5	1	1	1	27	3	1073	587	11	31	52.618370	Ps
5	1	1	1	27	4	1197	587	10	31	49.015537	Ps
5	1	1	1	27	5	1306	601	7	7	50.037437	+
5	1	1	1	27	6	1412	602	7	6	33.854313	*
4	1	1	1	28	0	255	615	1164	9	-1	
5	1	1	1	28	1	255	602	92	31	0.000000	rerterece
5	1	1	1	28	2	351	602	25	31	0.000000	tte
5	1	1	1	28	3	380	602	171	31	0.000000	rertrterttirtertrtir
5	1	1	1	28	4	556	602	34	31	0.000000	totic
5	1	1	1	28	5	602	602	55	31	0.000000	ttetrt
5	1	1	1	28	6	662	615	5	7	0.000000	i
5	1	1	1	28	7	677	602	78	31	0.000000	tctrttttr
5	1	1	1	28	8	757	602	28	31	0.000000	tits
5	1	1	1	28	9	801	616	44	7	13.509140	Serer
5	1	1	1	28	10	855	602	122	31	0.000000	retrerttttttl.
5	1	1	1	28	11	989	602	27	31	45.465439	fect
5	1	1	1	28	12	1023	602	94	31	5.249386	terererertr
5	1	1	1	28	13	1119	602	9	31	18.807487	ti
5	1	1	1	28	14	1137	602	35	31	33.576508	cect:
5	1	1	1	28	15	1183	602	11	31	0.000000	ne
5	1	1	1	28	16	1199	602	76	31	0.000000	Seseerert
5	1	1	1	28	17	1280	616	23	8	0.000000	iro
5	1	1	1	28	18	1305	602	94	31	0.000000	terteesrert
5	1	1	1	28	19	1400	602	19	31	7.927980	ras
4	1	1	1	29	0	274	658	1128	11	-1	
5	1	1	1	29	1	274	659	24	9	58.763294	713
5	1	1	1	29	2	345	658	68	11	39.174850	UNTOADES
5	1	1	1	29	3	425	658	85	11	89.517715	AUXILTARES
5	1	1	1	29	4	521	658	131	10	90.142357	ADMINISTRATIVAS
5	1	1	1	29	5	664	658	322	10	0.000000	(3)seeeececeseeeeeneeteeenentesceees
5	1	1	1	29	6	1051	658	15	10	32.662437	a.
5	1	1	1	29	7	1166	658	23	10	82.616905	658
5	1	1	1	29	8	1289	663	7	1	87.421097	-
5	1	1	1	29	9	1379	659	23	10	56.809006	ear
4	1	1	1	30	0	273	701	1128	11	-1	
5	1	1	1	30	1	273	703	23	9	0.000000	T1h
5	1	1	1	30	2	312	691	14	31	0.000000	—
5	1	1	1	30	3	336	702	76	10	49.444550	PARACAMBL
5	1	1	1	30	4	418	708	11	4	17.473450	es
5	1	1	1	30	5	435	706	550	6	0.000000	ecesceeasaneceeteteceseretsn
5	1	1	1	30	6	679	691	35	31	3.960724	ence
5	1	1	1	30	7	715	691	35	31	0.000000	ease
5	1	1	1	30	8	752	691	24	31	0.000000	een
5	1	1	1	30	9	777	691	48	31	0.000000	erenee
5	1	1	1	30	10	829	691	14	31	24.400139	en
5	1	1	1	30	11	847	691	17	31	0.000000	se
5	1	1	1	30	12	865	691	32	31	0.000000	tees
5	1	1	1	30	13	904	691	19	31	9.827271	net
5	1	1	1	30	14	927	691	19	31	0.000000	ee
5	1	1	1	30	15	953	691	35	31	24.846458	snes
5	1	1	1	30	16	1050	701	16	9	96.039124	38
5	1	1	1	30	17	1148	702	5	10	78.455269	1
5	1	1	1	30	18	1166	701	23	10	78.455269	546
5	1	1	1	30	19	1255	701	4	9	87.794853	1
5	1	1	1	30	20	1271	702	24	9	87.794853	470
5	1	1	1	30	21	1360	702	5	9	70.683868	1
5	1	1	1	30	22	1378	702	23	9	70.683868	520
4	1	1	1	31	0	274	731	1126	11	-1	
5	1	1	1	31	1	274	732	24	10	42.327171	TIS
5	1	1	1	31	2	344	732	69	10	35.867405	EXTRACKO
5	1	1	1	31	3	424	731	15	11	51.035065	DE
5	1	1	1	31	4	451	731	534	11	0.000000	_HINERATSseseseseeseecsecseevseserscteeseecneetetecensenetetes
5	1	1	1	31	5	1060	731	7	9	78.344536	6
5	1	1	1	31	6	1174	732	14	9	60.489155	a
5	1	1	1	31	7	1280	732	15	9	91.469009	19
5	1	1	1	31	8	1386	732	14	10	90.036964	31
4	1	1	1	32	0	274	745	1127	11	-1	
5	1	1	1	32	1	274	747	23	9	49.165352	m6
5	1	1	1	32	2	344	746	113	10	70.722832	TRANSFORMACKO
5	1	1	1	32	3	468	746	15	10	91.437927	DE
5	1	1	1	32	4	494	745	68	11	74.922180	PRODUTOS
5	1	1	1	32	5	574	746	15	9	85.795738	DE
5	1	1	1	32	6	600	745	69	11	85.795738	MINERATS
5	1	1	1	32	7	680	745	306	11	0.000000	NAO-METALICOS.+csscccsseeeecsscecee
5	1	1	1	32	8	1058	745	8	10	79.798904	2
5	1	1	1	32	9	1173	746	15	9	51.821640	4
5	1	1	1	32	10	1279	747	16	9	81.101936	39
5	1	1	1	32	11	1386	747	15	9	53.713951	42
4	1	1	1	33	0	274	760	1126	11	-1	
5	1	1	1	33	1	274	761	23	10	53.930607	n?
5	1	1	1	33	2	344	761	641	10	0.000000	METALURGICAseeeceeeccsereteseteesteestenteenetetettiereehenestenecnerergt
5	1	1	1	33	3	1061	761	5	9	91.905807	2
5	1	1	1	33	4	1167	760	20	11	15.346107	a)
5	1	1	1	33	5	1273	761	21	10	29.201031	oo
5	1	1	1	33	6	1379	761	21	10	35.985878	wm
4	1	1	1	34	0	273	780	1127	31	-1	
5	1	1	1	34	1	273	791	24	10	69.262405	79
5	1	1	1	34	2	340	780	27	31	0.000000	iis
5	1	1	1	34	3	383	780	602	31	0.000000	 DeSPaDUSNeTSSaSOSETSTSOSSTSeETISSTSererrarrverreeersreeretrerarveys
5	1	1	1	34	4	1059	791	7	9	84.694290	6
5	1	1	1	34	5	1165	791	23	10	91.984268	993
5	1	1	1	34	6	1271	791	24	10	91.498077	993
5	1	1	1	34	7	1377	791	23	10	67.027702	974
4	1	1	1	35	0	272	806	1128	12	-1	
5	1	1	1	35	1	272	806	25	11	92.249413	720
5	1	1	1	35	2	344	806	85	12	82.517303	VESTUARTO,
5	1	1	1	35	3	440	806	68	10	88.284615	CALCADOS
5	1	1	1	35	4	520	807	6	10	38.536282	€
5	1	1	1	35	5	537	806	78	10	85.824265	ARTEFATOS
5	1	1	1	35	6	625	806	16	10	89.416306	DE
5	1	1	1	35	7	652	806	333	11	0.000000	TECIOOSsscecesecenccccecesceseeceteeee
5	1	1	1	35	8	1059	807	7	8	93.040215	4
5	1	1	1	35	9	1165	807	23	9	86.389977	203
5	1	1	1	35	10	1271	807	22	10	28.535156	191
5	1	1	1	35	11	1377	807	23	10	63.514275	191
4	1	1	1	36	0	273	821	1128	11	-1	
5	1	1	1	36	1	273	822	24	9	27.957850	TRL
5	1	1	1	36	2	343	821	69	11	68.281387	PRODUTOS
5	1	1	1	36	3	424	821	101	10	59.603165	ALIMENTARES.
5	1	1	1	36	4	530	826	455	5	0.000000	veeeeeseeveveteeeeeeercrseecesseeereseeeetesnerecees
5	1	1	1	36	5	1051	821	15	10	84.825180	12
5	1	1	1	36	6	1174	821	15	10	92.695915	54
5	1	1	1	36	7	1279	822	16	9	95.002106	28
5	1	1	1	36	8	1385	822	16	10	70.735435	13
4	1	1	1	37	0	274	836	1125	10	-1	
5	1	1	1	37	1	274	836	23	10	48.748024	ree
5	1	1	1	37	2	344	836	77	10	89.798393	EDITORIAL
5	1	1	1	37	3	433	836	6	9	72.294670	E
5	1	1	1	37	4	450	836	76	10	0.000000	GRAFICAsy
5	1	1	1	37	5	531	841	31	4	0.000000	rece
5	1	1	1	37	6	568	841	416	5	0.000000	cevsccctoececcarsenteneececneeteeee
5	1	1	1	37	7	892	825	22	31	0.000000	ren
5	1	1	1	37	8	918	825	71	31	0.000000	ereeeeee
5	1	1	1	37	9	1059	836	7	9	96.379425	2
5	1	1	1	37	10	1167	836	19	10	11.976633	Oa)
5	1	1	1	37	11	1271	836	22	10	23.616943	ra
5	1	1	1	37	12	1379	837	20	9	68.122253	bo
4	1	1	1	38	0	273	850	1126	12	-1	
5	1	1	1	38	1	273	850	25	11	27.575012	723
5	1	1	1	38	2	343	850	77	11	27.575012	DIVERSAS.
5	1	1	1	38	3	426	856	11	4	0.000000	cs
5	1	1	1	38	4	442	856	83	5	0.000000	veeecscasc
5	1	1	1	38	5	531	856	29	4	0.000000	rect
5	1	1	1	38	6	566	856	74	4	0.000000	cccccesnt
5	1	1	1	38	7	646	856	30	4	0.000000	ston
5	1	1	1	38	8	681	856	22	4	0.000000	ene
5	1	1	1	38	9	715	856	33	4	0.000000	seen
5	1	1	1	38	10	752	856	56	4	0.000000	eenecet
5	1	1	1	38	11	814	856	30	4	0.000000	ener
5	1	1	1	38	12	850	856	21	4	0.000000	snt
5	1	1	1	38	13	876	856	21	4	0.000000	een
5	1	1	1	38	14	902	856	83	5	0.000000	eeeepeaede
5	1	1	1	38	15	1060	851	6	9	0.000000	d
5	1	1	1	38	16	1165	851	22	10	9.429808	on
5	1	1	1	38	17	1271	851	21	10	22.944832	oa
5	1	1	1	38	18	1378	851	21	11	43.425713	on
4	1	1	1	39	0	273	856	1126	31	-1	
5	1	1	1	39	1	273	866	23	10	62.990818	724
5	1	1	1	39	2	344	866	68	10	55.796059	UNIDADES
5	1	1	1	39	3	423	866	86	10	82.825211	AUXILIARES
5	1	1	1	39	4	520	865	130	11	27.149687	AOMINISTRATIVAS
5	1	1	1	39	5	663	866	21	10	55.363964	(3)
5	1	1	1	39	6	690	871	295	5	0.000000	cececsececesenccceteeseneeenereter
5	1	1	1	39	7	1060	866	5	10	95.982971	2
5	1	1	1	39	8	1163	856	24	31	25.487833	rr)
5	1	1	1	39	9	1289	871	7	2	47.011017	~
5	1	1	1	39	10	1379	867	20	11	35.222775	on
4	1	1	1	40	0	273	909	1128	12	-1	
5	1	1	1	40	1	273	910	23	9	44.812244	25
5	1	1	1	40	2	335	909	25	10	70.206779	SRO
5	1	1	1	40	3	371	909	67	11	40.684849	GONCALOs
5	1	1	1	40	4	444	915	12	4	18.726530	ve
5	1	1	1	40	5	461	915	524	5	0.000000	ceeececesseceeeeceseteese
5	1	1	1	40	6	679	899	35	31	0.000000	ener
5	1	1	1	40	7	715	899	79	31	0.000000	ecneneeee
5	1	1	1	40	8	796	899	24	31	0.000000	nen
5	1	1	1	40	9	821	899	105	31	0.000000	eneteetecnen
5	1	1	1	40	10	927	899	17	31	16.578598	er
5	1	1	1	40	11	945	899	43	31	0.000000	eenes
5	1	1	1	40	12	1042	910	24	9	82.306381	622
5	1	1	1	40	13	1140	910	14	10	90.714516	14
5	1	1	1	40	14	1166	910	22	10	90.714516	361
5	1	1	1	40	15	1245	910	14	10	13.739052	it
5	1	1	1	40	16	1272	910	23	10	87.171951	537
5	1	1	1	40	17	1352	911	14	9	71.642372	13
5	1	1	1	40	18	1377	911	24	10	71.642372	903
4	1	1	1	41	0	274	939	1127	12	-1	
5	1	1	1	41	1	274	939	23	10	64.476273	726
5	1	1	1	41	2	344	939	69	11	13.535318	EXTRACAO
5	1	1	1	41	3	424	939	15	10	86.374008	DE
5	1	1	1	41	4	451	939	75	10	53.422119	MINERALS.
5	1	1	1	41	5	531	944	454	6	0.000000	coeeceanceececeeeeesaecscecnereesn
5	1	1	1	41	6	830	928	32	31	16.462002	sete
5	1	1	1	41	7	867	928	122	31	0.000000	teeeaeseetetee
5	1	1	1	41	8	1060	940	6	9	85.396133	7
5	1	1	1	41	9	1174	941	14	9	80.516174	n
5	1	1	1	41	10	1280	941	14	10	90.369446	51
5	1	1	1	41	11	1385	941	16	10	56.169662	63
4	1	1	1	42	0	272	954	1129	12	-1	
5	1	1	1	42	1	272	955	25	9	0.000000	727
5	1	1	1	42	2	343	954	114	10	55.593292	TRANSFORMACAD
5	1	1	1	42	3	468	955	15	10	92.700447	DE
5	1	1	1	42	4	494	954	68	11	89.422356	PRODUTOS
5	1	1	1	42	5	574	955	15	9	93.166473	DE
5	1	1	1	42	6	600	954	68	11	31.084509	MINERATS
5	1	1	1	42	7	680	955	145	10	0.000000	NAO-METALICOS..c,
5	1	1	1	42	8	833	960	11	4	0.000000	se
5	1	1	1	42	9	851	960	135	5	0.000000	seeerereseereree
5	1	1	1	42	10	1050	955	16	10	84.362305	79
5	1	1	1	42	11	1148	955	5	10	38.896900	1
5	1	1	1	42	12	1165	955	24	10	65.986938	28%
5	1	1	1	42	13	1254	956	41	9	8.251238	La3a
5	1	1	1	42	14	1360	956	5	10	63.776970	1
5	1	1	1	42	15	1377	956	24	10	63.776970	244
4	1	1	1	43	0	272	968	1130	12	-1	
5	1	1	1	43	1	272	969	24	10	43.503555	128
5	1	1	1	43	2	342	968	643	11	0.000000	METALURGICAseseeesecateecer
5	1	1	1	43	3	583	958	21	31	0.000000	ces
5	1	1	1	43	4	609	958	104	31	0.000000	sssteeeteese
5	1	1	1	43	5	714	958	53	31	0.000000	sateen
5	1	1	1	43	6	769	958	42	31	0.000000	eterc
5	1	1	1	43	7	813	958	14	31	0.000000	ns
5	1	1	1	43	8	833	958	14	31	0.000000	ye
5	1	1	1	43	9	849	958	45	31	0.000000	nsec
5	1	1	1	43	10	900	958	17	31	2.123194	ee
5	1	1	1	43	11	919	958	70	31	0.000000	neneneee
5	1	1	1	43	12	1050	969	15	10	53.055519	61
5	1	1	1	43	13	1149	969	4	9	79.505699	1
5	1	1	1	43	14	1165	969	24	10	79.505699	456
5	1	1	1	43	15	1255	970	4	9	68.749214	1
5	1	1	1	43	16	1271	970	24	9	68.749214	307
5	1	1	1	43	17	1361	970	4	10	69.016472	1
5	1	1	1	43	18	1377	970	25	10	69.016472	429
4	1	1	1	44	0	273	983	1128	11	-1	
5	1	1	1	44	1	273	984	24	9	44.388618	729
5	1	1	1	44	2	343	983	59	11	0.000000	HECANTC
5	1	1	1	44	3	405	984	33	10	0.000000	Rate
5	1	1	1	44	4	442	989	542	5	0.000000	eeeccecceceeceteuee
5	1	1	1	44	5	610	973	13	31	12.958164	ee
5	1	1	1	44	6	628	973	50	31	0.000000	seceee
5	1	1	1	44	7	679	973	37	31	0.000000	nsec
5	1	1	1	44	8	726	973	6	31	0.000000	s
5	1	1	1	44	9	734	973	16	31	10.301380	ee
5	1	1	1	44	10	754	973	22	31	0.000000	nee
5	1	1	1	44	11	777	973	17	31	29.093136	ee
5	1	1	1	44	12	798	973	22	31	0.000000	Eee
5	1	1	1	44	13	821	973	25	31	0.000000	ese
5	1	1	1	44	14	850	973	21	31	0.000000	det
5	1	1	1	44	15	876	973	24	31	0.000000	eee
5	1	1	1	44	16	901	973	17	31	0.000000	ee
5	1	1	1	44	17	920	973	24	31	0.000000	eee
5	1	1	1	44	18	945	973	7	31	0.000000	n
5	1	1	1	44	19	956	973	32	31	0.000000	ewes
5	1	1	1	44	20	1050	984	16	9	88.946571	24
5	1	1	1	44	21	1148	984	5	10	74.041046	1
5	1	1	1	44	22	1165	985	23	9	74.041046	065
5	1	1	1	44	23	1271	985	24	9	77.644569	267
5	1	1	1	44	24	1361	985	40	9	52.313858	1009
4	1	1	1	45	0	272	998	1128	12	-1	
5	1	1	1	45	1	272	998	24	10	52.216381	730
5	1	1	1	45	2	342	998	69	10	9.324741	MATERIAL
5	1	1	1	45	3	422	998	69	10	58.645550	ELETRICO
5	1	1	1	45	4	502	998	6	10	47.571449	E
5	1	1	1	45	5	519	998	16	11	78.413582	DE
5	1	1	1	45	6	545	998	439	11	72.077148	COMUNICACOES.
5	1	1	1	45	7	663	987	14	31	29.965153	sc
5	1	1	1	45	8	681	998	303	11	0.000000	cessccececsccecrecteesarceseeeeress
5	1	1	1	45	9	1059	999	7	9	63.646843	é
5	1	1	1	45	10	1165	999	23	10	77.000153	523
5	1	1	1	45	11	1271	1000	24	9	84.272179	384
5	1	1	1	45	12	1377	1000	23	10	92.489166	594
4	1	1	1	46	0	272	1012	1129	12	-1	
5	1	1	1	46	1	272	1012	23	10	93.982544	731
5	1	1	1	46	2	342	1012	69	10	25.071402	MATERIAL
5	1	1	1	46	3	422	1012	15	9	86.951653	DE
5	1	1	1	46	4	449	1012	535	11	0.000000	TRANSPORTEscesesececeeecccccccecececescecrsntccnnecenrenesres
5	1	1	1	46	5	1059	1013	7	9	91.889709	7
5	1	1	1	46	6	1166	1013	23	9	90.848969	190
5	1	1	1	46	7	1271	1014	24	9	78.793938	173
5	1	1	1	46	8	1377	1014	24	10	96.709045	200
4	1	1	1	47	0	271	1027	1129	11	-1	
5	1	1	1	47	1	271	1028	25	9	27.195482	cP
5	1	1	1	47	2	295	1016	47	31	27.195482	an
5	1	1	1	47	3	354	1016	41	31	33.493294	CLA)
5	1	1	1	47	4	403	1016	51	31	0.000000	COeeere
5	1	1	1	47	5	465	1033	16	4	0.000000	Er
5	1	1	1	47	6	489	1016	53	31	0.000000	Sseretr
5	1	1	1	47	7	553	1016	30	31	20.790077	Seer
5	1	1	1	47	8	589	1032	59	5	0.000000	Sretert
5	1	1	1	47	9	659	1032	14	5	0.000000	tr
5	1	1	1	47	10	675	1016	80	31	0.000000	ererseesse
5	1	1	1	47	11	765	1033	24	4	0.000000	rst
5	1	1	1	47	12	794	1033	3	4	0.000000	r
5	1	1	1	47	13	803	1033	38	4	0.000000	seer
5	1	1	1	47	14	843	1016	16	31	0.000000	er
5	1	1	1	47	15	863	1016	14	31	0.000000	tr
5	1	1	1	47	16	883	1016	101	31	0.000000	tSssesrereees
5	1	1	1	47	17	1058	1028	7	8	72.599144	4
5	1	1	1	47	18	1165	1028	23	10	15.023260	27a
5	1	1	1	47	19	1270	1028	24	10	95.961563	246
5	1	1	1	47	20	1377	1029	23	9	94.657341	254
4	1	1	1	48	0	272	1042	1127	11	-1	
5	1	1	1	48	1	272	1042	24	11	87.309914	733
5	1	1	1	48	2	343	1042	579	10	0.000000	MOBILIARIOscscreacccetecsescecrectoecceceeesereeseceecnssceeerenre
5	1	1	1	48	3	930	1048	18	4	0.000000	er
5	1	1	1	48	4	953	1048	31	4	0.000000	eene
5	1	1	1	48	5	1049	1042	16	9	88.098267	49
5	1	1	1	48	6	1164	1043	24	9	94.361717	459
5	1	1	1	48	7	1269	1043	25	9	96.405243	334
5	1	1	1	48	8	1376	1043	23	10	70.169571	491
4	1	1	1	49	0	272	1046	1128	31	-1	
5	1	1	1	49	1	272	1056	24	10	80.251221	734
5	1	1	1	49	2	343	1056	41	10	72.981300	PAPEL
5	1	1	1	49	3	396	1057	6	9	45.793816	E
5	1	1	1	49	4	413	1056	76	10	0.000000	PAPELEOss
5	1	1	1	49	5	496	1062	10	4	40.378361	cc
5	1	1	1	49	6	512	1062	472	5	0.000000	cieesecncucccserceseseecsnereeaeseceeeeeee
5	1	1	1	49	7	884	1046	42	31	0.000000	renee
5	1	1	1	49	8	928	1046	21	31	0.000000	een
5	1	1	1	49	9	953	1046	35	31	0.000000	enee
5	1	1	1	49	10	1049	1056	15	10	57.579514	a
5	1	1	1	49	11	1164	1057	25	10	73.315163	223
5	1	1	1	49	12	1269	1046	25	31	13.001366	2Aa4
5	1	1	1	49	13	1375	1057	25	11	95.079384	318
4	1	1	1	50	0	272	1062	1127	31	-1	
5	1	1	1	50	1	272	1072	24	9	87.920944	735
5	1	1	1	50	2	343	1071	84	11	69.167892	BORRACHAs+
5	1	1	1	50	3	434	1077	11	4	4.750586	es
5	1	1	1	50	4	451	1077	269	5	0.000000	sescccccsterscecnscneeseesncsce
5	1	1	1	50	5	726	1077	20	4	0.000000	ses
5	1	1	1	50	6	752	1077	21	4	0.000000	nee
5	1	1	1	50	7	778	1077	21	4	0.000000	ese
5	1	1	1	50	8	804	1078	4	3	0.000000	n
5	1	1	1	50	9	814	1077	11	5	0.000000	ee
5	1	1	1	50	10	835	1077	26	4	14.839563	eee
5	1	1	1	50	11	866	1077	12	4	14.839563	ee
5	1	1	1	50	12	884	1078	12	3	30.386967	re
5	1	1	1	50	13	904	1078	18	3	0.000000	cee
5	1	1	1	50	14	930	1077	36	4	0.000000	repo
5	1	1	1	50	15	972	1078	12	4	0.000000	ee
5	1	1	1	50	16	1060	1072	4	9	93.622139	1
5	1	1	1	50	17	1167	1072	19	10	31.372948	oo
5	1	1	1	50	18	1272	1062	21	31	45.155151	ira)
5	1	1	1	50	19	1378	1073	21	10	67.573051	00
4	1	1	1	51	0	272	1086	703	11	-1	
5	1	1	1	51	1	272	1087	24	9	48.019371	736
5	1	1	1	51	2	341	1086	53	10	82.484451	COUROS
5	1	1	1	51	3	404	1087	6	9	60.277473	€
5	1	1	1	51	4	423	1086	41	10	60.277473	PELES
5	1	1	1	51	5	475	1086	6	10	59.293880	E
5	1	1	1	51	6	493	1086	68	11	76.409996	PRODUTOS
5	1	1	1	51	7	573	1086	83	11	90.800812	SIMILARES,
5	1	1	1	51	8	669	1086	6	9	80.912010	F
5	1	1	1	51	9	688	1086	76	10	90.465401	ARTEFATOS
5	1	1	1	51	10	777	1086	13	10	66.498291	Of
5	1	1	1	51	11	802	1086	61	10	90.570595	SELARTA
5	1	1	1	51	12	874	1086	6	10	77.822723	E
5	1	1	1	51	13	890	1086	85	11	90.239975	CORREARTA,
4	1	1	1	52	0	351	1099	1048	12	-1	
5	1	1	1	52	1	351	1101	34	9	93.095131	PARA
5	1	1	1	52	2	395	1100	51	10	91.415871	VIAGEM
5	1	1	1	52	3	458	1100	6	10	41.187634	€
5	1	1	1	52	4	474	1100	26	10	91.932747	USO
5	1	1	1	52	5	511	1100	58	11	91.254677	PESSOAL
5	1	1	1	52	6	581	1104	7	2	40.821228	-
5	1	1	1	52	7	599	1100	76	10	93.260178	EXCLUSIVE
5	1	1	1	52	8	687	1099	69	11	92.814041	CALCADOS
5	1	1	1	52	9	767	1100	6	10	22.671219	£
5	1	1	1	52	10	785	1100	59	10	92.234589	ARTIGOS
5	1	1	1	52	11	856	1100	15	10	91.473389	DO
5	1	1	1	52	12	882	1100	102	11	69.921967	VESTUARTO...
5	1	1	1	52	13	1058	1100	6	10	96.673248	2
5	1	1	1	52	14	1166	1101	21	9	73.745621	bo
5	1	1	1	52	15	1271	1101	22	10	30.041424	od
5	1	1	1	52	16	1378	1101	21	10	54.432137	vo
4	1	1	1	53	0	271	1115	1128	11	-1	
5	1	1	1	53	1	271	1115	23	10	0.000000	Ta7
5	1	1	1	53	2	341	1115	431	10	0.000000	QUIMICAscesescaecscsecrcectereescetereencheneen
5	1	1	1	53	3	777	1121	30	4	2.814093	tent
5	1	1	1	53	4	812	1120	66	5	0.000000	esteeeee
5	1	1	1	53	5	883	1121	12	4	0.000000	ee
5	1	1	1	53	6	900	1121	21	4	0.000000	een
5	1	1	1	53	7	926	1121	57	4	0.000000	arenes
5	1	1	1	53	8	1058	1115	7	9	68.613174	9
5	1	1	1	53	9	1146	1115	5	10	61.578636	1
5	1	1	1	53	10	1164	1115	23	10	61.578636	077
5	1	1	1	53	11	1269	1116	25	9	70.059616	825
5	1	1	1	53	12	1376	1117	23	9	85.826218	903
4	1	1	1	54	0	271	1130	1128	12	-1	
5	1	1	1	54	1	271	1130	24	10	23.489403	FBR
5	1	1	1	54	2	341	1130	70	10	46.801567	PROOUTOS
5	1	1	1	54	3	421	1130	113	10	51.557724	FARMACEUTICOS
5	1	1	1	54	4	545	1130	7	10	77.208107	E
5	1	1	1	54	5	563	1130	110	10	48.664062	VETERINARIOS.
5	1	1	1	54	6	680	1135	303	6	0.000000	.cccecececaceesorcetesnececnenenees
5	1	1	1	54	7	1057	1131	7	9	93.582153	4
5	1	1	1	54	8	1164	1131	23	9	88.176003	619
5	1	1	1	54	9	1270	1131	24	10	92.232452	576
5	1	1	1	54	10	1376	1131	23	11	86.643341	593
4	1	1	1	55	0	272	1144	1127	12	-1	
5	1	1	1	55	1	272	1145	24	9	1.171799	729
5	1	1	1	55	2	322	1133	19	31	24.639463	-
5	1	1	1	55	3	342	1144	94	11	71.253937	PERFUMARTAy
5	1	1	1	55	4	449	1144	50	11	65.191948	SASOES
5	1	1	1	55	5	511	1145	6	10	59.475700	€
5	1	1	1	55	6	528	1144	455	11	0.000000	VELASsescesereessercaroecscrccrsrcesecscenenesereree
5	1	1	1	55	7	1058	1145	6	9	95.175690	5
5	1	1	1	55	8	1172	1145	15	10	82.471840	33
5	1	1	1	55	9	1277	1146	16	9	95.186974	49
5	1	1	1	55	10	1384	1146	15	10	84.841675	33
4	1	1	1	56	0	272	1159	1127	11	-1	
5	1	1	1	56	1	272	1159	24	10	46.400742	T4O
5	1	1	1	56	2	311	1148	30	31	0.000000	_—-
5	1	1	1	56	3	342	1159	69	10	46.646835	PRODUTOS
5	1	1	1	56	4	422	1159	15	9	58.476101	DE
5	1	1	1	56	5	448	1159	69	10	58.476101	MATERTAS
5	1	1	1	56	6	528	1159	456	10	0.000000	PLASTICASccccsescscccssececescreoscesecsesecretesnes
5	1	1	1	56	7	1050	1160	16	9	68.365570	10
5	1	1	1	56	8	1164	1159	24	10	79.965797	503
5	1	1	1	56	9	1268	1160	26	10	72.922203	482
5	1	1	1	56	10	1376	1161	23	9	92.892838	524
4	1	1	1	57	0	271	1173	1128	12	-1	
5	1	1	1	57	1	271	1174	23	9	28.574934	ToL
5	1	1	1	57	2	341	1173	86	11	72.230141	VESTUARIOs
5	1	1	1	57	3	438	1173	69	10	86.072235	CALCADOS
5	1	1	1	57	4	518	1173	7	9	59.792557	E
5	1	1	1	57	5	536	1173	77	11	88.342331	ARTEFATOS
5	1	1	1	57	6	624	1173	16	10	91.901382	DE
5	1	1	1	57	7	652	1173	331	11	0.000000	TECIDOS...secsccecssceuccececeeseecece
5	1	1	1	57	8	1049	1174	15	9	79.544052	70
5	1	1	1	57	9	1147	1174	5	10	84.056137	1
5	1	1	1	57	10	1164	1174	24	10	84.056137	370
5	1	1	1	57	11	1253	1174	5	10	68.765617	1
5	1	1	1	57	12	1271	1174	23	10	68.765617	128
5	1	1	1	57	13	1359	1175	40	10	77.190247	1231
4	1	1	1	58	0	271	1188	1129	12	-1	
5	1	1	1	58	1	271	1188	24	10	76.155357	142
5	1	1	1	58	2	342	1188	69	10	91.960136	PRODUTOS
5	1	1	1	58	3	422	1188	101	11	0.000000	ALIMENTARESs
5	1	1	1	58	4	530	1193	453	5	0.000000	teeeceasceecececctaeeececeecesaronersescnensereen
5	1	1	1	58	5	960	1177	27	31	7.532272	eee
5	1	1	1	58	6	1041	1188	23	10	94.695549	223
5	1	1	1	58	7	1146	1189	6	9	71.665016	3
5	1	1	1	58	8	1165	1189	22	10	52.217514	865
5	1	1	1	58	9	1253	1189	5	10	70.585411	2
5	1	1	1	58	10	1269	1189	25	10	70.585411	785
5	1	1	1	58	11	1358	1189	42	11	13.613834	3770
4	1	1	1	59	0	272	1203	1128	11	-1	
5	1	1	1	59	1	272	1203	23	10	36.422218	143
5	1	1	1	59	2	342	1203	59	10	13.273087	BEBLOAS
5	1	1	1	59	3	407	1209	10	4	0.000000	sa
5	1	1	1	59	4	422	1208	561	5	0.000000	aceecacsacecetecece
5	1	1	1	59	5	598	1192	24	31	0.000000	ese
5	1	1	1	59	6	627	1192	32	31	0.000000	tose
5	1	1	1	59	7	660	1192	32	31	0.000000	eset
5	1	1	1	59	8	696	1192	22	31	4.497223	esa
5	1	1	1	59	9	722	1192	30	31	0.000000	tee
5	1	1	1	59	10	758	1192	32	31	0.000000	eset
5	1	1	1	59	11	795	1192	26	31	3.714018	eee
5	1	1	1	59	12	831	1192	47	31	0.721340	cerns
5	1	1	1	59	13	882	1192	27	31	0.000000	nen
5	1	1	1	59	14	916	1192	9	31	0.000000	e
5	1	1	1	59	15	926	1192	25	31	0.000000	ner
5	1	1	1	59	16	952	1192	35	31	0.000000	eree
5	1	1	1	59	17	1058	1204	7	9	93.552246	6
5	1	1	1	59	18	1164	1204	24	10	94.798515	135
5	1	1	1	59	19	1278	1204	16	10	46.049248	Bo
5	1	1	1	59	20	1376	1205	24	9	96.570023	167
4	1	1	1	60	0	271	1218	1129	11	-1	
5	1	1	1	60	1	271	1218	24	10	54.222382	744
5	1	1	1	60	2	342	1218	76	10	90.285889	EDITORIAL
5	1	1	1	60	3	430	1218	7	9	76.443588	E
5	1	1	1	60	4	448	1218	535	10	0.000000	GRAFICAsccseececscereccecseceseteececestren
5	1	1	1	60	5	828	1207	17	31	0.000000	er
5	1	1	1	60	6	846	1218	137	10	0.000000	eseeneneerenerne
5	1	1	1	60	7	1049	1218	15	10	85.468056	18
5	1	1	1	60	8	1164	1219	23	9	68.111305	152
5	1	1	1	60	9	1270	1219	23	10	28.778252	rea
5	1	1	1	60	10	1377	1219	23	10	76.732971	140
4	1	1	1	61	0	270	1222	1129	31	-1	
5	1	1	1	61	1	270	1233	25	10	8.517790	TAS
5	1	1	1	61	2	340	1233	70	10	46.725483	DIVERSAS
5	1	1	1	61	3	415	1238	567	5	0.000000	 anececceaseneesceccecscecrsceaeaeatenerecersse
5	1	1	1	61	4	829	1222	63	31	0.000000	testes
5	1	1	1	61	5	898	1222	87	31	0.000000	eceneneeee
5	1	1	1	61	6	1049	1233	15	10	78.221207	15
5	1	1	1	61	7	1164	1233	22	10	88.552177	762
5	1	1	1	61	8	1269	1222	23	31	43.234299	675
5	1	1	1	61	9	1375	1234	24	10	96.070381	830
4	1	1	1	62	0	272	1246	694	12	-1	
5	1	1	1	62	1	272	1248	23	9	62.838245	746
5	1	1	1	62	2	341	1247	23	10	0.000000	UNI
5	1	1	1	62	3	369	1247	42	11	0.000000	DADES
5	1	1	1	62	4	422	1247	85	10	89.468536	AUXILIARES
5	1	1	1	62	5	519	1247	15	9	91.005386	DE
5	1	1	1	62	6	545	1247	43	11	83.612007	APOTO
5	1	1	1	62	7	599	1246	101	12	66.279312	(UTILIDADES)
5	1	1	1	62	8	713	1248	7	9	90.293068	E
5	1	1	1	62	9	730	1247	17	9	92.120415	DE
5	1	1	1	62	10	757	1247	69	11	56.376923	SERVICGS
5	1	1	1	62	11	836	1247	17	10	68.181023	OE
5	1	1	1	62	12	863	1247	68	10	85.737839	NATUREZA
5	1	1	1	62	13	943	1247	23	10	80.947807	IN-
4	1	1	1	63	0	351	1262	1047	12	-1	
5	1	1	1	63	1	351	1262	368	10	0.000000	DUSTRIALssesseeveecetatacceesesersesncteee
5	1	1	1	63	2	726	1267	37	5	0.000000	tents
5	1	1	1	63	3	769	1268	55	4	0.000000	teaence
5	1	1	1	63	4	832	1268	45	4	0.000000	Sennen
5	1	1	1	63	5	882	1268	30	5	0.000000	ates
5	1	1	1	63	6	918	1268	21	5	0.000000	gee
5	1	1	1	63	7	944	1268	39	4	0.000000	nenes
5	1	1	1	63	8	1058	1263	6	9	78.558357	6
5	1	1	1	63	9	1163	1263	24	10	66.639557	se
5	1	1	1	63	10	1277	1264	15	9	65.356171	94
5	1	1	1	63	11	1376	1264	22	10	30.070028	yt
4	1	1	1	64	0	271	1277	1129	11	-1	
5	1	1	1	64	1	271	1278	24	9	20.510220	TeT
5	1	1	1	64	2	313	1267	19	31	18.812141	—
5	1	1	1	64	3	341	1278	69	10	52.164223	UNIDADES
5	1	1	1	64	4	422	1277	85	11	72.289291	AUXILIARES
5	1	1	1	64	5	518	1277	131	11	79.625458	ADMINISTRATIVAS
5	1	1	1	64	6	661	1277	21	10	20.935163	(3)
5	1	1	1	64	7	688	1284	21	3	0.000000	esc
5	1	1	1	64	8	715	1283	268	5	0.000000	cecceeeceecesteereececneerenes
5	1	1	1	64	9	1058	1278	7	9	94.165825	4
5	1	1	1	64	10	1172	1279	15	9	78.206902	46
5	1	1	1	64	11	1286	1282	8	3	78.497536	-
5	1	1	1	64	12	1384	1279	16	9	92.590164	50
4	1	1	1	65	0	270	1320	1129	12	-1	
5	1	1	1	65	1	270	1321	24	10	37.816849	148
5	1	1	1	65	2	332	1321	25	9	42.816902	SHO
5	1	1	1	65	3	368	1321	33	10	42.816902	JOBO
5	1	1	1	65	4	412	1320	16	10	84.134384	DE
5	1	1	1	65	5	439	1320	49	11	19.732876	HERITI
5	1	1	1	65	6	495	1327	19	4	0.000000	oes
5	1	1	1	65	7	519	1326	21	4	0.000000	eca
5	1	1	1	65	8	546	1326	30	4	0.000000	even
5	1	1	1	65	9	582	1326	401	5	0.000000	ececceceeneteeeeenerersecesnes
5	1	1	1	65	10	855	1310	42	31	0.000000	onsen
5	1	1	1	65	11	898	1310	14	31	0.000000	es
5	1	1	1	65	12	917	1310	70	31	0.000000	steteeee
5	1	1	1	65	13	1039	1321	24	9	94.686104	423
5	1	1	1	65	14	1146	1321	6	9	88.797287	5
5	1	1	1	65	15	1163	1321	24	10	87.556503	266
5	1	1	1	65	16	1252	1322	41	9	66.277092	3976
5	1	1	1	65	17	1358	1322	5	9	90.635384	5
5	1	1	1	65	18	1376	1322	23	10	56.933159	084
4	1	1	1	66	0	271	1350	1128	12	-1	
5	1	1	1	66	1	271	1351	24	10	64.011887	149
5	1	1	1	66	2	342	1350	113	10	85.437241	TRANSFORMACAO
5	1	1	1	66	3	466	1351	15	10	74.845741	OE
5	1	1	1	66	4	492	1350	68	11	90.746803	PRODUTOS
5	1	1	1	66	5	572	1351	15	9	92.729660	DE
5	1	1	1	66	6	598	1350	68	10	63.239971	MINCRATS
5	1	1	1	66	7	678	1350	305	11	0.000000	NAD-METALICOS..
5	1	1	1	66	8	810	1339	14	31	0.000000	s+
5	1	1	1	66	9	828	1339	17	31	0.000000	se
5	1	1	1	66	10	846	1350	137	11	0.000000	vseeesseeeseeeee
5	1	1	1	66	11	1048	1351	15	10	82.380882	18
5	1	1	1	66	12	1163	1351	24	10	96.272789	233
5	1	1	1	66	13	1270	1352	23	9	83.418121	186
5	1	1	1	66	14	1375	1352	24	10	93.099762	243
4	1	1	1	67	0	270	1364	1127	12	-1	
5	1	1	1	67	1	270	1365	24	10	0.000000	15D
5	1	1	1	67	2	315	1354	14	31	7.275295	—
5	1	1	1	67	3	340	1364	642	11	0.000000	HETALURGICAssecaesnseccertecesececeseeresseteetseeesneeeeesennsereeeen
5	1	1	1	67	4	1049	1365	15	10	79.680237	80
5	1	1	1	67	5	1163	1365	23	10	46.241463	56
5	1	1	1	67	6	1267	1366	25	9	55.386143	are
5	1	1	1	67	7	1374	1366	23	10	85.703300	572
4	1	1	1	68	0	270	1368	1129	31	-1	
5	1	1	1	68	1	270	1380	23	9	83.250061	751
5	1	1	1	68	2	341	1379	642	10	0.000000	MECANICAccescrsccccrscrccrsseccectseccocceeessrserensserenenesrsrseeeges
5	1	1	1	68	3	1049	1380	15	9	72.174057	13
5	1	1	1	68	4	1160	1368	27	31	89.869858	335
5	1	1	1	68	5	1269	1380	25	9	96.071678	267
5	1	1	1	68	6	1376	1381	23	9	69.058014	345
4	1	1	1	69	0	269	1394	1129	12	-1	
5	1	1	1	69	1	269	1395	24	10	82.305862	152
5	1	1	1	69	2	340	1395	69	10	82.278481	MATERTAL
5	1	1	1	69	3	420	1395	69	10	88.749550	ELETRICO
5	1	1	1	69	4	500	1395	5	10	47.557961	E
5	1	1	1	69	5	517	1394	16	10	92.943756	DE
5	1	1	1	69	6	543	1384	104	31	0.000000	COMUNICACOES
5	1	1	1	69	7	651	1400	331	5	0.000000	scsescreterccccecaten
5	1	1	1	69	8	844	1384	17	31	0.000000	te
5	1	1	1	69	9	863	1384	34	31	0.000000	tene
5	1	1	1	69	10	899	1384	24	31	1.246500	rec
5	1	1	1	69	11	925	1384	60	31	0.000000	teneees
5	1	1	1	69	12	1048	1395	15	10	76.556404	12
5	1	1	1	69	13	1163	1395	23	10	78.869278	153
5	1	1	1	69	14	1269	1396	23	9	11.080523	10a
5	1	1	1	69	15	1375	1396	23	10	88.123428	160
4	1	1	1	70	0	269	1408	1129	12	-1	
5	1	1	1	70	1	269	1409	25	10	72.887001	753
5	1	1	1	70	2	340	1409	68	10	34.185711	MATERIAL
5	1	1	1	70	3	420	1408	15	10	81.897003	DE
5	1	1	1	70	4	447	1409	535	10	0.000000	TRANSPORTEssceeeeceseeeccececssetncercrecseeeectececnceeeeree
5	1	1	1	70	5	1057	1409	7	10	44.078213	6
5	1	1	1	70	6	1163	1409	23	10	88.825386	404
5	1	1	1	70	7	1268	1410	24	9	88.788376	385
5	1	1	1	70	8	1374	1410	24	10	93.002686	435
4	1	1	1	71	0	269	1424	1129	11	-1	
5	1	1	1	71	1	269	1424	24	10	17.329922	Pan
5	1	1	1	71	2	347	1424	44	10	27.331123	L140)
5	1	1	1	71	3	401	1413	60	31	0.000000	Vetere
5	1	1	1	71	4	471	1430	14	4	0.000000	rr
5	1	1	1	71	5	491	1413	93	31	0.000000	ererrererrer
5	1	1	1	71	6	598	1413	37	31	0.000000	rere
5	1	1	1	71	7	633	1424	349	10	0.000000	crerereererererrsrecrrscerrerereceerety
5	1	1	1	71	8	1047	1424	15	9	39.299950	iL
5	1	1	1	71	9	1170	1425	16	9	53.355694	30
5	1	1	1	71	10	1277	1425	15	10	59.586296	62
5	1	1	1	71	11	1383	1425	15	10	93.976463	aL
4	1	1	1	72	0	269	1438	1129	11	-1	
5	1	1	1	72	1	269	1438	25	10	44.383335	755
5	1	1	1	72	2	342	1427	48	31	0.000000	MOBILE
5	1	1	1	72	3	394	1438	40	10	0.000000	ARG.
5	1	1	1	72	4	440	1444	30	3	0.000000	occ
5	1	1	1	72	5	474	1444	13	3	0.000000	ll
5	1	1	1	72	6	492	1443	21	5	1.321545	lll
5	1	1	1	72	7	528	1443	11	4	2.659750	ci
5	1	1	1	72	8	545	1443	437	5	0.000000	eceacceceeccaececstverececneneeceserteccsseneceen
5	1	1	1	72	9	1048	1438	15	9	84.404732	54
5	1	1	1	72	10	1163	1439	22	9	71.169884	391
5	1	1	1	72	11	1268	1439	24	10	89.649879	264
5	1	1	1	72	12	1374	1439	24	10	70.715874	386
4	1	1	1	73	0	270	1453	1128	11	-1	
5	1	1	1	73	1	270	1454	24	9	52.865292	756
5	1	1	1	73	2	340	1453	42	10	16.896381	PAPEL
5	1	1	1	73	3	393	1453	7	10	16.896381	E
5	1	1	1	73	4	411	1453	60	10	34.171425	PAPELAO
5	1	1	1	73	5	475	1459	29	4	0.000000	ssc
5	1	1	1	73	6	509	1459	93	4	0.000000	eeeecececec
5	1	1	1	73	7	607	1458	21	5	0.000000	ate
5	1	1	1	73	8	633	1458	129	5	0.000000	rceccececeaeeee
5	1	1	1	73	9	767	1459	21	4	0.000000	rer
5	1	1	1	73	10	793	1459	21	4	0.000000	eee
5	1	1	1	73	11	819	1458	31	4	6.637087	eens
5	1	1	1	73	12	855	1459	21	4	6.637087	eee
5	1	1	1	73	13	881	1459	13	4	0.000000	ee
5	1	1	1	73	14	898	1459	22	4	0.000000	eas
5	1	1	1	73	15	925	1459	12	3	0.000000	ee
5	1	1	1	73	16	948	1442	33	31	0.000000	neers
5	1	1	1	73	17	1056	1454	6	9	95.983833	3
5	1	1	1	73	18	1171	1454	15	9	90.933784	56
5	1	1	1	73	19	1276	1454	16	10	92.069374	45
5	1	1	1	73	20	1383	1455	15	9	84.433121	58
4	1	1	1	74	0	270	1467	1128	11	-1	
5	1	1	1	74	1	270	1467	24	10	60.276379	757
5	1	1	1	74	2	341	1467	642	10	0.000000	BORRACHAseceseecesctctecscerersececessectsteetscceterscecetsectrsesesge?
5	1	1	1	74	3	1057	1468	6	9	91.045944	3
5	1	1	1	74	4	1171	1468	15	10	0.000000	o1
5	1	1	1	74	5	1276	1469	16	9	10.734625	aL
5	1	1	1	74	6	1382	1469	16	9	88.387177	46
4	1	1	1	75	0	269	1481	704	12	-1	
5	1	1	1	75	1	269	1482	25	11	15.316401	758
5	1	1	1	75	2	339	1482	53	10	15.316401	 COURDS
5	1	1	1	75	3	403	1482	6	10	77.442291	F
5	1	1	1	75	4	420	1482	43	10	89.459488	PELES
5	1	1	1	75	5	473	1482	6	10	86.443344	€
5	1	1	1	75	6	491	1482	67	10	81.208313	PRODUTOS
5	1	1	1	75	7	571	1482	83	11	0.000000	SIMILARES,
5	1	1	1	75	8	667	1482	6	10	0.000000	E
5	1	1	1	75	9	686	1481	76	11	89.440224	ARTEFATOS
5	1	1	1	75	10	775	1482	14	10	80.192192	DF
5	1	1	1	75	11	800	1482	61	10	57.257351	SELARIA
5	1	1	1	75	12	872	1482	5	10	14.777603	E
5	1	1	1	75	13	888	1482	85	11	61.351143	CORREARIA,
4	1	1	1	76	0	349	1495	1048	12	-1	
5	1	1	1	76	1	349	1496	33	10	91.860588	PARA
5	1	1	1	76	2	393	1496	51	10	76.972382	VIAGEM
5	1	1	1	76	3	456	1496	6	10	76.972382	E
5	1	1	1	76	4	473	1496	24	10	92.438576	USO
5	1	1	1	76	5	509	1495	59	11	90.433121	PESSOAL
5	1	1	1	76	6	579	1500	7	2	74.125748	~
5	1	1	1	76	7	597	1495	76	11	25.914450	EXCLUSIVE
5	1	1	1	76	8	686	1495	68	11	90.650078	CALCADOS
5	1	1	1	76	9	765	1496	7	10	92.081543	E
5	1	1	1	76	10	783	1496	59	10	92.766121	ARTIGOS
5	1	1	1	76	11	854	1496	16	9	78.061928	DO
5	1	1	1	76	12	880	1495	103	11	71.518448	VESTUARIO...
5	1	1	1	76	13	1058	1496	4	10	91.135597	1
5	1	1	1	76	14	1164	1496	21	10	40.937698	ra)
5	1	1	1	76	15	1270	1497	21	10	27.905636	es)
5	1	1	1	76	16	1376	1497	21	10	72.910805	vo
4	1	1	1	77	0	269	1511	1129	11	-1	
5	1	1	1	77	1	269	1512	24	9	29.754242	159
5	1	1	1	77	2	339	1511	35	11	48.044926	QUEM
5	1	1	1	77	3	377	1511	604	11	0.000000	CAnvesvacescucescerscrseersteteeeaeasteeeee
5	1	1	1	77	4	766	1500	42	31	1.837807	tenes
5	1	1	1	77	5	810	1500	14	31	10.723429	st
5	1	1	1	77	6	828	1500	138	31	0.000000	eeeeneeneeereege
5	1	1	1	77	7	967	1500	17	31	0.000000	ss
5	1	1	1	77	8	1056	1512	7	9	92.887863	9
5	1	1	1	77	9	1171	1512	14	9	71.451355	a7
5	1	1	1	77	10	1276	1512	16	10	78.560593	46
5	1	1	1	77	11	1382	1513	16	9	92.815491	78
4	1	1	1	78	0	269	1525	1127	12	-1	
5	1	1	1	78	1	269	1526	25	9	25.080494	T6O
5	1	1	1	78	2	311	1514	27	31	0.000000	_——-
5	1	1	1	78	3	340	1525	68	11	26.391907	PRODUTOS
5	1	1	1	78	4	420	1525	113	11	68.285042	FARMACEUTICOS
5	1	1	1	78	5	543	1525	6	10	41.926392	£
5	1	1	1	78	6	561	1525	110	11	28.902311	VETERINARIOS.
5	1	1	1	78	7	683	1531	298	4	0.000000	cccscccecececaseeseceserecsererece
5	1	1	1	78	8	1058	1526	4	9	90.675285	1
5	1	1	1	78	9	1163	1526	20	10	69.217117	on
5	1	1	1	78	10	1285	1531	7	2	91.547363	-
5	1	1	1	78	11	1375	1527	21	10	80.920448	00
4	1	1	1	79	0	269	1539	1128	13	-1	
5	1	1	1	79	1	269	1540	24	10	61.753693	Tol
5	1	1	1	79	2	321	1529	51	31	0.000000	«PERF
5	1	1	1	79	3	376	1529	58	31	0.000000	UMARTA,
5	1	1	1	79	4	446	1540	51	10	33.983223	SABOLS
5	1	1	1	79	5	509	1539	6	10	64.357643	E
5	1	1	1	79	6	525	1540	456	10	0.000000	VELASsccceeseecuececcereeecnceecseseesecees
5	1	1	1	79	7	923	1529	61	31	0.000000	cereus
5	1	1	1	79	8	1056	1540	7	9	45.021492	4
5	1	1	1	79	9	1170	1541	16	9	88.938164	29
5	1	1	1	79	10	1276	1541	16	10	96.550163	20
5	1	1	1	79	11	1383	1541	14	11	84.322174	31
4	1	1	1	80	0	270	1545	1127	31	-1	
5	1	1	1	80	1	270	1556	23	10	44.842995	762
5	1	1	1	80	2	340	1554	69	11	92.522575	PRODUTOS
5	1	1	1	80	3	420	1555	15	10	91.664696	DE
5	1	1	1	80	4	447	1555	68	11	83.622597	MATERIAS
5	1	1	1	80	5	526	1555	455	10	0.000000	PLASTICASs+csceseceenctececteerseececesensestentere
5	1	1	1	80	6	1056	1556	7	10	90.217285	9
5	1	1	1	80	7	1161	1556	24	10	85.859146	465
5	1	1	1	80	8	1263	1545	28	31	71.241806	3a4
5	1	1	1	80	9	1372	1557	25	10	70.178322	445
4	1	1	1	81	0	269	1558	1127	33	-1	
5	1	1	1	81	1	269	1570	24	10	91.570511	763
5	1	1	1	81	2	340	1570	482	10	0.000000	TEXTILssocecsosectetsesetesenssecsenecscsseenseesnccese
5	1	1	1	81	3	828	1575	12	4	7.102156	en
5	1	1	1	81	4	846	1575	136	5	0.000000	eeeaecesteeeenee
5	1	1	1	81	5	1053	1558	9	31	46.230423	53
5	1	1	1	81	6	1163	1570	21	10	45.754581	a
5	1	1	1	81	7	1268	1560	21	31	34.767818	ira)
5	1	1	1	81	8	1375	1571	21	10	82.089165	00
4	1	1	1	82	0	270	1584	1127	12	-1	
5	1	1	1	82	1	270	1585	23	10	73.867737	766
5	1	1	1	82	2	340	1584	85	11	19.235344	VESTUARIOy
5	1	1	1	82	3	438	1585	67	10	86.622513	CALCADOS
5	1	1	1	82	4	517	1584	6	10	83.672928	E
5	1	1	1	82	5	534	1584	77	11	74.294647	ARTEFATOS
5	1	1	1	82	6	622	1584	16	10	91.230644	DE
5	1	1	1	82	7	649	1584	332	10	0.000000	TECIOOS.sscesaeceeseseceececeseeenens
5	1	1	1	82	8	1047	1585	15	9	94.389595	26
5	1	1	1	82	9	1161	1586	24	9	94.827072	437
5	1	1	1	82	10	1267	1586	25	10	90.671570	344
5	1	1	1	82	11	1374	1586	23	10	83.329597	398
4	1	1	1	83	0	268	1598	1129	13	-1	
5	1	1	1	83	1	268	1599	25	11	90.098343	165
5	1	1	1	83	2	340	1599	69	10	92.399948	PRODUTOS
5	1	1	1	83	3	420	1598	561	12	0.000000	ALIMENTARES.csseesseseececeeserteecescecscnscecsreseneectenenee
5	1	1	1	83	4	1039	1599	24	10	89.604355	134
5	1	1	1	83	5	1146	1600	3	9	65.870590	1
5	1	1	1	83	6	1163	1600	22	9	65.870590	065
5	1	1	1	83	7	1267	1601	25	9	90.112259	634
5	1	1	1	83	8	1373	1601	24	10	94.704468	992
4	1	1	1	84	0	269	1603	1129	31	-1	
5	1	1	1	84	1	269	1603	23	31	80.187263	766
5	1	1	1	84	2	339	1614	43	10	0.000000	C1)
5	1	1	1	84	3	397	1614	18	10	21.309570	er
5	1	1	1	84	4	420	1603	49	31	0.000000	eeeerer
5	1	1	1	84	5	477	1619	9	5	19.525261	pe
5	1	1	1	84	6	495	1603	485	31	0.000000	rerrerreceeernrsrrsrerererrrrerrererrrsrsrrereceerccses
5	1	1	1	84	7	1055	1614	7	10	96.676743	3
5	1	1	1	84	8	1169	1615	15	9	90.836739	33
5	1	1	1	84	9	1268	1615	22	10	0.036860	~
5	1	1	1	84	10	1382	1616	16	9	95.375420	29
4	1	1	1	85	0	269	1628	1128	12	-1	
5	1	1	1	85	1	269	1629	24	10	48.749413	76T
5	1	1	1	85	2	340	1628	76	11	92.014839	EDITORIAL
5	1	1	1	85	3	428	1628	6	10	78.369728	E
5	1	1	1	85	4	446	1629	535	10	0.000000	GRAFICAssveeececesenecseseeceseoenenesaetr
5	1	1	1	85	5	826	1618	35	31	5.975161	esse
5	1	1	1	85	6	863	1618	65	31	0.000000	eeenceee
5	1	1	1	85	7	932	1618	25	31	5.256500	nen
5	1	1	1	85	8	958	1618	27	31	0.000000	ene
5	1	1	1	85	9	1047	1629	15	9	63.277542	17
5	1	1	1	85	10	1169	1630	16	9	95.595001	99
5	1	1	1	85	11	1275	1630	15	10	58.816685	71
5	1	1	1	85	12	1382	1630	15	10	80.123390	95
4	1	1	1	86	0	268	1643	1128	12	-1	
5	1	1	1	86	1	268	1644	24	10	14.150629	TO
5	1	1	1	86	2	331	1632	77	31	0.000000	—dDAVERSAS
5	1	1	1	86	3	413	1649	20	4	0.000000	eae
5	1	1	1	86	4	437	1649	543	5	0.000000	eseeaseececceccccscctetesea
5	1	1	1	86	5	674	1632	30	31	7.540340	eee
5	1	1	1	86	6	713	1632	58	31	0.000000	seesten
5	1	1	1	86	7	772	1632	25	31	0.000000	ere
5	1	1	1	86	8	798	1643	182	11	0.000000	seerteeasereneseecess
5	1	1	1	86	9	1046	1643	15	10	78.115509	15
5	1	1	1	86	10	1169	1644	15	10	44.831070	7:
5	1	1	1	86	11	1275	1645	16	9	65.245773	46
5	1	1	1	86	12	1381	1646	15	9	72.796913	7
4	1	1	1	87	0	269	1658	695	11	-1	
5	1	1	1	87	1	269	1659	24	9	52.177273	769
5	1	1	1	87	2	339	1658	69	11	0.000000	—-—sUNTOADES
5	1	1	1	87	3	420	1658	85	10	29.635731	AUXILTARES
5	1	1	1	87	4	517	1658	15	9	94.761284	DE
5	1	1	1	87	5	543	1658	43	10	9.451847	APOIO
5	1	1	1	87	6	597	1658	102	10	57.223206	(UTILIDADES)
5	1	1	1	87	7	710	1658	7	9	90.531403	E
5	1	1	1	87	8	728	1658	16	9	90.374260	DE
5	1	1	1	87	9	756	1658	68	10	48.780411	SERVICOS
5	1	1	1	87	10	834	1658	17	10	75.608452	OE
5	1	1	1	87	11	861	1658	68	10	79.435776	NATUREZA
5	1	1	1	87	12	941	1658	23	10	41.414776	N=
4	1	1	1	88	0	348	1672	1049	13	-1	
5	1	1	1	88	1	348	1672	76	11	41.193333	OUSTREALs
5	1	1	1	88	2	429	1678	22	4	0.000000	sec
5	1	1	1	88	3	457	1678	453	5	0.000000	svecareesressaseatteastaccsetteteceenetseeteneeereee
5	1	1	1	88	4	916	1678	21	4	8.290319	tee
5	1	1	1	88	5	942	1678	39	5	8.290319	tenes
5	1	1	1	88	6	1056	1673	6	9	93.392403	3
5	1	1	1	88	7	1162	1674	23	9	43.841366	3
5	1	1	1	88	8	1266	1674	25	10	71.788872	633
5	1	1	1	88	9	1372	1675	25	10	91.633980	629
4	1	1	1	89	0	269	1687	1128	12	-1	
5	1	1	1	89	1	269	1688	24	10	14.384308	70
5	1	1	1	89	2	339	1687	69	11	50.576942	UNIDADES
5	1	1	1	89	3	419	1687	86	11	27.751102	AUXELIARES
5	1	1	1	89	4	515	1687	131	10	72.104401	ADMINTSTRATIVAS
5	1	1	1	89	5	659	1687	323	11	0.000000	(B)ececcucccccceccececeenecersecesere
5	1	1	1	89	6	1056	1689	6	8	80.949661	6
5	1	1	1	89	7	1170	1689	16	9	87.209259	52
5	1	1	1	89	8	1285	1693	6	2	87.635277	-
5	1	1	1	89	9	1384	1690	13	9	72.826935	51
4	1	1	1	90	0	268	1731	1129	13	-1	
5	1	1	1	90	1	268	1732	23	10	79.377945	TTL
5	1	1	1	90	2	321	1732	34	9	79.377945	CABO
5	1	1	1	90	3	366	1731	615	11	0.000000	FRIQseceaeceeseeeccececer
5	1	1	1	90	4	597	1721	24	31	0.000000	eee
5	1	1	1	90	5	623	1731	166	11	0.000000	eeeeneaeetetereceee
5	1	1	1	90	6	791	1721	24	31	0.000000	een
5	1	1	1	90	7	816	1721	123	31	0.000000	eteneneeeesees
5	1	1	1	90	8	940	1721	17	31	0.000000	ee
5	1	1	1	90	9	958	1721	27	31	0.000000	ees
5	1	1	1	90	10	1037	1732	24	10	70.722252	305
5	1	1	1	90	11	1144	1733	6	9	68.904663	4
5	1	1	1	90	12	1162	1733	23	10	81.300941	505
5	1	1	1	90	13	1250	1733	41	10	41.714272	3753
5	1	1	1	90	14	1356	1734	7	9	46.374504	4
5	1	1	1	90	15	1374	1734	23	10	67.133591	382
4	1	1	1	91	0	269	1775	1127	12	-1	
5	1	1	1	91	1	269	1776	24	10	27.456036	TT2
5	1	1	1	91	2	308	1764	14	31	24.940430	—
5	1	1	1	91	3	330	1775	85	10	0.000000	ARARUAMAs+
5	1	1	1	91	4	422	1781	19	4	13.247099	eee
5	1	1	1	91	5	447	1780	100	5	0.000000	eeeeseteeeec
5	1	1	1	91	6	552	1781	49	4	1.184883	ensues
5	1	1	1	91	7	606	1781	11	3	1.184883	en
5	1	1	1	91	8	624	1781	47	4	0.000000	ceceen
5	1	1	1	91	9	676	1781	13	4	0.000000	en
5	1	1	1	91	10	695	1780	12	5	0.000000	et
5	1	1	1	91	11	712	1780	269	5	0.000000	eneseeneeeseeseaeeees
5	1	1	1	91	12	897	1764	14	31	0.000000	et
5	1	1	1	91	13	916	1764	50	31	0.000000	eeneee
5	1	1	1	91	14	967	1764	17	31	2.248421	ee
5	1	1	1	91	15	1039	1775	24	10	87.913109	109
5	1	1	1	91	16	1161	1776	25	10	73.643272	975
5	1	1	1	91	17	1267	1777	25	9	58.992821	768
5	1	1	1	91	18	1372	1777	24	10	83.959259	937
4	1	1	1	92	0	268	1804	1130	12	-1	
5	1	1	1	92	1	268	1805	24	10	72.779594	173
5	1	1	1	92	2	339	1805	68	10	19.248056	EXTRACKO
5	1	1	1	92	3	420	1805	14	9	81.205704	DE
5	1	1	1	92	4	445	1804	536	11	0.000000	MINERAISseeveecseneesenececceseseerenesesseseaecreresneeesnes
5	1	1	1	92	5	1046	1805	16	10	91.091248	42
5	1	1	1	92	6	1162	1806	23	9	80.010674	194
5	1	1	1	92	7	1268	1806	24	10	95.582939	140
5	1	1	1	92	8	1374	1807	24	9	85.880035	189
4	1	1	1	93	0	268	1818	1128	13	-1	
5	1	1	1	93	1	268	1819	24	10	61.319778	174
5	1	1	1	93	2	338	1819	113	10	61.319778	 TRANSFORMACAO
5	1	1	1	93	3	462	1819	15	10	87.073982	DE
5	1	1	1	93	4	489	1819	68	10	83.180733	PRODUTOS
5	1	1	1	93	5	568	1820	16	9	85.276329	DE
5	1	1	1	93	6	595	1819	68	10	83.781113	MINERATS
5	1	1	1	93	7	674	1818	306	11	0.000000	NAO-METALICOS.+c+cececccceceeee
5	1	1	1	93	8	948	1808	35	31	0.000000	cece
5	1	1	1	93	9	1047	1819	14	10	93.778748	16
5	1	1	1	93	10	1161	1820	23	10	75.019348	37
5	1	1	1	93	11	1267	1821	24	9	52.417049	275
5	1	1	1	93	12	1373	1821	23	10	94.032227	294
4	1	1	1	94	0	267	1834	1129	11	-1	
5	1	1	1	94	1	267	1834	25	11	0.000000	VTS
5	1	1	1	94	2	338	1834	642	11	0.000000	ETALURGICAsssaseeeessereceseeeneoeeeasattetetencecs
5	1	1	1	94	3	808	1823	34	31	0.000000	rene
5	1	1	1	94	4	844	1823	65	31	0.000000	necereen
5	1	1	1	94	5	914	1823	39	31	0.000000	teeta
5	1	1	1	94	6	957	1823	27	31	0.000000	eee
5	1	1	1	94	7	1055	1835	7	9	82.257881	9
5	1	1	1	94	8	1169	1835	15	9	56.154461	51
5	1	1	1	94	9	1275	1835	16	9	93.816307	37
5	1	1	1	94	10	1381	1836	15	9	78.951485	41
4	1	1	1	95	0	268	1848	1126	12	-1	
5	1	1	1	95	1	268	1849	25	10	66.589882	776
5	1	1	1	95	2	338	1849	69	10	50.328590	MATERIAL
5	1	1	1	95	3	418	1849	15	9	72.063179	OE
5	1	1	1	95	4	444	1848	93	11	0.000000	TRANSPORTES
5	1	1	1	95	5	545	1854	10	4	12.274466	cc
5	1	1	1	95	6	561	1853	118	6	0.000000	eeasceeaeaeccc
5	1	1	1	95	7	685	1854	21	4	0.000000	ccc
5	1	1	1	95	8	711	1854	40	4	0.000000	teeen
5	1	1	1	95	9	756	1854	29	4	0.000000	snes
5	1	1	1	95	10	791	1854	39	5	0.000000	esses
5	1	1	1	95	11	835	1854	39	4	0.000000	neeee
5	1	1	1	95	12	879	1855	12	3	24.276447	ee
5	1	1	1	95	13	899	1854	19	4	0.000000	cte
5	1	1	1	95	14	923	1854	12	4	0.000000	ee
5	1	1	1	95	15	941	1854	12	4	0.000000	ne
5	1	1	1	95	16	958	1854	22	4	0.000000	eee
5	1	1	1	95	17	1055	1849	5	9	61.826836	1
5	1	1	1	95	18	1161	1849	21	10	43.660461	ia)
5	1	1	1	95	19	1267	1850	21	10	68.225525	oo
5	1	1	1	95	20	1374	1850	20	10	27.197510	ea)
4	1	1	1	96	0	269	1863	1127	12	-1	
5	1	1	1	96	1	269	1863	24	11	44.456680	TIT
5	1	1	1	96	2	339	1863	60	10	0.000000	NADELRA
5	1	1	1	96	3	403	1869	12	3	0.000000	so
5	1	1	1	96	4	421	1869	29	3	0.000000	sese
5	1	1	1	96	5	458	1869	27	4	0.000000	vaca
5	1	1	1	96	6	491	1868	489	5	0.000000	seeeeccecsactrcecesscrseeseseecesreeeteerereaserennenee
5	1	1	1	96	7	1054	1863	7	10	62.782059	7
5	1	1	1	96	8	1169	1864	15	9	93.423714	32
5	1	1	1	96	9	1275	1865	15	9	88.829735	16
5	1	1	1	96	10	1381	1865	15	10	90.987404	32
4	1	1	1	97	0	268	1878	1126	11	-1	
5	1	1	1	97	1	268	1878	24	11	50.536533	TTB
5	1	1	1	97	2	338	1878	642	11	0.000000	MOSTLIARIQseccevevenecneccnecteeneeesu
5	1	1	1	97	3	674	1867	35	31	0.000000	eet
5	1	1	1	97	4	713	1867	50	31	0.000000	teenee
5	1	1	1	97	5	765	1867	24	31	0.000000	nec
5	1	1	1	97	6	791	1867	86	31	0.000000	eeenenense
5	1	1	1	97	7	878	1867	17	31	0.000000	ee
5	1	1	1	97	8	896	1867	87	31	0.000000	eteeeeeeae
5	1	1	1	97	9	1055	1878	6	10	96.568520	2
5	1	1	1	97	10	1162	1878	20	11	2.568636	mn
5	1	1	1	97	11	1267	1879	22	10	57.311890	Ks
5	1	1	1	97	12	1373	1880	21	9	55.869041	oO
4	1	1	1	98	0	268	1892	1127	11	-1	
5	1	1	1	98	1	268	1892	24	10	16.040487	cn
5	1	1	1	98	2	346	1892	16	10	43.018097	lL
5	1	1	1	98	3	372	1892	17	10	38.108707	11
5	1	1	1	98	4	391	1892	589	10	0.000000	reepereereseerrcestererrecerersterrereretesreer
5	1	1	1	98	5	822	1881	37	31	0.000000	eres
5	1	1	1	98	6	868	1881	115	31	0.000000	rrsteeteeseses
5	1	1	1	98	7	1056	1892	5	10	92.253639	1
5	1	1	1	98	8	1162	1892	20	10	19.995117	3)
5	1	1	1	98	9	1267	1893	21	10	62.056408	oo
5	1	1	1	98	10	1374	1893	21	10	63.379280	oo
4	1	1	1	99	0	832	1948	17	10	-1	
5	1	1	1	99	1	832	1948	17	10	96.741936	26
