order_number,entry,establishments_1980,personnel_total_1980,personnel_linked_to_service_activity_1980,salaries_withdrawals_1980_mil_cruzeiros,total_revenue_1980_mil_cruzeiros,companies_headquartered_in_municipality_1985,establishments_1985,personnel_total_1985,personnel_linked_to_service_activity_1985,salaries_withdrawals_1985_mil_cruzeiros,total_revenue_1985_mil_cruzeiros,source_page_1980,source_page_1985,left_extraction_method,right_extraction_method,needs_review
1,BRASIL,395 797,2 211 783,1 403 971,280 393 481,1 140 225 587,,,,,,,56,57,mistral_table,mistral_table_partial,yes
2,ALOJAMENTO E ALIMENTAÇÃO,193 646,665 805,318 154,46 296 556,283 052 664,215 570,219 353,783 553,417 959,4 765 334 543,26 502 365 187,56,57,mistral_table,pdf_text_layout,no
3,ALOJAMENTO,15 207,124 214,80 774,10 706 778,45 958 354,14 591,15 212,147 604,113 089,1 176 006 032,5 351 981 782,56,57,mistral_table,pdf_text_layout,no
4,ALIMENTAÇÃO,178 439,541 591,237 380,35 589 778,237 094 310,200 979,204 141,635 949,304 870,3 589 328 511,21 1 50 383 405,56,57,mistral_table,pdf_text_layout,no
5,"REPARAÇÃO, MANUTENÇÃO E INSTALAÇÃO",81 353,313 707,182 682,31 963 426,100 259 147,,,,,,,56,57,mistral_table,missing,yes
6,"REPARAÇÃO, MANUTENÇÃO E INSTALAÇÃO",81 353,313 707,182 682,31 963 426,100 259 147,,,,,,,56,57,mistral_table,missing,yes
7,"PESSOAIS, DE HIGIENE E ESTETICA PESSOAL",25 887,86 910,49 001,7 466 095,21 487 674,26 597,27 536,93 538,55 223,630 335 408,1 803 070 259,56,57,mistral_table,pdf_text_layout,no
8,PESSOAIS,9 354,35 867,20 365,3 032 078,11 699 168,8 953,9 748,34 031,19 703,228 563 002,834 399 911,56,57,mistral_table,pdf_text_layout,no
9,HIGIENE E DE ESTETICA PESSOAL,16 533,51 043,28 636,4 434 017,9 788 506,17 644,'11 788,59 507,35 520,401 772 406,968 670 348,56,57,mistral_table,pdf_text_layout,no
10,"RADIODIFUSÃO, TELEVISÃO E DIVERSÕES",7 101,67 169,44 700,10 475 977,51 607 590,6 076,168,75 763,55 694,404 306 551,5 980 623 389,56,57,mistral_table,pdf_text_layout,no
11,RADIODIFUSÃO E TELEVISÃO,1 484,38 842,26 363,7 672 816,37 996 335,1 224,498,48 420,37 140,194 584 410,4 707 066 590,56,57,mistral_table,pdf_text_layout,no
12,DIVERSÕES,5 617,28 327,18 337,2 803 161,13 611 255,4 852,670,27 343,18 554,209 722 141,1 273 556 799,56,57,mistral_table,pdf_text_layout,no
13,AUXILIARES DIVERSOS,74 512,993 654,763 469,170 933 010,606 107 958,,,,,,,56,57,mistral_table,pdf_text_tokens_partial,yes
14,AUX. DA AGROPECUARIA E REFLORESTAMENTO,3 046,59 496,40 744,10 280 038,29 092 093,,,,,,,56,57,mistral_table,pdf_text_tokens_partial,yes
15,"AUX. COMERCIO, LOCAÇÃO DE BENS E SERVIÇOS",11 182,82 825,50 791,16 981 326,125 969 772,,,,,,,56,57,mistral_table,pdf_text_layout_partial,yes
16,"AUX. FINANC., SEGUROS E CAPITALIZAÇÃO",1 866,18 424,12 061,4 287 167,19 073 271,,,,,,,56,57,mistral_table,pdf_text_tokens_partial,yes
17,AUXILIARES DOS TRANSPORTES,7 157,83 844,58 430,16 414 800,89 433 768,,,,,,,56,57,mistral_table,pdf_text_tokens_partial,yes
18,"AUX. CONSTRUÇÃO, OBRAS, GEOGESIA, ETC",4 484,80 902,56 343,27 692 252,85 731 097,,,,,,,56,57,mistral_table,pdf_text_tokens_partial,yes
19,"AUX. DE LIMPEZA, HIGIENIZAÇÃO, ETC",2 789,160 904,150 380,10 128 024,25 491 050,,,,,,,56,57,mistral_table,pdf_text_tokens_partial,yes
20,AUX. PRESTADOS A EMPRESAS E PESSOAS,38 640,476 120,375 864,81 075 064,218 815 284,,,,,,,56,57,mistral_table,pdf_text_tokens_partial,yes
21,AUXILIARES DA SAÚDE,5 348,31 137,18 856,4 074 339,12 501 823,,,,,,,56,57,mistral_table,pdf_text_tokens_partial,yes
22,"COMPRA, VENDA, ADMINISTRAÇÃO BENS IMOVEIS",13 298,84 538,45 965,13 258 417,77 710 554,10 796,11 145,66 281,42 160,757 564 843,3 559 896 64S,56,57,mistral_table,pdf_text_layout,no
23,COMPRA E VENDA DE BENS IMOVEIS,8 113,42 753,19 913,7 228 498,51 183 819,4 135,4 260,17 728,9 802,196 029 654,1 176 344 861,56,57,mistral_table,pdf_text_layout,no
24,"ADMINISTRAÇÃO, LOCAÇÃO, ETC",5 185,41 785,26 052,6 029 919,26 526 735,6 661,6 885,48 553,32 358,561 535 189,2 383 551 787,56,57,mistral_table,pdf_text_layout,no
25,REGIÃO NORTE,10 214,64 726,42 838,7 536 504,30 890 906,16 377,17 013,96 381,67 921,1 003 614 769,734 625 758,56,57,mistral_table,pdf_text_layout,no
26,ALOJAMENTO E ALIMENTAÇÃO,4 828,21 121,10 969,1 638 667,9 029 907,8 506,8 659,33 745,19 232,285 897 461,1 327 713 522,56,57,mistral_table,pdf_text_layout,no
27,ALOJAMENTO,846,6 649,4 166,572 581,2 713 456,'\ 074,1 118,8 630,6 457,75 294 935,341 246 996,56,57,mistral_table,pdf_text_layout,no
28,ALIMENTAÇÃO,3 982,14 472,6 803,1 066 086,6 316 451,7 432,7 541,25 115,12 775,210 602 526,986 466 526,56,57,mistral_table,pdf_text_layout,no
29,"REPARAÇÃO, MANUTENÇÃO E INSTALAÇÃO",2 408,9 383,5 623,973 566,3 019 952,108 141,14,447 838,152 550,972 454,299 654,56,57,mistral_table,pdf_text_tokens,no
30,"REPARAÇÃO, MANUTENÇÃO E INSTALAÇÃO",2 408,9 383,5 623,973 566,3 019 952,108,141,14 447,838,1 52 550 972,454 299 654,56,57,mistral_table,pdf_text_layout,no
31,"PESSOAIS, DE HIGIENE E ESTETICA PESSOAL",690,2 399,1 368,218 170,724 644,1 040,1 077,3 666,2 209,35 307 684,106 759 487,56,57,mistral_table,pdf_text_layout,no
32,PESSOAIS,276,1 143,630,102 064,456 925,330,363,",",481 929,12 507 743,46 358 091,56,57,mistral_table,pdf_text_layout,no
33,HIGIENE E DE ESTETICA PESSOAL,414,1 268,738,116 106,267 719,710,714,2 185,1 280,22 799 941,60 401 396,56,57,mistral_table,pdf_text_layout,no
34,"RADIODIFUSÃO, TELEVISÃO E DIVERSÕES",446,2 906,1 866,301 771,1 510 124,449 533,3 586,2 673,39 134,071 213,716 002,56,57,mistral_table,mistral_table,no
35,RADIODIFUSÃO E TELEVISÃO,100,1 514,1 059,173 449,830 227,42,98,1 626,338,17 208 787,105 491 336,56,57,mistral_table,pdf_text_layout,no
36,DIVERSÕES,346,1 392,807,128 322,679 897,407 435,1 960,1 335,21 925,284 108,224 666,56,57,mistral_table,mistral_table,no
37,AUXILIARES DIVERSOS,1 711,28 395,22 771,4 335 749,16 294 557,087 410,39 973,34 350 480,651 927,1 590,121 247,56,57,mistral_table,pdf_text_layout,no
38,AUX. DA AGROPECUARIA E REFLORESTAMENTO,72,2 699,1 549,620 074,1 539 673,,,,,,,56,57,mistral_table,mistral_table_partial,yes
39,"AUX. COMERCIO, LOCAÇÃO DE BENS E SERVIÇOS",298,2 368,1 596,393 883,2 346 344,371 413,3 549,2 800,52 272,610 297,941 491,56,57,mistral_table,mistral_table,no
40,"AUX. FINANC., SEGUROS E CAPITALIZAÇÃO",44,235,160,34 522,137 563,,,,,,,56,57,mistral_table,mistral_table_partial,yes
41,AUXILIARES DOS TRANSPORTES,231,3 742,2 874,651 654,3 028 982,122 261,4 390,3 885,77 636,266 259,236 248,56,57,mistral_table,mistral_table,no
42,"AUX. CONSTRUÇÃO, OBRAS, GEOGESIA, ETC",80,3 790,3 374,1 188 907,4 431 147,85 125,4 081,3 759,88 110,515 372,732 020,56,57,mistral_table,mistral_table,no
43,"AUX. DE LIMPEZA, HIGIENIZAÇÃO, ETC",66,5 444,5 197,263 538,603 019,,,,,,,56,57,mistral_table,mistral_table_partial,yes
44,AUX. PRESTADOS A EMPRESAS E PESSOAS,780,9 495,7 665,1 103 231,3 986 424,1 131,1 202,14 546,12 103 132,003 017 340,768 411,56,57,mistral_table,pdf_text_layout,no
45,AUXILIARES DA SAÚDE,140,622,356,80 140,223 405,217 218,904 573,9,411 695,32,787 856,56,57,mistral_table,mistral_table,no
46,"COMPRA, VENDA, ADMINISTRAÇÃO BENS IMOVEIS",131,522,241,68 581,311 722,187 193,964 619,10,072 654,42,015 846,56,57,mistral_table,mistral_table,no
47,COMPRA E VENDA DE BENS IMOVEIS,100,419,194,54 342,265 253,105 108,375 194,4,719 374,16,344 967,56,57,mistral_table,mistral_table,no
48,"ADMINISTRAÇÃO, LOCAÇÃO, ETC",31,103,47,14 239,46 469,82,85,589,425,5 353 280,25 670 879,56,57,mistral_table,pdf_text_layout,no
49,RONDONIA,1 254,6 588,4 008,577 345,2 055 752,087,3 184,12 302,7 004,118 881 238,449 934 320,56,57,mistral_table,pdf_text_layout,no
50,ALOJAMENTO E ALIMENTAÇÃO,560,2 021,788,132 513,666 621,1 649,1 671,5 720,2 922,46 129 323,zoo 843 850,56,57,mistral_table,pdf_text_layout,no
51,ALOJAMENTO,109,593,293,46 516,206 559,189,196,1 126,760,9 067 804,40 486 448,56,57,mistral_table,pdf_text_layout,no
52,ALIMENTAÇÃO,451,1 428,495,85 997,460 062,1 460,1 475,4 594,2 162,37 061 519,160 357 402,56,57,mistral_table,pdf_text_layout,no
53,"REPARAÇÃO, MANUTENÇÃO E INSTALAÇÃO",370,1 252,686,130 526,361 701,838 849,774 597,29,101 595,96,779 898,56,57,mistral_table,pdf_text_tokens,no
54,"REPARAÇÃO, MANUTENÇÃO E INSTALAÇÃO",370,1 252,686,130 526,361 701,838 849,774 597,29,101 595,96,779 898,56,57,mistral_table,pdf_text_tokens,no
55,"PESSOAIS, DE HIGIENE E ESTETICA PESSOAL",82,231,121,20 980,85 354,219 224,733 414,5,814 969,23,428 639,56,57,mistral_table,mistral_table,no
56,PESSOAIS,39,118,57,9 600,62 573,84,89,324,166,2 886 948,12 053 607,56,57,mistral_table,pdf_text_layout,no
57,HIGIENE E DE ESTETICA PESSOAL,43,115,64,11 380,22 781,135 135,409 248,3,928 021,11,375 032,56,57,mistral_table,mistral_table,no
58,"RADIODIFUSÃO, TELEVISÃO E DIVERSÕES",44,208,136,18 599,90 908,59,77,426 306,668 446,25,503 045,56,57,mistral_table,pdf_text_tokens,no
59,RADIODIFUSÃO E TELEVISÃO,14,90,77,8 497,39 650,8,22,186 156,271 895,13,140 181,56,57,mistral_table,pdf_text_tokens,no
60,DIVERSÕES,30,118,59,10 102,51 258,51,55,240,1SO,396 551,12 362 864,56,57,mistral_table,pdf_text_layout,no
61,AUXILIARES DIVERSOS,187,2 843,2 263,270 473,816 940,286,327,2 499,1 690,30 631 938,94 545 097,56,57,mistral_table,pdf_text_layout,no
62,AUX. DA AGROPECUARIA E REFLORESTAMENTO,5,79,29,24 801,75 071,2,4,442,206,6 141 260,16 221 276,56,57,mistral_table,pdf_text_layout,no
63,"AUX. COMERCIO, LOCAÇÃO DE BENS E SERVIÇOS",14,47,20,5 618,13 348,23,26,146,95,2 967 182,16 082 936,56,57,mistral_table,pdf_text_layout,no
64,"AUX. FINANC., SEGUROS E CAPITALIZAÇÃO",3,17,10,1 626,4 080,,,,,,,56,57,mistral_table,pdf_text_layout_partial,yes
65,AUXILIARES DOS TRANSPORTES,23,210,165,27 421,89 636,17,38,363,332,4 659 738,17 277 080,56,57,mistral_table,pdf_text_layout,no
66,"AUX. CONSTRUÇÃO, OBRAS, GEOGESIA, ETC",11,276,160,34 733,84 645,21,23,193,77,2 847 504,7 382 090,56,57,mistral_table,pdf_text_layout,no
67,"AUX. DE LIMPEZA, HIGIENIZAÇÃO, ETC",8,892,866,24 516,82 234,19,19,CFI,CF),(XI,(F),56,57,mistral_table,pdf_text_layout,no
68,AUX. PRESTADOS A EMPRESAS E PESSOAS,107,273,988,145 554,448 747,161 172,974 692,9,952 307,26,599 674,56,57,mistral_table,mistral_table,no
69,AUXILIARES DA SAÚDE,16,49,21,6 204,19 179,43,43,144,81,1 605 020,5 153 356,58,59,mistral_table,mistral_table,no
70,"COMPRA, VENDA, ADMINISTRAÇÃO BENS IMÓVEIS",11,33,14,4 254,34 228,36,36,150,75,1 534 967,8 833 791,58,59,mistral_table,mistral_table,no
71,COMPRA E VE~DA OE BE~S !MOVEIS,9,(D),(C),(X),(0),18,18,70,34,982 749,4 276 363,58,59,pdf_text_layout,mistral_table,no
72,"ADMINISTRAÇAO, LOCAÇAO, ETC .... ~",2,(A),(A),(X),(C),18,18,80,41,552 218,4 557 428,58,59,pdf_text_tokens,mistral_table,no
73,PORTO VELHO,493,4 006,2 793,377 769,1. 301 356,1 157,1 206,5 370,3 085,56 358 889,204 616 266,58,59,pdf_text_layout,mistral_table,no
74,ALOJAMENTO E ALIMENTAÇÃO,226,869,358,66 182,311 829,671,686,2 289,1 102,18 522 164,79 030 040,58,59,mistral_table,mistral_table,no
75,ALOJAMENTO,33,288,156,27 140,120 620,60,65,523,404,4 495 591,22 004 870,58,59,mistral_table,mistral_table,no
76,ALIMENTAÇÃO,193,581,202,39 042,191 209,611,621,1 766,698,14 026 573,57 025 170,58,59,mistral_table,mistral_table,no
77,"REPARAÇÃO, MANUTENÇÃO E INSTALAÇÃO",123,521,342,64 517,186 457,257,264,891,509,10 474 762,31 720 043,58,59,mistral_table,mistral_table,no
78,"REPARAÇÃO, MANUTENÇÃO E INSTALAÇÃO",123,521,342,64 517,186 457,257,264,891,509,10 474 762,31 720 043,58,59,mistral_table,mistral_table,no
79,"PESSOAIS, DE HIGIENE E ESTÉTICA PESSOAL",35,141,93,14 018,60 892,74,74,269,166,2 441 470,8 162 852,58,59,mistral_table,mistral_table,no
80,PESSOAIS,11,61,43,5 479,45 377,19,19,106,71,1 091 952,4 555 647,58,59,mistral_table,mistral_table,no
81,HIGIENE E DE ESTÉTICA PESSOAL,24,80,50,8 539,15 515,55,55,163,95,1 349 518,3 607 205,58,59,mistral_table,mistral_table,no
82,"RADIOOIFUSÃQ, TELEVISÃO_E DIVERSÕES",15,(F),(E),IX),(E),21,26,188,140,1 964 996,12 546 030,58,59,pdf_text_tokens,mistral_table,no
83,RAOIOOJFUSAO E TELEVISAO,3,IE),(D),(X),(E),3,5,94,79,964 486,6 996 626,58,59,pdf_text_layout,mistral_table,no
84,DIVERSOES,12,(E),(0),(X),(0),18,21,94,61,1 000 510,5 549 404,58,59,pdf_text_tokens,mistral_table,no
85,AUXILIARES DIVERSOS,92,2 357,1 916,220 460,674 869,114,136,1 649,1 108,21 832 671,66 563 846,58,59,mistral_table,mistral_table,no
86,AUX. DA AGROPECUÁRIA E REFLORESTAMENTO,4,75,27,24 676,74 790,2,4,442,206,6 141 260,16 221 276,58,59,mistral_table,mistral_table,no
87,"AUX. COMÉRCIO, LOCAÇÃO DE BENS E SERVIÇOS",4,43,19,5 316,12 488,17,20,134,91,2 848 250,15 566 688,58,59,mistral_table,mistral_table,no
88,"AUX. FINANC., SEGUROS E CAPITALIZAÇÃO",3,17,10,1 626,4 080,-,2,(A),(A),(A),(C),58,59,mistral_table,mistral_table,no
89,AUXILIARES DOS TRANSPORTES,10,137,101,17 263,63 437,8,13,167,149,2 399 020,9 435 068,58,59,mistral_table,mistral_table,no
90,"AUX. CONSTRUÇÃO, OBRAS, GEODÉSIA, ETC",6,237,128,32 584,78 967,8,10,145,47,2 450 544,6 059 999,58,59,mistral_table,mistral_table,no
91,"AUX. DE LIMPEZA, HIGIENIZAÇÃO, ETC",7,889,866,24 456,81 863,11,11,205,190,2 108 261,4 275 179,58,59,mistral_table,mistral_table,no
92,AUX. PRESTADOS A EMPRESAS E PESSOAS,44,930,750,109 627,346 301,52,60,492,383,4 993 680,12 181 023,58,59,mistral_table,mistral_table,no
93,AUXILIARES DA SAÚDE,6,29,15,4 912,12 943,16,16,(E),(D),(A),(D),58,59,mistral_table,mistral_table,no
94,"COMPRA, VENDA, ADMINISTRAÇÃO BENS !MOVEIS",2,(C),(B),IX),(Ol,20,20,84,40,1 122 826,6 593 455,58,59,pdf_text_tokens,mistral_table,no
95,COMPRA E VE~DA OE BE~S !MOVEIS,1,(C),(8),(X),(0),11,11,48,23,775 343,3 418 927,58,59,pdf_text_layout,mistral_table,no
96,"AOMINISTRAÇAO, ~OCAÇAO, ETC",1,(A),(A),1-X),(C),9,9,36,17,347 483,3 174 528,58,59,pdf_text_tokens,mistral_table,no
97,ARIQUEMES,160,491,204,33 193,139 814,335,338,1 087,666,12 156 755,39 940 604,58,59,mistral_table,mistral_table,no
98,CACOAL,96,352,161,23 788,74 634,147,153,560,341,5 575 560,26 019 735,58,59,mistral_table,mistral_table,no
99,CEREJEIRAS,,,,,,32,33,118,58,693 013,2 592 028,58,59,mistral_table_partial,mistral_table,yes
100,COLORADO DO OESTE,-,-,-,-,-,59,62,198,102,3 117 574,12 349 141,58,59,tesseract_por_review,mistral_table,no
101,COSTA MARQUES,-,-,-,-,-,83,84,280,148,1 987 250,8 416 060,58,59,tesseract_por_review,mistral_table,no
102,ESPIGÃO D'OESTE,-,-,-,-,-,46,47,151,81,1 401 829,5 460 857,58,59,tesseract_por_review,mistral_table,no
103,GUAJARA-MIRIM,79,254,146,24 977,87 035,117,125,401,214,3 836 639,12 862 873,58,59,mistral_table,mistral_table,no
104,JARU,-,-,-,-,-,241,246,1 184,759,9 026 962,46 023 446,58,59,tesseract_por_review,mistral_table,no
105,JI-PARANA,195,609,281,46 497,189 288,200,206,743,392,6 696 246,20 791 057,58,59,mistral_table,mistral_table,no
106,OURO PRETO DO OESTE,-,-,-,-,-,92,96,281,131,2 134 393,7 436 243,58,59,tesseract_por_review,mistral_table,no
107,PIMENTA BUENO,52,168,85,9 511,37 783,109,111,397,229,2 855 955,10 827 661,58,59,mistral_table,mistral_table,no
108,PRESIDENTE MEDICI,-,-,-,-,-,60,63,215,110,1 539 109,5 660 491,58,59,tesseract_por_review,mistral_table,no
109,ROLIM DE MOURA,-,-,-,-,-,289,291,848,462,7 969 436,29 845 292,58,59,tesseract_por_review,mistral_table,no
110,VILHENA,179,708,338,61 610,225 842,120,123,469,246,3 531 628,17 092 566,58,59,mistral_table,mistral_table,no
111,ACRE,519,2 752,1 698,273 652,1 048 127,1 001,1 040,3 570,2 102,44 770 045,136 217 921,58,59,mistral_table,mistral_table,no
112,ALOJAMENTO E ALIMENTAÇÃO,249,824,382,60 344,315 994,579,589,1 620,873,16 279 716,77 155 025,58,59,mistral_table,mistral_table,no
113,ALOJAMENTO,40,207,139,13 290,65 438,75,79,301,201,3 015 181,12 499 069,58,59,mistral_table,mistral_table,no
114,ALIMENTAÇÃO,209,617,243,47 054,250 566,504,510,1 319,672,13 264 535,64 655 956,58,59,mistral_table,mistral_table,no
115,"REPARAÇÃO, MANUTENÇÃO E INSTALAÇÃO",128,420,250,45 101,131 808,267,268,795,487,10 803 479,26 740 839,58,59,mistral_table,mistral_table,no
116,"REPARAÇÃO, MANUTENÇÃO E INSTALAÇÃO",128,420,250,45 101,131 808,267,268,795,487,10 803 479,26 740 839,58,59,mistral_table,mistral_table,no
117,"PESSOAIS, DE HIGIENE E ESTÉTICA PESSOAL",29,88,47,10 975,27 853,74,75,181,97,2 354 227,6 570 633,58,59,mistral_table,mistral_table,no
118,PESSOAIS,15,43,17,4 288,15 501,19,20,59,34,878 500,2 913 144,58,59,mistral_table,mistral_table,no
119,HIGIENE E DE ESTÉTICA PESSOAL,14,45,30,6 687,12 352,55,55,122,63,1 475 727,3 657 489,58,59,mistral_table,mistral_table,no
120,"RADIODIFUSÃO, TELEVISÃO E DIVERSÕES",30,172,127,14 408,40 430,13,22,(E),(E),(A),(D),58,59,mistral_table,mistral_table,no
121,RADIODIFUSÃO E TELEVISÃO,12,112,95,8 775,24 231,-,9,48,44,568 940,331 398,58,59,mistral_table,mistral_table,no
122,DIVERSÕES,18,60,32,5 633,16 199,13,13,90,31,606 933,1 779 000,58,59,mistral_table,mistral_table,no
123,AUXILIARES DIVERSOS,78,1 235,890,140 200,521 774,68,85,867,561,14 090 702,23 476 221,58,59,mistral_table,mistral_table,no
124,AUX. DA AGROPECUÁRIA E REFLORESTAMENTO,7,318,124,68 286,287 066,-,(F),(F),(F),(A),(F),58,59,mistral_table,mistral_table,no
125,"AUX. COMERCIO, LOCAÇAO OE BENS E SE8VIÇOS",4,(B),(A),IX>,(B),2,2,(B),(B),(A),(B),58,59,pdf_text_layout,mistral_table,no
126,"AUX. F!NANC., SEGUROS E CAPITALIZAÇAO",1,(0),(D),IX),(0),-,-,-,-,-,-,58,59,pdf_text_layout,mistral_table,no
127,AUXILIARES DOS TRANSPORTES,15,139,94,16 918,85 625,2,14,181,143,2 115 820,1 944 629,58,59,mistral_table,mistral_table,no
128,"AUX. CONSTRUÇÃO, OBRAS, GEODÉSIA, ETC",4,12,5,2 286,10 230,-,-,-,-,-,-,58,59,mistral_table,mistral_table,no
129,"AUX. DE LIMPEZA, HIGIENIZAÇÃO, ETC",4,152,143,6 989,15 837,7,7,183,173,979 446,2 434 099,58,59,mistral_table,mistral_table,no
130,AUX. PRESTADOS A EMPRESAS E PESSOAS,38,570,491,37 769,94 474,38,42,121,73,1 525 131,3 762 701,58,59,mistral_table,mistral_table,no
131,AUXILIARES DA SAÚDE,5,10,5,1 910,4 720,19,19,56,33,810 286,2 488 237,58,59,mistral_table,mistral_table,no
132,"COMPRA, VENDA, ADMINISTRAÇÃO BENS IMÓVEIS",5,13,2,2 624,10 268,-,1,(B),(B),(X),(A),60,61,mistral_table,mistral_table,no
133,COMPRA E VENDA DE BENS IMÓVEIS,3,(B),(A),(X),(A),-,-,-,-,-,-,60,61,mistral_table,mistral_table,no
134,"ADMINISTRAÇÃO, LOCAÇÃO, ETC",2,(B),(A),(X),(C),-,1,(B),(B),(X),(A),60,61,mistral_table,mistral_table,no
135,RIO BRANCO,300,2 195,1 430,229 663,886 529,639,649,2 522,1 537,33 383 552,93 544 424,60,61,mistral_table,mistral_table,no
136,ALOJAMENTO E ALIMENTAÇÃO,117,535,283,39 977,210 034,350,351,1 029,602,10 373 255,46 185 110,60,61,mistral_table,mistral_table,no
137,ALOJAMENTO,13,139,99,8 589,43 730,49,49,211,148,2 149 342,8 907 481,60,61,mistral_table,mistral_table,no
138,ALIMENTAÇÃO,104,396,184,31 388,166 304,301,302,818,454,8 223 913,37 277 629,60,61,mistral_table,mistral_table,no
139,"REPARAÇÃO, MANUTENÇÃO E INSTALAÇÃO",86,317,195,35 644,112 452,191,191,600,376,8 477 779,21 003 269,60,61,mistral_table,mistral_table,no
140,"REPARAÇÃO, MANUTENÇÃO E INSTALAÇÃO",86,317,195,35 644,112 452,191,191,600,376,8 477 779,21 003 269,60,61,mistral_table,mistral_table,no
141,"PESSOAIS, DE HIGIENE E ESTÉTICA PESSOAL",21,70,38,9 315,22 453,52,52,135,78,1 794 227,5 119 543,60,61,mistral_table,mistral_table,no
142,PESSOAIS,9,32,13,3 190,12 161,12,12,42,30,622 600,2 119 054,60,61,mistral_table,mistral_table,no
143,HIGIENE E DE ESTÉTICA PESSOAL,12,38,25,6 155,10 292,40,40,93,48,1 171 627,3 000 489,60,61,mistral_table,mistral_table,no
144,"RADIODIFUSÃO, TELEVISÃO E DIVERSÕES",10,98,80,9 670,26 794,3,4,(D),(D),(X),(B),60,61,mistral_table,mistral_table,no
145,RADIODIFUSÃO E TELEVISÃO,3,64,56,6 513,17 316,-,1,(C),(C),(X),(A),60,61,mistral_table,mistral_table,no
146,DIVERSÕES,7,34,24,3 157,9 478,3,3,(C),(B),(X),(B),60,61,mistral_table,mistral_table,no
147,AUXILIARES DIVERSOS,61,1 162,832,132 433,504 528,43,50,721,447,12 313 569,20 498 055,60,61,mistral_table,mistral_table,no
148,AUX. DA AGROPECUÁRIA E REFLORESTAMENTO,7,318,124,68 286,297 066,-,1,(F),(F),(X),(F),60,61,mistral_table,mistral_table,no
149,"AUX. COMÉRCIO, LOCAÇÃO DE BENS E SERVIÇOS",1,(B),(A),(X),(B),1,1,(B),(A),(X),(A),60,61,mistral_table,mistral_table,no
150,"AUX. FINANC., SEGUROS E CAPITALIZAÇÃO",1,(D),(D),(X),(D),-,-,-,-,-,-,60,61,mistral_table,mistral_table,no
151,AUXILIARES DOS TRANSPORTES,7,95,54,12 918,76 765,2,5,100,62,1 324 668,1 587 581,60,61,mistral_table,mistral_table,no
152,"AUX. CONSTRUÇÃO, OBRAS, GEODÉSIA, ETC",3,9,3,1 700,8 530,,,,,,,60,61,mistral_table,missing,yes
153,"AUX. DE LIMPEZA, HIGIENIZAÇÃO, ETC",3,149,142,6 887,15 183,5,5,177,170,921 082,2 266 092,60,61,mistral_table,mistral_table,no
154,AUX. PRESTADOS A EMPRESAS E PESSOAS,33,549,476,35 110,89 462,22,25,82,53,1 028 790,2 641 571,60,61,mistral_table,mistral_table,no
155,AUXILIARES DA SAÚDE,3,8,5,1 510,3 700,13,13,38,24,419 036,1 306 256,60,61,mistral_table,mistral_table,no
156,"COMPRA, VENDA, ADMINISTRAÇÃO BENS IMÓVEIS",5,13,2,2 624,10 268,-,1,(B),(B),(X),(A),60,61,mistral_table,mistral_table,no
157,COMPRA E VENDA DE BENS IMÓVEIS,3,(B),(A),(X),(A),-,-,-,-,-,-,60,61,mistral_table,mistral_table,no
158,"ADMINISTRAÇÃO, LOCAÇÃO, ETC",2,(B),(A),(X),(C),-,1,(B),(B),(X),(A),60,61,mistral_table,mistral_table,no
159,ASSIS BRASIL,-,-,-,-,-,1,2,(A),(A),(X),(A),60,61,mistral_table,mistral_table,no
160,BRASILEIA,28,100,46,7 817,35 843,64,69,188,103,1 075 973,11 005 032,60,61,mistral_table,mistral_table,no
161,CRUZEIRO DO SUL,72,194,119,16 832,52 666,87,96,293,182,3 725 556,9 533 106,60,61,mistral_table,mistral_table,no
162,FEIJO,14,22,5,986,5 306,23,25,42,19,446 546,1 371 317,60,61,mistral_table,mistral_table,no
163,MANCIO LIMA,2,(A),(A),(X),(A),-,-,-,-,-,-,60,61,mistral_table,mistral_table,no
164,MANOEL URBANO,2,(B),(A),(X),(A),7,7,12,4,106 260,784 860,60,61,mistral_table,mistral_table,no
165,PLACIDO DE CASTRO,5,16,5,560,6 820,19,20,52,32,725 680,1 935 754,60,61,mistral_table,mistral_table,no
166,SENADOR GUIOMARD,6,22,12,1 778,5 301,55,56,135,80,1 894 163,5 437 241,60,61,mistral_table,mistral_table,no
167,SENA MADUREIRA,38,65,18,5 428,19 904,48,52,143,67,1 728 869,5 793 710,60,61,mistral_table,mistral_table,no
168,TARAUACA,21,52,27,4 630,13 519,24,26,79,42,680 463,2 345 721,60,61,mistral_table,mistral_table,no
169,XAPURI,31,77,32,5 139,21 185,34,38,100,35,985 331,4 434 156,60,61,mistral_table,mistral_table,no
170,AMAZONAS,1 798,15 772,11 138,2 005 486,8 583 292,2 957,3 098,22 277,16 968,253 694 456,012 561 152,60,61,mistral_table,pdf_text_layout,no
171,ALOJAMENTO E ALIMENTAÇÃO,828,5 152,3 229,501 292,2 559 932,1 527,1 563,7 748,5 085,75 208 868,344 020 559,60,61,mistral_table,pdf_text_layout,no
172,ALOJAMENTO,116,1 985,1 352,221 414,1 097 263,149 156,2 806,2 001,27 754,212 130,779 853,60,61,mistral_table,tesseract_por_review,no
173,ALIMENTAÇÃO,712,3 167,1 877,279 878,1 462 669,1 378,1 407,5 342,3 084,47,454 656,60,61,mistral_table,pdf_text_tokens,no
174,"REPARAÇÃO, MANUTENÇÃO E INSTALAÇÃO",373,1 642,1 039,202 690,664 136,670,675,2 369,387,26 752 223,81 607 5{5,60,61,mistral_table,pdf_text_layout,no
175,"REPARAÇÃO, MANUTENÇÃO E INSTALAÇÃO",373,1 642,1 039,202 690,664 136,670,675,2 369,387,26 752 223,81 607 626,60,61,mistral_table,pdf_text_layout,no
176,"PESSOAIS, DE HIGIENE E ESTÉTICA PESSOAL",126,468,284,49 718,138 052,173 177,664 417,6,061 031,20,093 319,60,61,mistral_table,mistral_table,no
177,PESSOAIS,41,235,152,21 123,72 929,38,42,262,192,2 108 373,7 060 763,60,61,mistral_table,pdf_text_layout,no
178,HIGIENE E DE ESTÉTICA PESSOAL,85,233,132,28 595,65 123,135 135,402 225,3,952 658,13,032 556,60,61,mistral_table,mistral_table,no
179,"RADIODIFUSÃO, TELEVISÃO E DIVERSÕES",77,727,484,84 646,450 470,47,75,833,630,9 210 793,42 597 478,60,61,mistral_table,pdf_text_layout,no
180,RADIODIFUSÃO E TELEVISÃO,39,572,404,66 544,327 895,10,29,595,449,7 054 571,26 213 076,60,61,mistral_table,pdf_text_layout,no
181,DIVERSÕES,38,155,80,18 102,122 575,37,46,238,181,2 156 222,16 384 402,60,61,mistral_table,pdf_text_layout,no
182,AUXILIARES DIVERSOS,369,7 646,6 031,1 144 614,4 682 249,495 563,10 394,9 261,133 405,205 511,300 821,60,61,mistral_table,mistral_table,no
183,AUX. DA AGROPECUÁRIA E REFLORESTAMENTO,3,476,100,141 797,309 817,,,,,,,60,61,mistral_table,mistral_table_partial,yes
184,"AUX. COMÉRCIO, LOCAÇÃO DE BENS E SERVIÇOS",81,627,382,110 965,725 024,105 115,638 417,11,876 732,84,811 337,60,61,mistral_table,mistral_table,no
185,"AUX. FINANC., SEGUROS E CAPITALIZAÇÃO",17,88,50,12 142,57 480,8,12,(D),(D),(X),(F),60,61,mistral_table,mistral_table,no
186,AUXILIARES DOS TRANSPORTES,53,1 689,1 373,323 242,1 323 127,26,53 687,1 559,30 486,379 125,124 177,60,61,mistral_table,pdf_text_tokens,no
187,"AUX. CONSTRUÇÃO, OBRAS, GEODÉSIA, ETC",14,1 108,1 059,90 666,345 588,16,25 182,1 134,18 162,916 117,488 620,60,61,mistral_table,pdf_text_tokens,no
188,"AUX. DE LIMPEZA, HIGIENIZAÇÃO, ETC",16,1 153,1 072,81 183,157 082,20,20,728,1 670,11 789 873,25 190 677,60,61,mistral_table,pdf_text_layout,no
189,AUX. PRESTADOS A EMPRESAS E PESSOAS,154,2 321,1 877,360 761,1 704 482,285 302,4 325,3 721,39 641,866 114,702 799,60,61,mistral_table,mistral_table,no
190,AUXILIARES DA SAÚDE,31,184,118,23 858,59 649,35,35,162,104,1 686 992,8 037 330,60,61,mistral_table,pdf_text_layout,no
191,"COMPRA, VENDA, ADMINISTRAÇÃO BENS IMÓVEIS",25,137,71,22 526,88 453,45,45,269,188,3 056 336,12 941 349,60,61,mistral_table,pdf_text_layout,no
192,COMPRA E VENDA DE BENS IMÓVEIS,17,109,59,18 816,79 997,18,18,74,41,1 319 748,2 655 282,60,61,mistral_table,pdf_text_layout,no
193,"ADMINISTRAÇÃO, LOCAÇÃO, ETC",8,28,12,3 710,8 456,27,27,195,147,1 736 588,10 286 067,60,61,mistral_table,pdf_text_layout,no
194,MANAUS,1 295,14 313,10 527,1 866 572,7 982 272,1 928,2 022,18 854,15 137,218 889 678,869 144 325,60,61,mistral_table,pdf_text_layout,no
195,ALOJAMENTO E ALIMENTAÇÃO,489,4 235,2 916,419 265,2 147 750,778,802,5 500,3 997,53 728 398,243 786 684,62,63,mistral_table,mistral_table,no
196,ALOJAMENTO,62,1 767,1 231,198 956,997 883,57,60,2 050,1 791,23 933 281,112 290 036,62,63,mistral_table,mistral_table,no
197,ALIMENTAÇÃO,427,2 468,1 685,220 309,1 149 867,721,742,3 450,2 206,29 795 117,131 496 648,62,63,mistral_table,mistral_table,no
198,"REPARAÇÃO, MANUTENÇÃO E INSTALAÇÃO",299,1 421,927,177 124,585 042,477,479,1 759,1 053,20 403 478,61 131 598,62,63,mistral_table,mistral_table,no
199,"REPARAÇÃO, MANUTENÇÃO E INSTALAÇÃO",299,1 421,927,177 124,585 042,477,479,1 759,1 053,20 403 478,61 131 598,62,63,mistral_table,mistral_table,no
200,"PESSOAIS, DE HIGIENE E ESTÉTICA PESSOAL",111,431,273,45 738,127 436,146,150,553,344,5 042 862,16 717 683,62,63,mistral_table,mistral_table,no
201,PESSOAIS,32,213,149,19 322,66 060,25,29,185,137,1 440 078,4 707 727,62,63,mistral_table,mistral_table,no
202,HIGIENE E DE ESTÉTICA PESSOAL,79,218,124,26 416,61 376,121,121,368,207,3 602 784,12 009 956,62,63,mistral_table,mistral_table,no
203,"RADIODIFUSÃO, TELEVISÃO E DIVERSÕES",26,543,374,70 980,400 069,24,33,625,474,7 107 761,38 951 969,62,63,mistral_table,mistral_table,no
204,RADIODIFUSÃO E TELEVISÃO,12,460,326,58 891,306 081,7,10,457,335,5 429 576,24 804 737,62,63,mistral_table,mistral_table,no
205,DIVERSÕES,14,83,48,12 069,93 988,17,23,168,139,1 678 085,14 147 232,62,63,mistral_table,mistral_table,no
206,AUXILIARES DIVERSOS,345,7 546,5 966,1 130 959,4 633 522,458,513,10 148,9 081,129 550 843,495 615 042,62,63,mistral_table,mistral_table,no
207,AUX. DA AGROPECUÁRIA E REFLORESTAMENTO,2,(F),(E),(X),(G),,,,,,,62,63,mistral_table,mistral_table_partial,yes
208,"AUX. COMÉRCIO, LOCAÇÃO DE BENS E SERVIÇOS",81,527,382,110 965,725 024,99,109,615,404,11 609 712,82 499 243,62,63,mistral_table,mistral_table,no
209,"AUX. FINANC., SEGUROS E CAPITALIZAÇÃO",17,88,50,12 142,57 480,8,12,42,29,671 789,7 540 353,62,63,mistral_table,mistral_table,no
210,AUXILIARES DOS TRANSPORTES,50,1 672,1 361,320 309,1 316 064,24,39,1 610,1 494,29 469 321,124 056 291,62,63,mistral_table,mistral_table,no
211,"AUX. CONSTRUÇÃO, OBRAS, GEODÉSIA, ETC",13,1 104,1 057,90 446,343 886,16,24,1 173,1 125,17 902 876,110 898 503,62,63,mistral_table,mistral_table,no
212,"AUX. DE LIMPEZA, HIGIENIZAÇÃO, ETC",12,1 137,1 061,80 287,154 466,16,16,1 663,1 614,10 422 047,22 541 158,62,63,mistral_table,mistral_table,no
213,AUX. PRESTADOS A EMPRESAS E PESSOAS,142,2 289,1 859,354 719,1 684 007,270,287,4 282,3 701,38 985 107,112 968 418,62,63,mistral_table,mistral_table,no
214,AUXILIARES DA SAÚDE,28,(F),(F),(X),(E),25,25,(F),(E),(X),(F),62,63,mistral_table,pdf_text_tokens,no
215,"COMPRA, VENDA, ADMINISTRAÇÃO BENS IMÓVEIS",25,137,71,22 526,88 453,45,45,269,188,3 056 336,12 941 349,62,63,mistral_table,mistral_table,no
216,COMPRA E VENDA DE BENS IMÓVEIS,17,109,59,18 816,79 997,18,18,74,41,1 319 748,2 655 282,62,63,mistral_table,mistral_table,no
217,"ADMINISTRAÇÃO, LOCAÇÃO, ETC",8,28,12,3 710,8 456,27,27,195,147,1 736 588,10 286 067,62,63,mistral_table,mistral_table,no
218,AMATURA,-,-,-,-,-,4,4,7,3,80 000,256 000,62,63,mistral_table,mistral_table,no
219,ANDRI,8,22,2,1 431,6 180,4,4,10,-,50 000,160 000,62,63,mistral_table,mistral_table,no
220,ATALAÍA DO NORTE,4,11,4,743,4 349,5,5,12,5,107 400,550 000,62,63,mistral_table,mistral_table,no
221,AUTAZES,1,(A),(A),(X),(A),6,6,12,1,152 000,565 500,62,63,mistral_table,mistral_table,no
222,BARCELOS,5,13,5,1 134,3 516,2,3,6,3,97 836,143 790,62,63,mistral_table,mistral_table,no
223,BARREIRINHA,2,(B),(A),(X),(B),7,7,24,11,182 100,1 495 872,62,63,mistral_table,mistral_table,no
224,BENJAMIN CONSTANT,41,161,98,18 500,73 766,50,52,150,86,1 551 787,5 023 549,62,63,mistral_table,mistral_table,no
225,BERURI,-,-,-,-,-,1,1,(B),(A),(X),(A),62,63,mistral_table,mistral_table,no
226,BOA VISTA DO RAMOS,-,-,-,-,-,2,2,(A),(A),(X),(B),62,63,mistral_table,mistral_table,no
227,BOCA DO ACRE,22,53,16,4 994,24 817,23,24,77,37,583 155,1 833 582,62,63,mistral_table,mistral_table,no
228,BORBA,4,13,9,1 285,4 529,8,8,25,12,316 880,2 353 749,62,63,mistral_table,mistral_table,no
229,CAAPIRANGA,-,-,-,-,-,1,1,(A),(A),(X),(A),62,63,mistral_table,mistral_table,no
230,CANUTAMA,3,9,5,844,3 960,-,-,-,-,-,-,62,63,mistral_table,mistral_table,no
231,CARAUARI,10,41,21,3 676,30 201,12,13,81,72,1 637 040,10 127 217,62,63,mistral_table,mistral_table,no
232,CAREIRO,3,11,3,595,2 470,7,8,30,15,205 956,888 933,62,63,mistral_table,mistral_table,no
233,COARI,37,102,23,12 849,48 064,35,38,128,76,992 555,5 578 348,62,63,mistral_table,mistral_table,no
234,CODAJAS,6,19,10,845,3 888,6,7,17,6,301 000,1 706 500,62,63,mistral_table,mistral_table,no
235,EIRUNEPE,15,42,21,3 600,14 782,10,13,40,25,489 612,1 506 590,62,63,mistral_table,mistral_table,no
236,FONTE BOA,10,24,6,1 180,5 550,3,3,11,3,139 200,449 000,62,63,mistral_table,mistral_table,no
237,HUMAITA,21,61,31,7 654,29 723,20,25,83,34,911 205,3 264 718,62,63,mistral_table,mistral_table,no
238,IPIXUNA,2,(B),(A),(X),(B),1,1,(A),(A),(X),(A),62,63,mistral_table,mistral_table,no
239,IRANDUBA,-,-,-,-,-,11,11,31,16,208 030,612 575,62,63,mistral_table,mistral_table,no
240,ITACOATIARA,48,149,78,14 946,57 752,158,160,565,274,5 670 559,26 908 101,62,63,mistral_table,mistral_table,no
241,ITAPIRANGA,3,6,-,130,1 190,12,12,47,14,423 601,1 123 920,62,63,mistral_table,mistral_table,no
242,JAPURA,-,-,-,-,-,3,3,8,4,126 000,386 000,62,63,mistral_table,mistral_table,no
243,JURUA,-,-,-,-,-,2,2,(A),(A),(X),(A),62,63,mistral_table,mistral_table,no
244,JUTAI,2,(B),(A),(X),(B),4,4,12,5,180 000,1 111 300,62,63,mistral_table,mistral_table,no
245,LABREA,20,44,22,8 668,48 040,20,22,66,42,995 952,2 667 743,62,63,mistral_table,mistral_table,no
246,MANACAPURU,49,131,49,10 343,36 256,73,75,221,112,1 826 904,9 052 393,62,63,mistral_table,mistral_table,no
247,MANICORE,32,89,34,5 518,18 028,17,19,54,19,508 887,1 221 212,62,63,mistral_table,mistral_table,no
248,MARÁA,2,(A),(A),(X),(B),1,1,(A),(A),(X),(A),62,63,mistral_table,mistral_table,no
249,MAUES,20,64,30,7 849,48 227,59,60,190,97,1 529 278,9 633 501,62,63,mistral_table,mistral_table,no
250,NHAMUNDA,1,(A),(A),(X),(A),1,1,(A),(A),(X),(A),62,63,mistral_table,mistral_table,no
251,NOVA OLINDA DO NORTE,6,11,438,1,980,2,2,(B),(A),(X),(A),64,65,pdf_text_tokens,mistral_table,no
252,NOVO A!RÃO,2,(A),(A),(X),IA),2,2,(A),(A),(X),(A),64,65,pdf_text_tokens,mistral_table,no
253,NOVO ARIPUANÃ,2,(8),(A),(X),(A),11,11,18,8,192 370,2 003 080,64,65,pdf_text_tokens,mistral_table,no
254,PARINTINS,58,179,85,17 181,67 165,111,120,389,210,2 711 195,10 820 992,64,65,pdf_text_tokens,mistral_table,no
255,PAUINI,14,3,588,4,2.25,3,3,10,4,33 400,145 600,64,65,pdf_text_tokens,mistral_table,no
256,PRESIDENTE FIGUEIREDO,-,-,-,-,-,3,3,52,47,525 561,1 681 785,64,65,tesseract_por_review,mistral_table,no
257,RIO PRETO DA EVA,-,-,-,-,-,2,2,(B),(A),(X),(A),64,65,tesseract_por_review,mistral_table,no
258,SANTA ISABEL DO RIO NEGRO,-,-,-,-,=,1,1,(A),(A),(X),(A),64,65,tesseract_por_review,mistral_table,no
259,SANTO ANTON l O DO l,(A),8,4,228,1 485,6,6,27,14,271 400,780 000,64,65,pdf_text_tokens,mistral_table,no
260,SÃO GABRIEL DA CACHOEIRA,26,1,254,4,226,25,26,85,44,1 013 868,5 976 810,64,65,pdf_text_tokens,mistral_table,no
261,SÃO PAULO DE OLIVENÇA,7,22,11,689,030,4,6,12,7,158 940,552 050,64,65,pdf_text_tokens,mistral_table,no
262,SILVES,1,(A),(A),(X),(A),4,4,21,12,241 950,973 756,64,65,tesseract_por_review,mistral_table,no
263,TABATINGA,-,-,-,-,-,203,206,596,355,7 929 260,23 852 470,64,65,tesseract_por_review,mistral_table,no
264,TAPAUA,4,9,-,281,1 687,11,11,27,12,127 884,814 975,64,65,tesseract_por_review,mistral_table,no
265,TEFE,30,77,26,186,26 627,50,54,159,99,1 367 208,3 962 811,64,65,pdf_text_tokens,mistral_table,no
266,TONANTINS,-,-,-,-,-,2,2,(B),(A),(X),(A),64,65,tesseract_por_review,mistral_table,no
267,URUCARA,3,8,605,3,051,4,5,16,7,118 276,266 020,64,65,pdf_text_tokens,mistral_table,no
268,URUCURITUBA,2,(A),(A),(X),IA),17,17,56,20,564 485,1 472 800,64,65,pdf_text_tokens,mistral_table,no
269,RORAIMA,233,1,271 818,185 094,475 358,422,438,2 255,1 285,29 789 825,88 778 085,64,65,pdf_text_tokens,mistral_table,no
270,ALOJAMENTO E ALIMENTAÇÃO,114,407,170,35,304,270,274,847,320,9 644 633,36 878 278,64,65,mistral_table,mistral_table,no
271,ALOJAMENTO,15,93,56,7,245,17,20,167,132,1 428 195,7 274 159,64,65,mistral_table,mistral_table,no
272,ALIMENTAÇÃO,99,314,114,28,099,253,254,680,188,8 216 438,29 604 119,64,65,mistral_table,mistral_table,no
273,"REPARAÇÃO, MANUTENÇÃO E INSTALAÇÃO",55,155,66,17,449,100,100,350,199,4 869 788,13 229 670,64,65,mistral_table,mistral_table,no
274,"REPARAÇÃO, MANUTENÇÃO E INSTALAÇÃO",55,155,66,17,449,100,100,350,199,4 869 788,13 229 670,64,65,mistral_table,mistral_table,no
275,"PESSOAIS, DE HIGIENE E ESTETICA PESSOAL",18,(D),(C),(X),(D),14,15,(D),(D),(X),(D),64,65,mistral_table,mistral_table,no
276,PESSOAIS,10,(D),(A),(X),(B),6,6,(C),(B),(X),(B),64,65,mistral_table,mistral_table,no
277,HIGIENE E DE ESTETICA PESSOAL,8,(D),(B),(X),(C),8,9,(D),(C),(X),(C),64,65,mistral_table,mistral_table,no
278,"RADIODIFUSÃO, TELEVISÃO E DIVERSÕES",6,66,59,9,143,5,8,79,59,1 003 065,3 619 370,64,65,mistral_table,mistral_table,no
279,"REPARAÇÃO, MANUTENÇÃO E INSTALAÇÃO",52,149,63,15,337,1,3,60,51,762 096,2 663 272,64,65,mistral_table,mistral_table,no
280,SANTOSPESIA E ECTE,1,(A),(A),(X),(B),4,5,19,8,240 969,956 098,64,65,mistral_table,mistral_table,no
281,AUXILIARES DISTRANSPORTES,2,(C),(C),(X),(D),31,39,927,682,13 713 507,33 265 584,64,65,mistral_table,mistral_table,no
282,"RADIODIFUSÃO, TELEVISÃO E DIVERSÕES",10,(D),(B),(X),(C),-,2,(F),(F),(X),(F),64,65,mistral_table,mistral_table,no
283,DIVERSÕES,4,(C),(B),(X),(C),1,1,(A),(A),(X),(A),64,65,mistral_table,mistral_table,no
284,AUXILIARES DO~ TRANSPORTES,3,27,27,5 121,14 763,3,7,69,53,1 493 625,4 711 912,64,65,pdf_text_tokens,mistral_table,no
285,"AUX. CONSTRUÇAO, OBRAS, GEOºESIA, ETC",6,48,3s,5 592,22 954,3,3,46,40,800 764,6 713 661,64,65,tesseract_por_review,mistral_table,no
286,"AUX. DE LIMPEZA, HIGIENIZAÇAO, ETC",3 173,16S,5 522,2.0,685,5,5,278,255,1 626 398,6 340 148,64,65,pdf_text_tokens,mistral_table,no
287,AUX. PRESTADOS A EMPRESAS E PESSOAS,16,168,118,21 212,41 638,17,19,240,188,2 528 888,4 766 557,64,65,pdf_text_layout,mistral_table,no
288,AUXILIARES DA SAUDE,5,15,8,1 128,3 140,2,2,(A),(A),(X),(A),64,65,pdf_text_tokens,mistral_table,no
289,"COMPRA, VENDA, ADMINISTRAÇÃO BENS !MOVEIS",10,(D),(A),(X),(B),2,2,(B),(A),(X),(B),64,65,tesseract_por_review,mistral_table,no
290,COMPRA,,,,,,1,1,(A),(A),(X),(A),64,65,pdf_text_tokens_partial,mistral_table,yes
291,"ADMIN!STRAÇAO, LOCAÇAO, ETC",1,(A),(A),[2.9,(A),1,1,(B),(A),(X),(B),64,65,tesseract_por_review,mistral_table,no
292,BOA VISTA,210,1,216 805,173 118,06 425,353,365,2 030,1 201,27 038 404,78 880 858,64,65,pdf_text_tokens,mistral_table,no
293,"ALO.JAMENTO E ALIMENTAÇÃO ... , . . . . . . . . . . . . . , . . . . . . . . . . . . . . '",97,362,162,28 618,139 057,211,213,679,279,7 639 633,28 760 488,64,65,pdf_text_layout,mistral_table,no
294,ALOJAMENTQ,13,85,53,6 803,39 039,11,12,146,119,1 156 895,5 595 659,64,65,pdf_text_tokens,mistral_table,no
295,ALI MENTAÇAO,84,277,109,21 815,100 018,200,201,533,160,6 482 738,23 164 829,64,65,pdf_text_tokens,mistral_table,no
296,"REPARAÇÃQ, MANUTENÇÃQ E !NSTALAÇÃQ",52,149,63,15 337,46 088,91,91,323,185,4 363 888,11 842 713,64,65,pdf_text_layout,mistral_table,no
297,"REPARAÇAO, MANUTENÇAO E INSTALAÇAO",52,149,63,15 337,46 088,91,91,323,185,4 363 888,11 842 713,64,65,pdf_text_layout,mistral_table,no
298,"PESSOAIS, DE HIGIENE E ESTETICA PESSOAL",18,(D),(Cl,(Xl,(D),14,15,(D),(D),(X),(D),64,65,pdf_text_layout,mistral_table,no
299,PESSOAIS,10,(D),(A),(X),(8),6,6,(C),(B),(X),(B),64,65,pdf_text_tokens,mistral_table,no
300,HIGIENE E DE ESTETICA PESSOAL,8,(D),(B),<X>,(C),8,9,(D),(C),(X),(C),64,65,pdf_text_layout,mistral_table,no
301,"RADIODIFUSÃQ, TELEVISÃO.E DIVERSÕES",6,66,59,9 143,28 799,5,8,79,59,1 003 065,3 619 370,64,65,pdf_text_tokens,mistral_table,no
302,RADIODJFUSAO E TELEVISAO,2,(E),(E),(X),(D),1,3,60,51,762 096,2 663 272,64,65,pdf_text_layout,mistral_table,no
303,DIVERSOES,4,(C),(B),IX),(C),4,5,19,8,240 969,956 098,64,65,pdf_text_tokens,mistral_table,no
304,AUXILIARES DIVERSOS,36,594,507,115,348,30,36,897,653,13 472 986,32 873 104,64,65,mistral_table,mistral_table,no
305,AUX. DA AGROPECUARIA E REFLORESAMENTO,2,(F),(F),(X),(F),-,2,(F),(F),(X),(F),64,65,mistral_table,mistral_table,no
306,"AUX. COMÉRCIO, LOCAÇÃO DE BENS E SERVIÇOS",2,(C),(C),(X),(D),1,1,(A),(A),(X),(A),64,65,mistral_table,mistral_table,no
307,AUXILIARES DOS TRANSPORTES,2,(D),(D),(X),(D),3,6,65,49,1 438 449,4 655 039,64,65,mistral_table,mistral_table,no
308,"AUX. CONSTRUÇÃO, OBRAS, GEOGESIA, ETC",6,48,35,5,592,3,3,46,40,800 764,6 713 661,64,65,mistral_table,mistral_table,no
309,"AUX. DE LIMPEZA, HIGIENIZAÇÃO, ETC",3,173,165,5,522,5,5,278,255,1 626 398,6 340 148,64,65,mistral_table,mistral_table,no
310,AUX. PRESTADOS A EMPRESAS E PESSOAS,16,168,118,21,212,16,17,214,163,2 343 743,4 430 950,64,65,mistral_table,mistral_table,no
311,AUXILIARES DA SAÚDE,5,15,8,1,128,2,2,(A),(A),(X),(A),64,65,mistral_table,mistral_table,no
312,"COMPRA, VENDA, ADMINISTRAÇÃO BENS IMOVEIS",1,(A),(A),"[6,9]",(A),2,2,(B),(A),(X),(B),66,67,tesseract_por_review,mistral_table,no
313,COMPRA E VENDA DE BENS IMOVEIS,,,,,,1,1,(A),(A),(X),(A),66,67,mistral_table_partial,mistral_table,yes
314,"ADMINISTRAÇÃO, LOCAÇÃO, ETC",1,(A),(A),(XxX),(A),1,1,(B),(A),(X),(B),66,67,tesseract_por_review,mistral_table,no
315,ALTO ALEGRE,-,-,-,-,-,12,12,36,7,313 100,1 348 700,66,67,tesseract_por_review,mistral_table,no
316,CARACARAI,23,55,13,11 976,28 933,18,22,82,53,1 244 721,3 322 487,66,67,mistral_table,mistral_table,no
317,MUCAJAI,-,-,-,-,-,21,21,55,8,378 200,1 729 240,66,67,tesseract_por_review,mistral_table,no
318,NORMANDIA,-,-,-,-,-,2,2,(B),(A),(X),(A),66,67,tesseract_por_review,mistral_table,no
319,SÃO JOÃO DA BALIZA,-,-,-,-,-,7,7,17,6,396 400,1 876 800,66,67,tesseract_por_review,mistral_table,no
320,SÃO LUIZ,-,-,-,-,-,9,9,26,7,337 400,1 392 000,66,67,tesseract_por_review,mistral_table,no
321,PARA,4 832,32 510,22 230,4 084 310,17 112 006,6 685,6 950,47 537,35 690,489 046 747,1 763 944 840,66,67,pdf_text_layout,mistral_table,no
322,ALOJAMENTO E ALIMENTAÇÃO,2 206,9 912,5 329,777 440,4 527 467,3 221,3 280,13 981,8 434,120 676 980,552 675 950,66,67,pdf_text_layout,mistral_table,no
323,ALOJAMENTQ,399,3 002,1 927,250 309,1 151 147,453,472,3 837,2 917,29 796 082,128 050 056,66,67,pdf_text_layout,mistral_table,no
324,ALIMENTAÇAO,1 807,6 910,3 402,527 131,3 376 320,2 766,2 808,10 144,5 517,90 860 898,424 625 894,66,67,pdf_text_layout,mistral_table,no
325,"REPARAÇÃQ, MANUTENÇÃQ E INSTALAÇÃQ",149,4 817,2 950,493 877,570 197,1 698,1 713,6 484,4 174,66 781 291,198 562 469,66,67,pdf_text_layout,mistral_table,no
326,"REPARAÇAO, MANUTENÇAO E I NS TALAÇAO",149,4 817,2 950,493 877,570 197,1 698,1 713,6 484,4 174,66 781 291,198 562 469,66,67,pdf_text_layout,mistral_table,no
327,"PESSOAIS, DE HIGIENE E ESTÉTICA PESSOAL",345,1 318,764,114 161,401 823,442,466,1 736,1 094,16 675 097,48 010 161,66,67,mistral_table,mistral_table,no
328,PESSOAIS,140,639,361,59 145,271 650,145,157,728,491,5 801 129,21 416 759,66,67,mistral_table,mistral_table,no
329,HIGIENE E DE ESTÉTICA PESSOAL,205,679,403,55 016,130 173,297,299,1 008,603,10 873 968,26 593 402,66,67,mistral_table,mistral_table,no
330,"RADIODIFUSÃO, TELEVISÃO E DIVERSÕES",229,1 459,891,146 217,772 376,275,291,1 871,1 411,20 741 130,110 595 437,66,67,mistral_table,mistral_table,no
331,RADIODIFUSÃO E TELEVISÃO,21,581,356,73 081,376 888,20,24,606,526,5 253 417,40 136 410,66,67,mistral_table,mistral_table,no
332,DIVERSÕES,208,878,535,76 136,395 488,255,267,1 263,885,15 487 713,70 459 027,66,67,mistral_table,mistral_table,no
333,AUXILIARES DIVERSOS,836,14 733,12 166,2 517 704,9 683 943,962,1 112,22 998,20 266,259 407 791,837 005 096,66,67,pdf_text_layout,mistral_table,no
334,AUX. DA AGROPECUARIA E REFLORESTAMENTO,35,1 345,987,253 057,612 804,28,30,6 403,5 984,42 121 257,112 918 139,66,67,mistral_table,mistral_table,no
335,"AUX. COMERCIO, LOCAÇAO DE BENS E SE8VIÇOS",186,1 641,170,269 389,571 926,228,254,2 667,2 211,36 622 409,193 591 375,66,67,pdf_text_layout,mistral_table,no
336,AUX. FINANC. SEGUROS E CAPITALIZAÇÃO,20,95,71,15 300,64 232,11,20,1 187,55,1 369 058,17 473 255,66,67,mistral_table,mistral_table,no
337,AUXILIARES DO~ TRANSPORTES,124,1 580,1 123,264 883,1 469 231,67,119,1 767,1 494,35 273 808,90 388 752,66,67,pdf_text_layout,mistral_table,no
338,"AUX. CONSTRUÇAO, OBRAS, GEO~ESIA, ETC",40,2 333,2 110,054 526,3 ·964 571,33,60,2 417,2 283,61 751 180,231 359 097,66,67,pdf_text_layout,mistral_table,no
339,"AUX. DE LIMPEZA, HIGIENIZAÇÃO, ETC",26,2 712,2 512,120 395,281 243,37,39,1 138,1 079,7 733 624,22 189 207,66,67,mistral_table,mistral_table,no
340,AUX. PRESTADOS A EMPRESAS E PESSOAS,342,4 728,3 921,499 613,600 821,471,503,8 095,5 867,70 108 924,155 299 590,66,67,pdf_text_layout,mistral_table,no
341,AUXILIARES DA SAÚDE,63,299,172,40 541 119,115 115,87,87,424,280,4 427 531,13 785 681,66,67,mistral_table,mistral_table,no
342,"COMPRA, VENDA, ADMINISTRAÇÃO BENS IMOVEIS",67,271,130,32 911,156 200,87,88,467,311,4 764 458,17 095 727,66,67,mistral_table,mistral_table,no
343,COMPRA E VENDA DE BENS IMOVEIS,51,212,99,26 504,138 008,58,58,195,101,2 043 717,7 283 251,66,67,mistral_table,mistral_table,no
344,"ADMINISTRAÇÃO, LOCAÇÃO, ETC",16,59,31,6 407,18 192,29,30,272,210,2 720 741,9 812 476,66,67,mistral_table,mistral_table,no
345,REGIÃO METROPOLITANA,965,19 491,14 543,2 423 341,10 736 652,2 139,2 304,22 870,17 954,236 199 211,831 610 687,66,67,pdf_text_layout,mistral_table,no
346,ALOJAMENTO E ALIMENTAÇÃO,689,4 458,2 965,34b 759,1 861 015,729,757,5 145,3 770,30 370 334,133 057 326,66,67,pdf_text_layout,mistral_table,no
347,ALOJAMENTO,81,1 547,1 199,128 364,579 962,85,91,1 812,1 616,10 943 643,48 029 884,66,67,mistral_table,mistral_table,no
348,ALIMENTAÇAO,608,2 911,1 766,218 395,281 053,644,666,3 333,2 154,19 426 691,85 027 442,66,67,pdf_text_tokens,mistral_table,no
349,"REPARAÇÃQ, MANUTENÇÃQ E INSTALACÃQ",463,2 394,525,262 135,-859 575,494,503,2 290,1 513,20 052 621,55 709 201,66,67,pdf_text_layout,mistral_table,no
350,"REPARAÇÃO, MANUTENÇÃO E INSTALAÇÃO",463,2 394,1 525,262 135,859 575,494,503,2 290,1 513,20 052 621,55 709 201,66,67,mistral_table,mistral_table,no
351,"PESSOAIS, DE HIGIENE E ESTÉTICA PESSOAL",190,873,506,69 844,272 249,176,198,866,538,5 853 197,14 522 280,66,67,mistral_table,mistral_table,no
352,PESSOAIS,86,472,270,40 028,196 287,47,67,333,231,2 038 705,5 713 092,66,67,mistral_table,mistral_table,no
353,HIGIENE E DE ESTÉTICA PESSOAL,104,401,236,29 816,75 962,129,131,533,307,3 814 492,8 809 188,66,67,mistral_table,mistral_table,no
354,"RADIODIFUSÃO, TELEVISÃO E DIVERSÕES",44,593,371,68 586,448 928,46,55,951,843,5 435 806,54 343 960,66,67,mistral_table,mistral_table,no
355,RADIODIFUSÃO E TELEVISÃO,8,360,212,50 758,293 480,7,10,447,394,4 387 882,37 401 650,66,67,mistral_table,mistral_table,no
356,DIVERSÕES,36,233,159,17 828,155 448,39,46,504,448,2 047 924,16 942 310,66,67,mistral_table,mistral_table,no
357,AUXILIARES DIVERSOS,525,10 945,9 067,648 293,7 161 239,631,727,13 323,11 120,169 880 896,561 616 225,66,67,pdf_text_layout,mistral_table,no
358,AUX. DA AGROPECUARIA E REFLORESTAMENTO,8,1 210,908,232 647,539 578,8,9,781,395,18 735 285,33 490 348,66,67,mistral_table,mistral_table,no
359,"AUX. COMÉRCIO, LOCAÇÃO DE BENS E SERVIÇOS",165,1 011 687,182 162,1,142 209,196,219,1 912,1 560,27 040 729,153 172 980,66,67,mistral_table,mistral_table,no
360,AUX. FINANC. SEGUROS E CAPITALIZAÇÃO,19,94,71,15 060,63 832,8,17,80,56,1 336 058,17 353 002,66,67,mistral_table,mistral_table,no
361,AUXILIARES DOS TRANSPORTES,77,1 277 866,220 783,1,044 564,48,73,1 450,1 201,30 628 579,72 758 856,66,67,mistral_table,mistral_table,no
362,"AUX. CONSTRUÇAO, OBRAS, GEO~ESIA, ETC",30,1 448,1 325,538 617,3 051 704,27,39,1 335,1 217,24 482 727,137 372 885,66,67,pdf_text_layout,mistral_table,no
363,"AUX. DE LIMPEZA, HIGIENIZAÇÃO, ETC",18,2 453,2 367,108 685,261 498,23,24,621,880,5 293 279,14 295 286,66,67,mistral_table,mistral_table,no
364,AUX. PRESTADOS A EMPRESAS E PESSOAS,174,3 226,2 730,318 400,972 490,282,307,6 547,5 590,59 237 489,123 492 880,66,67,mistral_table,mistral_table,no
365,AUXILIARES DA SAÚDE,34,226,133,31 939,85 344,39,39,297,221,3 126 750,9 682 028,66,67,mistral_table,mistral_table,no
366,"COMPRA, VENDA, ADMINISTRAÇÃO BENS IMOVEIS",54,228,109,27 724,133 646,63,63,295,171,3 808 357,12 361 695,66,67,mistral_table,mistral_table,no
367,COMPRA E VENDA DE BENS IMOVEIS,44,192,93,23 590,123 950,42,12,157,81,1 437 353,5 473 731,66,67,mistral_table,mistral_table,no
368,"ADMINISTRAÇÃO, LOCAÇÃO, ETC",10,36,16,4 134,9 698,21,21,138,90,2 169 004,6 887 964,66,67,mistral_table,mistral_table,no
369,BELEM,897,18 976,14 156,2 377 779,10 517 589,2 115,2 279,22 706,17 830,234 537 335,824 430 221,66,67,pdf_text_layout,mistral_table,no
370,ALOJAMENTO E ALIMENTAÇÃO,648,4 082,2 678,318 176,1 699 600,722,750,5 118,3 755,30 225 324,132 271 537,66,67,pdf_text_layout,mistral_table,no
371,ALOJAMENTO,65,1 358,1 046,113 685,514 579,64,90,1 805,1 611,10 923 333,47 998 807,66,67,mistral_table,mistral_table,no
372,ALIMENTAÇAO,583,2 724,1 632,204 491,185 024,638,660,3 313,2 144,19 301 991,84 272 730,66,67,pdf_text_tokens,mistral_table,no
373,"REPARAÇÃO, MANUTENÇÃO E INSTALAÇÃO",441,2 272,1 438,248 024,817 070,480,489,2 182,1 430,19 075 654,52 227 440,66,67,mistral_table,mistral_table,no
374,"REPARAÇÃO, MANUTENÇÃO E INSTALAÇÃO",441,2 272,1 438,248 024,817 070,480,489,2 182,1 430,19 075 654,52 227 440,66,67,mistral_table,mistral_table,no
375,"PESSOAIS, DE HIGIENE E ESTÉTICA PESSOAL",190,873,506,69 844,272 249,175,197,864,537,5 846 469,14 512 280,66,67,mistral_table,mistral_table,no
376,PESSOAIS,86,472,270,40 028,196 287,47,67,333,231,2 038 705,5 713 092,66,67,mistral_table,mistral_table,no
377,HIGIENE E DE ESTÉTICA PESSOAL,104,401,236,29 816,75 962,128,130,531,306,3 807 764,8 799 188,66,67,mistral_table,mistral_table,no
378,"RADIOOIFUSÃQ, TELEVISÃO.E DIVERSÕES",41,580,361,67 331,441 238,46,56,951,842,6 435 806,54 343 960,68,69,pdf_text_tokens,mistral_table,no
379,RADIOOJFUSAO E TELEVISAO,8,360,212,50 758,293 480,7,10,447,394,4 387 882,37 401 650,68,69,pdf_text_layout,mistral_table,no
380,DIVERSOES,33,220,149,16 573,147 758,39,46,504,448,2 047 924,16 942 310,68,69,pdf_text_tokens,mistral_table,no
381,AUXILIARES DIVERSOS,524,10 943,9 065,1 646 833,7 155 614,631,726,13 312,11 109,169 588 286,560 264 009,68,69,pdf_text_layout,mistral_table,no
382,AUX. DA AGROPECUARIA_E REFLORESTAMENTO,8,1,210 908,232 647,539 578,8,9,781,395,18 735 285,33 490 348,68,69,pdf_text_tokens,mistral_table,no
383,"AUX. COMERCIO, LOCAÇAO DE BENS E SE6VIÇOS",164,1 009,665,180 702,1 136 584,196,219,1 912,1 560,27 040 729,153 172 960,68,69,pdf_text_layout,mistral_table,no
384,"AUX. FINANC,, SEGUROS E CAPITALIZAÇAO",19,94,71,15 060,63 832,8,17,80,56,1 336 058,17 353 002,68,69,pdf_text_layout,mistral_table,no
385,AUXILIARES DO;; TRANSPORTES,77,1 277,866,220 783,1 044 584,48,73,1 450,1 201,30 628 579,72 756 856,68,69,pdf_text_layout,mistral_table,no
386,"AUX. CONSTRUÇAO, OBRAS, GEOQESIA, ETC",30,1 448,1 325,538 617,3 051 704,27,38,1 324,1 206,24 190 117,136 020 669,68,69,pdf_text_layout,mistral_table,no
387,"AUX. DE LIMPEZA, HIGIENIZAÇAO, ETC",18,2 453,2 367,108 685,261 498,23,24,921,880,5 293 279,14 295 266,68,69,pdf_text_tokens,mistral_table,no
388,AUX. PRESTADOS A EMPRESAS E PESSOAS,174,3 226,2 730,318 400,972 490,282,307,6 547,5 590,59 237 489,123 492 860,68,69,pdf_text_layout,mistral_table,no
389,AUXILIARES DA SAUDE,34,2.26,133,31 939,85 344,39,39,297,221,3 126 750,9 682 000,68,69,pdf_text_tokens,mistral_table,no
390,"COMPRA, VENDA, ADMINISTRAÇÃO BENS !MOVEIS",53,226,108,27 571,131 818,61,61,279,157,3 365 796,10 810 995,68,69,pdf_text_tokens,mistral_table,no
391,COMPRA E VE~OA OE BE~S IMOVEIS,43,190,92,23 437,122 122,41,41,152,78,1 421 039,5 388 229,68,69,pdf_text_layout,mistral_table,no
392,"AOMINI.STRAÇAO, LOCAÇAO, ETC",10,36,16,4 134,9 696,20,20,127,79,1 944 757,5 422 756,68,69,pdf_text_tokens,mistral_table,no
393,SANTAREM,303,1 750,1 225,157 518,772 265,390,403,2 123,1 531,17 835 889,57 241 340,68,69,pdf_text_tokens,mistral_table,no
394,ALOJAMENTO,25,241,158,19 451,64 720,23,24,307,247,2 581 015,8 663 324,68,69,tesseract_por_review,mistral_table,no
395,ALIMENTAÇÃO,88,377,197,31 126,132 002,106,109,419,235,3 019 304,13 151 975,68,69,tesseract_por_review,mistral_table,no
396,"REPARAÇAO, MANUTENÇAO E INSTALAÇAO",85,376,2.54,38 124,110 609,170,171,613,403,6 358 950,18 240 592,68,69,pdf_text_layout,mistral_table,no
397,DEMAIS GENEROS,105,756,615,68 817,464 934,91,99,784,646,5 876 620,17 185 449,68,69,pdf_text_tokens,mistral_table,no
398,ABAETETUBA,61,252,146,66 499,143 768,77,79,262,160,2 730 412,9 538 147,68,69,pdf_text_tokens,mistral_table,no
399,ACARA,2,(B),(A),(X),(A),65,65,176,84,933 030,5 664 930,68,69,pdf_text_tokens,mistral_table,no
400,AFUA,4,14,(E),974,5 570,3,4,13,6,63 944,306 480,68,69,tesseract_por_review,mistral_table,no
401,ALENOUER,31,102,62,10 467,28 489,41,42,176,98,886 038,3 262 493,68,69,pdf_text_tokens,mistral_table,no
402,ALMEIRIM,58,1,304 120,168 337,932 724,78,83,6 257,6 122,30 546 573,129 747 455,68,69,pdf_text_tokens,mistral_table,no
403,ALTAMIRA,128,649,389,63 874,217 272,192,196,634,378,5 858 417,20 888 356,68,69,pdf_text_tokens,mistral_table,no
404,ANA.JAS,7,11,4,449,2 731,8,8,17,8,160 200,431 000,68,69,pdf_text_tokens,mistral_table,no
405,ANAN I NDEUA,68,515,387,45 562,219 063,24,25,164,124,1 661 876,7 180 466,68,69,pdf_text_tokens,mistral_table,no
406,AVEIRO,17,"""8",15,2 927,10 250,34,35,139,71,1 461 152,4 727 008,68,69,pdf_text_tokens,mistral_table,no
407,BAGRE,1,(8),(A),o),(A),2,2,(B),(A),(X),(B),68,69,tesseract_por_review,mistral_table,no
408,BAIÃO,13,2.8,1,389,7 649,13,13,40,19,335 400,3 486 000,68,69,pdf_text_tokens,mistral_table,no
409,BARCARENA,18,47,22,3 901,17 131,88,92,683,562,5 323 362,22 199 495,68,69,pdf_text_tokens,mistral_table,no
410,BENEVIDES,15,146,57,12 166,47 231,41,41,190,126,1 525 965,6 370 822,68,69,pdf_text_tokens,mistral_table,no
411,BONITO,-,-,-,-,-,1,1,(A),(A),(X),(A),68,69,tesseract_por_review,mistral_table,no
412,BRAGANÇA,51,182,95,11 751,51 512,44,45,173,102,1 217 684,4 138 463,68,69,pdf_text_tokens,mistral_table,no
413,BREVES,26,78,39,4 762,26 270,25,27,108,56,1 069 341,4 993 000,68,69,pdf_text_tokens,mistral_table,no
414,BU.JARU,24,83,32,334,18 316,38,38,97,53,542 280,2 403 200,68,69,pdf_text_tokens,mistral_table,no
415,CACHOEIRA DO ARARI,6,12,5,456,2 566,12,13,36,15,167 250,819 589,68,69,pdf_text_tokens,mistral_table,no
416,CAMETA,63,192,73,14 351,46 431,41,41,132,69,1 615 578,9 542 158,68,69,pdf_text_tokens,mistral_table,no
417,CAPANEMA,51,164,76,11 704,41 075,69,69,264,176,2 640 718,8 327 383,68,69,pdf_text_tokens,mistral_table,no
418,CAPITÃO POÇO,22,57,22,3 507,15 379,29,30,92,43,499 804,2 511 991,68,69,tesseract_por_review,mistral_table,no
419,CASTANHAL,150,593,350,50 450,206 439,142,148,599,395,5 667 655,17 935 935,68,69,pdf_text_tokens,mistral_table,no
420,COLARES,3,5,5,272,1 428,1,1,(A),(A),(X),(A),68,69,tesseract_por_review,mistral_table,no
421,CONCEIÇÃO DO ARAGUAIA,260,910,491,100 732,366 687,104,104,359,206,2 936 128,11 533 141,68,69,pdf_text_tokens,mistral_table,no
422,CURRAL I NHO,6,14,4,511,3 548,1,1,(A),(A),(X),(A),68,69,pdf_text_tokens,mistral_table,no
423,CURUÇA,1,(A),ta),(XxX),(B),1,1,(A),(A),(X),(A),68,69,tesseract_por_review,mistral_table,no
424,FARO,2,(8),(A),(X),(A),18,19,66,24,509 725,1 341 268,68,69,pdf_text_tokens,mistral_table,no
425,GURUPA,13,26,6,1 458,9 613,4,5,13,7,79 000,684 800,68,69,pdf_text_tokens,mistral_table,no
426,I GARAP~ -AÇU,11,35,10,1 511,10 570,18,18,55,29,334 814,1 515 993,68,69,pdf_text_tokens,mistral_table,no
427,IGARAPE-MIRI,18,59,32,3 956,14 558,50,50,165,95,1 680 900,7 269 563,68,69,pdf_text_tokens,mistral_table,no
428,INHANGAPI,1,(A),(A),(X),(A),1,1,(A),(A),(X),(A),68,69,tesseract_por_review,mistral_table,no
429,IRITUIA,23,74,30,4 428,12 799,40,40,131,74,899 063,5 396 850,68,69,pdf_text_tokens,mistral_table,no
430,ITAITUBA,226,809,339,110 695,809 150,782,787,2 499,1 327,52 528 329,201 540 398,68,69,pdf_text_tokens,mistral_table,no
431,ITUPIRANGA,7,29,13,971,7 084,49,49,160,73,776 300,5 763 600,68,69,pdf_text_tokens,mistral_table,no
432,JACUNDA,15,47,24,3 232,20 560,39,39,155,94,1 798 600,7 194 640,68,69,pdf_text_tokens,mistral_table,no
433,JURUTI,2,(A),(A),(X),(A),3,3,9,4,95 400,660 000,70,71,mistral_table,mistral_table,no
434,LIMOEIRO DO AJURU,6,13,6,799,3 520,4,4,9,4,104 200,914 200,70,71,mistral_table,mistral_table,no
435,MARABA,168,660,307,75 381,222 309,401,429,2 830,2 180,34 434 645,139 743 208,70,71,mistral_table,mistral_table,no
436,MARACANÁ,13,41,17,1 820,5 793,24,24,66,36,321 859,1 936 244,70,71,mistral_table,mistral_table,no
437,MARAPANIM,11,48,20,1 427,11 989,10,10,38,8,323 050,1 422 010,70,71,mistral_table,mistral_table,no
438,MELGAÇO,-,-,-,-,-,2,2,(A),(A),(X),(B),70,71,mistral_table,mistral_table,no
439,MOCAJUBA,27,62,31,3 288,10 885,25,25,86,56,1 002 000,3 170 000,70,71,mistral_table,mistral_table,no
440,MOJU,9,27,15,1 345,6 072,9,9,38,17,172 800,1 168 230,70,71,mistral_table,mistral_table,no
441,MONTE ALEGRE,20,53,20,3 368,13 212,57,57,156,74,1 622 250,7 397 738,70,71,mistral_table,mistral_table,no
442,MUANA,4,10,4,812,1 654,-,-,-,-,-,-,70,71,mistral_table,mistral_table,no
443,NOVA TIMBOTEIA,1,(A),(A),(X),(A),4,4,9,5,70 127,192 600,70,71,mistral_table,mistral_table,no
444,OBIDOS,32,88,46,8 823,27 447,33,34,113,59,927 165,2 897 683,70,71,mistral_table,mistral_table,no
445,ORIXIMINA,41,146,101,13 418,48 064,46,48,159,92,1 642 726,7 380 045,70,71,mistral_table,mistral_table,no
446,OUREM,29,65,28,5 017,23 093,34,36,96,45,810 820,3 869 034,70,71,mistral_table,mistral_table,no
447,PARAGOMINAS,136,452,224,32 028,97 794,110,111,413,244,4 385 600,14 604 639,70,71,mistral_table,mistral_table,no
448,PEIXE-BOI,1,(A),(A),(X),(A),1,1,(A),(A),(X),(A),70,71,mistral_table,mistral_table,no
449,PONTA DE PEDRAS,3,8,-,266,3 100,9,9,24,9,182 448,857 480,70,71,mistral_table,mistral_table,no
450,PORTEL,40,123,72,8 185,42 147,5,6,22,15,131 181,494 967,70,71,mistral_table,mistral_table,no
451,PORTO DE MOZ,5,12,-,428,3 340,-,-,-,-,-,-,70,71,mistral_table,mistral_table,no
452,PRAINHA,6,19,6,766,3 785,9,11,45,30,457 875,1 348 789,70,71,mistral_table,mistral_table,no
453,PRIMAVERA,6,12,2,670,1 898,2,2,(A),(A),(X),(B),70,71,mistral_table,mistral_table,no
454,REDENÇÃO,-,-,-,-,-,39,39,142,75,1 331 442,4 766 373,70,71,mistral_table,mistral_table,no
455,RIO MARIA,-,-,-,-,-,41,42,274,196,3 061 258,9 316 560,70,71,mistral_table,mistral_table,no
456,RONDON DO PARA,-,-,-,-,-,111,111,349,206,4 121 885,11 708 416,70,71,mistral_table,mistral_table,no
457,SALINOPOLIS,41,223,109,9 554,45 248,72,72,297,112,1 444 062,6 091 560,70,71,mistral_table,mistral_table,no
458,SALVATERRA,6,16,4,422,2 050,8,8,23,8,184 010,897 000,70,71,mistral_table,mistral_table,no
459,SANTA CRUZ DO ARARI,3,7,-,430,2 720,1,2,(A),(A),(X),(A),70,71,mistral_table,mistral_table,no
460,SANTA ISABEL DO PARA,31,118,48,6 965,39 873,31,31,116,56,673 259,2 555 161,70,71,mistral_table,mistral_table,no
461,SANTA MARIA DO PARA,14,47,13,1 847,20 748,23,23,60,27,368 916,1 447 363,70,71,mistral_table,mistral_table,no
462,SANTANA DO ARAGUAIA,19,87,43,10 694,33 455,20,21,112,65,716 130,4 224 615,70,71,mistral_table,mistral_table,no
463,SANTO ANTONIO DO TAUA,-,-,-,-,-,8,8,23,12,240 356,810 483,70,71,mistral_table,mistral_table,no
464,SÃO CAETANO DE ODIVELAS,23,64,28,3 625,12 259,1,1,(A),(A),(X),(A),70,71,mistral_table,mistral_table,no
465,SÃO DOMINGOS DO CAPIM,96,328,156,25 370,90 447,10,10,29,12,124 551,318 897,70,71,mistral_table,mistral_table,no
466,SÃO FELIX DO XINGU,3,9,3,477,1 370,59,59,221,127,1 570 744,7 186 608,70,71,mistral_table,mistral_table,no
467,SÃO FRANCISCO DO PARA,3,8,3,360,761,3,3,8,1,23 796,103 417,70,71,mistral_table,mistral_table,no
468,SÃO JOÃO DO ARAGUAIA,20,68,27,3 981,16 657,66,68,309,177,2 610 404,9 038 813,70,71,mistral_table,mistral_table,no
469,SÃO MIGUEL DO GUAMA,40,135,85,10 880,39 097,29,30,130,73,992 366,3 257 316,70,71,mistral_table,mistral_table,no
470,SÃO SEBASTIÃO DA BOA VISTA,10,28,12,1 707,6 824,3,3,26,18,153 804,532 000,70,71,mistral_table,mistral_table,no
471,SENADOR JOSE PORFIRIO,2,(B),(A),(X),(B),27,28,83,42,774 756,4 313 228,70,71,mistral_table,mistral_table,no
472,SOURE,48,112,30,8 168,26 523,21,21,83,47,421 301,2 355 466,70,71,mistral_table,mistral_table,no
473,TOME-AÇU,41,137,49,5 598,49 263,61,61,201,120,1 698 797,5 698 754,70,71,mistral_table,mistral_table,no
474,TUCURUI,222,1 910,1 395,582 064,1 562 709,459,464,1 767,1 193,38 883 033,97 071 607,70,71,mistral_table,mistral_table,no
475,VIGIA,42,98,53,7 417,27 566,23,23,59,28,433 440,1 666 208,70,71,mistral_table,mistral_table,no
476,VISEU,6,24,10,1 491,7 916,8,8,22,11,85 854,633 640,70,71,mistral_table,mistral_table,no
477,XINGUARA,-,-,-,-,-,93,95,374,234,3 357 323,11 960 254,70,71,mistral_table,mistral_table,no
478,AMAPÁ,385,1 757,1 031,187 730,638 650,482,508,2 574,1 724,30 639 419,108 081 658,72,73,mistral_table,mistral_table,no
479,ALOJAMENTO E ALIMENTAÇÃO,183,553,219,46 950,269 000,237,247,879,390,7 013 461,39 436 539,72,73,mistral_table,mistral_table,no
480,ALOJAMENTO,12,74,52,5 373,25 023,19,22,155,110,1 433 812,7 972 575,72,73,mistral_table,mistral_table,no
481,ALIMENTAÇÃO,171,479,167,41 577,243 977,218,225,724,280,5 579 649,31 463 964,72,73,mistral_table,mistral_table,no
482,"REPARAÇÃO, MANUTENÇÃO E INSTALAÇÃO",100,305,158,29 993,86 210,145,145,433,241,4 918 427,13 467 045,72,73,mistral_table,mistral_table,no
483,"REPARAÇÃO, MANUTENÇÃO E INSTALAÇÃO",100,305,158,29 993,86 210,145,145,433,241,4 918 427,13 467 045,72,73,mistral_table,mistral_table,no
484,"PESSOAIS, DE HIGIENE E ESTÉTICA PESSOAL",27,(E),(D),(X),(E),34,35,(E),(D),(X),(E),72,73,mistral_table,mistral_table,no
485,PESSOAIS,12,(D),(C),(X),(D),16,16,(D),(C),(X),(D),72,73,mistral_table,mistral_table,no
486,HIGIENE E DE ESTÉTICA PESSOAL,15,(D),(D),(X),(D),18,19,(D),(C),(X),(D),72,73,mistral_table,mistral_table,no
487,"RADIODIFUSÃO, TELEVISÃO E DIVERSÕES",31,148,98,16 298,84 409,20,27,149,114,1 570 727,8 753 077,72,73,mistral_table,mistral_table,no
488,RADIODIFUSÃO E TELEVISÃO,8,60,51,6 646,23 567,1,6,75,68,849 154,3 731 299,72,73,mistral_table,mistral_table,no
489,DIVERSÕES,23,88,47,9 552,60 842,19,21,74,46,721 573,5 021 778,72,73,mistral_table,mistral_table,no
490,AUXILIARES DIVERSOS,42,674,516,86 323,166 858,44,52,1 027,941,15 878 189,43 239 518,72,73,mistral_table,mistral_table,no
491,AUX. DA AGROPECUÁRIA E REFLORESTAMENTO,3,171,74,42 067,64 920,-,1,(F),(F),(X),(E),72,73,mistral_table,mistral_table,no
492,"AUX. COMÉRCIO, LOCAÇÃO DE BENS E SERVIÇOS",5,(C),(B),(X),(C),4,4,(D),(D),(X),(B),72,73,mistral_table,mistral_table,no
493,"AUX. FINANC., SEGUROS E CAPITALIZAÇÃO",3,(A),(A),(X),(A),-,-,-,-,-,-,72,73,mistral_table,mistral_table,no
494,AUXILIARES DOS TRANSPORTES,3,42,34,7 659,21 105,3,6,92,86,1 361 519,4 802 686,72,73,mistral_table,mistral_table,no
495,"AUX. DE LIMPEZA, HIGIENIZAÇÃO, ETC",3,341,327,23 449,42 693,6,6,252,234,1 169 939,6 294 370,72,73,mistral_table,mistral_table,no
496,AUX. PRESTADOS A EMPRESAS E PESSOAS,21,88,65,9 681,23 734,25,29,351,310,4 858 315,26 501 594,72,73,mistral_table,mistral_table,no
497,AUXILIARES DA SAÚDE,4,17,10,1 626,7 454,6,6,23,15,232 569,547 873,72,73,mistral_table,mistral_table,no
498,"COMPRA, VENDA, ADMINISTRAÇÃO BENS IMÓVEIS",2,(B),(A),(X),(A),2,2,(B),(A),(X),(B),72,73,mistral_table,mistral_table,no
499,COMPRA E VENDA DE BENS IMÓVEIS,1,(A),(A),(X),(A),1,1,(A),(A),(X),(A),72,73,mistral_table,mistral_table,no
500,"ADMINISTRAÇÃO, LOCAÇÃO, ETC",1,(A),(A),(X),(A),1,1,(A),(A),(X),(A),72,73,mistral_table,mistral_table,no
501,MACAPÁ,318,1 597,969,172 746,552 409,435,457,2 439,1 679,29 241 872,99 780 463,72,73,mistral_table,mistral_table,no
502,ALOJAMENTO E ALIMENTAÇÃO,140,455,188,40 214,232 160,209,219,795,368,6 397 593,34 772 505,72,73,mistral_table,mistral_table,no
503,ALOJAMENTO,10,64,43,5 036,24 582,14,17,133,102,1 330 999,6 798 355,72,73,mistral_table,mistral_table,no
504,ALIMENTAÇÃO,130,391,145,35 178,207 578,195,202,662,266,5 066 594,27 974 150,72,73,mistral_table,mistral_table,no
505,"REPARAÇÃO, MANUTENÇÃO E INSTALAÇÃO",96,299,156,29 114,84 397,140,140,422,238,4 819 737,13 117 316,72,73,mistral_table,mistral_table,no
506,"REPARAÇÃO, MANUTENÇÃO E INSTALAÇÃO",96,299,156,29 114,84 397,140,140,422,238,4 819 737,13 117 316,72,73,mistral_table,mistral_table,no
507,"PESSOAIS, DE HIGIENE E ESTÉTICA PESSOAL",25,(E),(D),(X),(E),33,34,(E),(D),(X),(E),72,73,mistral_table,mistral_table,no
508,PESSOAIS,12,(D),(C),(X),(D),15,15,(D),(C),(X),(D),72,73,mistral_table,mistral_table,no
509,HIGIENE E DE ESTÉTICA PESSOAL,13,(D),(C),(X),(D),18,19,(D),(C),(X),(D),72,73,mistral_table,mistral_table,no
510,"RADIODIFUSÃO, TELEVISÃO E DIVERSÕES",14,99,74,10 387,40 851,10,13,115,94,1 135 652,5 847 635,72,73,mistral_table,mistral_table,no
511,RADIODIFUSÃO E TELEVISÃO,4,57,49,6 556,23 249,1,3,72,65,830 083,3 730 325,72,73,mistral_table,mistral_table,no
512,DIVERSÕES,4,42,25,3 831,17 602,9,10,43,29,305 569,2 117 310,72,73,mistral_table,mistral_table,no
513,AUXILIARES DIVERSOS,41,672,515,85 579,164 473,41,49,1 023,941,15 648 275,42 923 768,72,73,mistral_table,mistral_table,no
514,AUX. DA AGROPECUÁRIA E REFLORESTAMENTO,3,171,74,42 067,64 920,-,1,(F),(F),(X),(E),72,73,mistral_table,mistral_table,no
515,"AUX. COMÉRCIO, LOCAÇÃO DE BENS E SERVIÇOS",5,(C),(B),(X),(C),4,4,(D),(D),(X),(B),72,73,mistral_table,mistral_table,no
516,"AUX. FINANC., SEGUROS E CAPITALIZAÇÃO",1,(A),(A),(X),(A),-,-,-,-,-,-,72,73,mistral_table,mistral_table,no
517,AUXILIARES DOS TRANSPORTES,3,42,34,7 659,21 105,3,6,92,86,1 361 519,4 802 686,72,73,mistral_table,mistral_table,no
518,"AUX. DE LIMPEZA, HIGIENIZAÇÃO, ETC",3,341,327,23 449,42 693,6,6,252,234,1 169 939,6 294 370,72,73,mistral_table,mistral_table,no
519,AUX. PRESTADOS A EMPRESAS E PESSOAS,20,88,64,8 937,21 348,22,26,347,310,4 628 401,26 185 844,72,73,mistral_table,mistral_table,no
520,AUXILIARES DA SAÚDE,4,17,10,1 626,7 454,6,6,23,15,232 569,547 873,72,73,mistral_table,mistral_table,no
521,"COMPRA, VENDA, ADMINISTRAÇÃO BENS IMÓVEIS",2,(B),(A),(X),(A),2,2,(B),(A),(X),(B),72,73,mistral_table,mistral_table,no
522,COMPRA E VENDA DE BENS IMÓVEIS,1,(A),(A),(X),(A),1,1,(A),(A),(X),(A),72,73,mistral_table,mistral_table,no
523,"ADMINISTRAÇÃO, LOCAÇÃO, ETC",1,(A),(A),(X),(A),1,1,(A),(A),(X),(A),72,73,mistral_table,mistral_table,no
524,AMAPÁ,6,11,1,692,4 795,12,13,39,12,274 414,885 892,72,73,mistral_table,mistral_table,no
525,CALÇOENE,2,(A),(A),(X),(A),8,10,28,12,366 750,3 667 022,72,73,mistral_table,mistral_table,no
526,MAZAGÃO,51,133,58,13 468,77 801,22,22,50,13,634 423,2 435 085,72,73,mistral_table,mistral_table,no
527,OIAPOQUE,8,14,3,686,3 051,5,6,18,8,121 960,1 313 196,72,73,mistral_table,mistral_table,no
528,TOCANTINS,1 193,4 076,1 915,222 887,977 721,1 743,1 795,5 866,3 148,36 793 039,175 107 782,72,73,mistral_table,mistral_table,no
529,ALOJAMENTO E ALIMENTAÇÃO,688,2 252,852,84 824,532 363,1 023,1 035,2 950,1 208,10 944 480,76 703 321,72,73,mistral_table,mistral_table,no
530,ALOJAMENTO,155,695,347,28 434,127 246,172,173,638,336,2 799 649,14 184 836,72,73,mistral_table,mistral_table,no
531,ALIMENTAÇÃO,533,1 557,505,56 390,405 117,851,862,2 312,872,8 144 831,62 518 485,72,73,mistral_table,mistral_table,no
532,"REPARAÇÃO, MANUTENÇÃO E INSTALAÇÃO",233,792,474,53 930,156 009,390,391,1 242,753,9 324 169,23 912 107,72,73,mistral_table,mistral_table,no
533,"REPARAÇÃO, MANUTENÇÃO E INSTALAÇÃO",233,792,474,53 930,156 009,390,391,1 242,753,9 324 169,23 912 107,72,73,mistral_table,mistral_table,no
534,"PESSOAIS, DE HIGIENE E ESTÉTICA PESSOAL",63,180,102,10 258,30 111,84,85,228,130,1 816 613,4 376 391,72,73,mistral_table,mistral_table,no
535,PESSOAIS,19,56,24,3 256,11 885,22,23,54,26,257 296,1 178 494,72,73,mistral_table,mistral_table,no
536,HIGIENE E DE ESTÉTICA PESSOAL,44,124,78,7 002,18 226,62,62,174,104,1 559 317,3 197 897,72,73,mistral_table,mistral_table,no
537,"RADIODIFUSÃO, TELEVISÃO E DIVERSÕES",27,123,70,7 620,37 632,30,33,130,78,764 037,20 537 197,72,73,mistral_table,mistral_table,no
538,RADIODIFUSÃO E TELEVISÃO,4,46,26,2 225,17 050,2,5,64,44,448 714,19 275 700,72,73,mistral_table,mistral_table,no
539,DIVERSÕES,23,77,44,5 985,20 582,28,28,76,34,315 323,1 261 497,72,73,mistral_table,mistral_table,no
540,AUXILIARES DIVERSOS,162,669,397,60 749,200 472,201,232,1 261,949,13 524 595,47 288 910,72,73,mistral_table,mistral_table,no
541,AUX. DA AGROPECUÁRIA E REFLORESTAMENTO,17,162,90,16 633,78 881,17,21,191,152,2 249 089,8 220 124,72,73,mistral_table,mistral_table,no
542,"AUX. COMÉRCIO, LOCAÇÃO DE BENS E SERVIÇOS",6,18,7,1 442,6 685,8,11,(E),(D),(X),(D),72,73,mistral_table,mistral_table,no
543,"AUX. FINANC., SEGUROS E CAPITALIZAÇÃO",2,(B),(A),(X),(A),4,24,231,218,2 245 177,14 987 012,74,75,pdf_text_layout,mistral_table,no
544,AUXILIARES DOS TRANSPORTES,10,55,54,6 410,23 495,4,24,231,218,2 245 177,14 987 012,74,75,mistral_table,pdf_text_layout,no
545,"AUX. CONSTRUÇÃO, OBRAS, GEOGESIA, ETC",5,(C),(B),(X),(B),12,14,243,225,4 548 151,9 788 552,74,75,mistral_table,mistral_table,no
546,"AUX. DE LIMPEZA, HIGIENIZAÇÃO, ETC",4,21,12,1 484,3 245,1,1,(C),(C),(X),(A),74,75,mistral_table,mistral_table,no
547,AUX. PRESTADOS A EMPRESAS E PESSOAS,102,347,205,28 641,72 528,134,135,440,252,3 387 586,9 135 496,74,75,mistral_table,mistral_table,no
548,AUXILIARES DA SAÚDE,16,48,22,4 873,10 148,25,26,91,48,555 297,2 577 379,74,75,mistral_table,mistral_table,no
549,"COMPRA, VENDA, ADMINISTRAÇÃO BENS IMÓVEIS",20,60,20,5 506,21 134,15,19,55,30,419 145,2 289 856,74,75,mistral_table,mistral_table,no
550,COMPRA E VENDA DE BENS IMÓVEIS,19,(E),(D),(X),(D),9,12,31,15,220 260,1 792 071,74,75,mistral_table,mistral_table,no
551,"ADMINISTRAÇÃO, LOCAÇÃO, ETC",1,(A),(A),(X),(A),6,7,24,15,198 885,497 785,74,75,mistral_table,mistral_table,no
552,MIRACEMA DO NORTE,39,138,68,6 995,35 312,46,46,118,56,503 453,2 736 285,74,75,mistral_table,mistral_table,no
553,ALOJAMENTO E ALIMENTAÇÃO,23,86,41,3 528,27 719,32,32,77,35,254 118,1 644 290,74,75,mistral_table,mistral_table,no
554,ALOJAMENTO,4,21,12,886,1 921,4,4,11,6,22 000,169 392,74,75,mistral_table,mistral_table,no
555,ALIMENTAÇÃO,19,65,29,2 642,25 798,28,28,66,29,232 118,1 474 858,74,75,mistral_table,mistral_table,no
556,"REPARAÇÃO, MANUTENÇÃO E INSTALAÇÃO",8,30,14,1 898,3 410,6,6,16,7,78 609,535 399,74,75,mistral_table,mistral_table,no
557,"REPARAÇÃO, MANUTENÇÃO E INSTALAÇÃO",8,30,14,1 898,3 410,6,6,16,7,78 609,535 399,74,75,mistral_table,mistral_table,no
558,"PESSOAIS, DE HIGIENE E ESTÉTICA PESSOAL",2,(B),(B),(X),(A),3,3,8,4,64 532,163 550,74,75,mistral_table,mistral_table,no
559,PESSOAIS,1,(A),(A),(X),(A),2,2,(B),(A),(X),(A),74,75,mistral_table,mistral_table,no
560,HIGIENE E DE ESTÉTICA PESSOAL,1,(A),(A),(X),(A),1,1,(A),(A),(X),(A),74,75,mistral_table,mistral_table,no
561,"RADIODIFUSÃO, TELEVISÃO E DIVERSÕES",1,(A),(A),(X),(A),-,-,-,-,-,-,74,75,mistral_table,mistral_table,no
562,DIVERSÕES,1,(A),(A),(X),(A),-,-,-,-,-,-,74,75,mistral_table,mistral_table,no
563,AUXILIARES DIVERSOS,5,13,8,1 091,2 831,5,5,17,10,106 194,393 086,74,75,mistral_table,mistral_table,no
564,AUX. DA AGROPECUARIA E REFLORESTAMENTO,1,(A),(A),(X),(A),2,2,(B),(A),(X),(A),74,75,mistral_table,mistral_table,no
565,"AUX. DE LIMPEZA, HIGIENIZAÇÃO, ETC",1,(A),(A),(X),(A),3,3,(C),(B),(X),(A),74,75,mistral_table,mistral_table,no
566,AUX. PRESTADOS A EMPRESAS E PESSOAS,3,8,5,725,1 247,3,3,(C),IB),IX),IA),74,75,mistral_table,pdf_text_layout,no
567,ALMAS,3,7,3,230,1 017,10,10,30,12,62 400,221 358,74,75,mistral_table,mistral_table,no
568,ALVORADA,16,81,39,3 925,21 046,16,18,51,28,224 576,1 156 509,74,75,mistral_table,mistral_table,no
569,ANANAS,4,12,4,960,3 186,9,10,173,143,2 904 528,6 374 509,74,75,mistral_table,mistral_table,no
570,ARAGUADEMA,8,21,3,628,2 489,22,22,46,20,156 928,917 139,74,75,mistral_table,mistral_table,no
571,ARAGUAÇU,13,46,21,1 689,5 864,26,27,77,35,602 974,2 279 839,74,75,mistral_table,mistral_table,no
572,ARAGUAINA,201,763,406,49 618,189 247,280,294,1 067,639,7 596 608,40 689 843,74,75,mistral_table,mistral_table,no
573,ARAGUATINS,16,41,13,1 523,7 819,16,17,73,46,398 326,1 189 929,74,75,mistral_table,mistral_table,no
574,ARAPOEMA,15,38,11,1 697,6 880,47,47,135,49,318 926,3 417 947,74,75,mistral_table,mistral_table,no
575,ARRAIAS,23,62,23,4 489,25 129,16,18,43,17,276 163,1 063 873,74,75,mistral_table,mistral_table,no
576,AUGUSTINOPOLIS,-,-,-,-,-,9,10,28,9,106 576,615 936,74,75,mistral_table,mistral_table,no
577,AURORA DO NORTE,2,(A),(A),(X),(A),12,12,21,2,55 115,253 264,74,75,mistral_table,mistral_table,no
578,AXIXA DE GOIAS,8,28,17,1 466,8 666,7,7,20,6,63 600,367 362,74,75,mistral_table,mistral_table,no
579,BABAÇULANDIA,16,69,35,3 049,17 687,1,1,(A),(A),(X),(A),74,75,mistral_table,mistral_table,no
580,BREJINHO DE NAZARE,14,51,18,1 759,10 654,5,5,12,7,37 750,158 700,74,75,mistral_table,mistral_table,no
581,COLINAS DE GOIAS,66,241,126,15 780,67 815,95,98,331,200,2 345 611,12 471 577,74,75,mistral_table,mistral_table,no
582,CONCEIÇÃO DO NORTE,4,9,4,280,1 759,5,5,12,4,18 100,93 775,74,75,mistral_table,mistral_table,no
583,COUTO DE MAGALHÃES,2,(B),(A),(X),(A),26,26,73,39,817 000,3 887 100,74,75,mistral_table,mistral_table,no
584,CRISTALANDIA,21,61,20,1 861,11 052,44,44,97,47,238 424,904 247,74,75,mistral_table,mistral_table,no
585,DIANÓPOLIS,25,66,33,2 527,11 846,24,24,70,32,529 465,860 397,74,75,mistral_table,mistral_table,no
586,DOIS IRMÃOS DE GOIAS,11,33,9,689,5 237,5,5,12,4,18 664,123 604,74,75,mistral_table,mistral_table,no
587,DUERE,-,-,-,-,-,8,8,21,4,85 784,313 303,74,75,mistral_table,mistral_table,no
588,FATIMA,-,-,-,-,-,6,6,25,13,57 501,333 094,74,75,mistral_table,mistral_table,no
589,FIGUEIROPOLIS,-,-,-,-,-,7,9,40,26,198 327,3 969 889,74,75,mistral_table,mistral_table,no
590,FILADELFIA,6,22,13,1 061,5 780,7,7,15,5,98 882,242 975,74,75,mistral_table,mistral_table,no
591,FORMOSO DO ARAGUAIA,9,41,23,1 728,8 754,19,21,101,62,817 724,4 730 770,74,75,mistral_table,mistral_table,no
592,GOIATINS,2,(B),(A),(X),(A),7,8,28,13,108 814,610 100,74,75,mistral_table,mistral_table,no
593,GUARAI,50,145,71,6 651,34 201,46,47,131,59,417 203,2 678 086,74,75,mistral_table,mistral_table,no
594,GURUPI,169,657,329,44 659,176 920,208,213,764,437,5 893 640,35 346 598,74,75,mistral_table,mistral_table,no
595,ITACAJA,9,25,11,1 607,5 056,11,11,29,13,50 500,436 108,74,75,mistral_table,mistral_table,no
596,ITAGUATINS,8,23,9,761,5 179,8,8,27,2,70 800,441 562,74,75,mistral_table,mistral_table,no
597,ITAPORA DE GOIAS,3,12,8,675,961,5,6,20,14,190 284,524 232,74,75,mistral_table,mistral_table,no
598,LIZARDA,2,(B),(A),(X),(A),2,2,(A),(A),(X),(A),74,75,mistral_table,mistral_table,no
599,MIRANORTE,25,65,28,3 585,11 350,71,74,170,80,599 142,2 212 676,76,77,mistral_table,mistral_table,no
600,MONTE DO CARMO,10,46,29,655,12 014,3,3,8,2,30 800,177 000,76,77,mistral_table,mistral_table,no
601,NATIVIDADE,21,49,17,1 575,7 745,24,24,70,31,317 550,1 379 572,76,77,mistral_table,mistral_table,no
602,NAZARE,2,(A),(A),(X),(A),12,12,34,11,261 884,1 294 550,76,77,mistral_table,mistral_table,no
603,NOVA OLINDA,-,-,-,-,-,20,20,67,32,349 850,1 132 599,76,77,mistral_table,mistral_table,no
604,NOVO ACORDO,5,15,5,280,2 227,7,7,17,8,25 784,254 302,76,77,mistral_table,mistral_table,no
605,PALMEIROPOLIS,-,-,-,-,-,46,47,134,52,436 184,2 447 249,76,77,mistral_table,mistral_table,no
606,PARAÍSO DO NORTE DE GOIAS,97,314,140,19 294,97 687,107,111,358,193,2 080 664,8 838 393,76,77,mistral_table,mistral_table,no
607,PARANÁ,21,78,33,2 500,17 099,7,7,20,8,23 530,76 174,76,77,mistral_table,mistral_table,no
608,PEDRO AFONSO,9,35,19,1 202,5 510,5,5,10,2,26 394,412 372,76,77,mistral_table,mistral_table,no
609,PEIXE,14,88,51,2 736,11 985,10,11,25,13,128 468,747 549,76,77,mistral_table,mistral_table,no
610,COLMEIA,48,111,43,6 612,26 332,39,39,109,35,317 314,795 466,76,77,mistral_table,mistral_table,no
611,PINDORAMA DE GOIAS,2,(B),(A),(X),(A),16,16,43,19,197 300,778 604,76,77,mistral_table,mistral_table,no
612,PIUM,-,-,-,-,-,8,8,18,7,54 600,255 097,76,77,mistral_table,mistral_table,no
613,PONTE ALTA DO BOM JESUS,1,(A),(A),(X),(A),6,6,22,4,27 900,322 306,76,77,mistral_table,mistral_table,no
614,PONTE ALTA DO NORTE,2,(B),(A),(X),(A),12,12,29,15,142 040,846 680,76,77,mistral_table,mistral_table,no
615,PORTO NACIONAL,99,334,131,15 946,64 285,148,152,587,354,4 402 532,14 920 953,76,77,mistral_table,mistral_table,no
616,PRESIDENTE KENNEDY,5,14,5,382,1 725,20,20,42,22,200 500,574 900,76,77,mistral_table,mistral_table,no
617,RIO SONO,-,-,-,-,-,5,5,11,6,21 890,190 900,76,77,mistral_table,mistral_table,no
618,SÃO SEBASTIÃO DO TOCANTINS,3,10,3,410,2 190,2,2,(B),(A),(X),(A),76,77,mistral_table,mistral_table,no
619,SILVANOPOLIS,-,-,-,-,-,15,15,36,15,81 000,625 300,76,77,mistral_table,mistral_table,no
620,SITIO NOVO DE GOIAS,1,(A),(A),(X),(A),3,3,6,-,22 300,145 881,76,77,mistral_table,mistral_table,no
621,TAGUATINGA,8,23,9,618,2 863,16,17,69,48,656 527,971 262,76,77,mistral_table,mistral_table,no
622,TOCANTINIA,10,25,10,1 106,5 237,10,10,26,12,150 565,534 644,76,77,mistral_table,mistral_table,no
623,TOCANTINOPOLIS,34,102,90,7 739,28 712,37,38,141,74,570 023,3 020 439,76,77,mistral_table,mistral_table,no
624,WANDERLANDIA,-,-,-,-,-,25,25,63,33,249 629,1 858 800,76,77,mistral_table,mistral_table,no
625,XAMBIOA,11,31,12,682,4 232,14,14,48,23,100 659,680 340,76,77,mistral_table,mistral_table,no
