order_number,entry,establishments_1980,personnel_total_1980,personnel_linked_to_commercialization_1980,salaries_withdrawals_other_compensation_1980_mil_cruzeiros,total_revenue_1980_mil_cruzeiros,commercialization_revenue_1980_mil_cruzeiros,companies_headquartered_in_municipality_1985,establishments_1985,personnel_total_1985,personnel_linked_to_commercialization_1985,salaries_withdrawals_other_compensation_1985_mil_cruzeiros,total_revenue_1985_mil_cruzeiros,commercialization_revenue_1985_mil_cruzeiros,source_page_1980,source_page_1985,left_extraction_method,right_extraction_method,needs_review
1,BRASIL,616 051,2 899 808,1 400 683,336 374 405,7 365 875 544,7 306 849 325,651 634,723 409,3 704 338,2 138 071,34 556 169 735,734 419 515 637,723 782 437 078,28,29,mistral_table,mistral_table,no
2,COMERCIO VAREJISTA,570 733,2 360 085,1 197 161,225 839 906,4 244 112 493,4 207 100 387,614 417,674 695,3 086 751,1 816 009,24 661 377 999,410 537 264 992,404 636 174 646,28,29,mistral_table,mistral_table,no
3,"PROD. ALIMENTICIOS, BEBIDAS E FUMO",252 715,532 138,111 640,33 108 009,464 150 946,461 859 505,257 147,275 593,682 211,239 013,4 080 326 516,47 532 391 296,47 000 822 749,28,29,mistral_table,mistral_table,no
4,"PROD. FARMACÊUTICOS, ODONT. E VETER",31 605,139 248,78 452,13 629 895,219 239 442,216 902 722,39 237,43 929,185 901,111 037,1 430 034 520,19 484 241 626,19 312 732 791,28,29,mistral_table,mistral_table,no
5,"TECIDOS, VESTUÁRIO E ARMARINHO",107 052,439 864,246 740,37 512 955,431 527 595,430 261 066,116 665,129 228,564 120,346 304,4 080 643 942,42 730 422 848,42 535 874 151,28,29,mistral_table,mistral_table,no
6,MAG. E APARELHOS ELETR. USO DOMEST,25 923,172 449,98 967,20 654 336,355 149 005,352 597 265,20 649,28 830,194 214,128 605,1 856 478 288,25 833 697 358,25 536 451 505,28,29,mistral_table,mistral_table,no
7,"FERRAGENS, MAT. ELETR. E ELETRÔNICO",36 436,207 827,104 491,22 677 834,410 433 115,406 586 622,43 178,48 166,268 817,162 430,2 265 597 977,34 962 394 419,34 398 228 463,28,29,mistral_table,mistral_table,no
8,"VEICULOS NOVOS E USADOS, PECAS",24 716,156 591,77 074,22 040 932,588 486 152,580 702 092,35 549,38 900,268 985,145 985,3 108 809 979,67 059 715 206,64 931 176 474,28,29,mistral_table,mistral_table,no
9,MAG. E EQUIP. DE USO INDUSTRIAL,6 610,59 407,28 866,12 301 580,210 153 837,204 315 389,6 024,8 451,73 809,42 154,972 224 702,18 098 952 491,17 352 617 277,28,29,mistral_table,mistral_table,no
10,COMBUSTÍVEIS E LUBRIFICANTES,19 525,138 075,85 796,14 015 878,597 953 680,593 316 849,18 924,21 751,169 831,123 702,1 584 854 916,55 291 759 306,54 752 939 342,28,29,mistral_table,mistral_table,no
11,"PAPELARIAS, LIVRARIAS",14 100,55 223,30 258,6 101 862,55 563 737,55 116 736,12 202,13 636,55 167,33 808,431 366 846,4 158 498 163,4 097 544 811,28,29,mistral_table,mistral_table,no
12,MERC. EM GERAL - INC. ALIMENTÍCIOS,15 395,278 123,229 600,24 208 763,659 175 478,657 495 118,9 905,16 790,370 813,318 681,2 886 041 025,71 976 436 630,71 707 793 528,28,29,mistral_table,mistral_table,no
13,MERC. EM GERAL - EXC. ALIMENTÍCIOS,3 108,60 236,44 150,7 994 169,125 266 152,124 245 663,1 324,2 406,88 175,73 081,765 920 106,12 599 866 941,12 483 942 080,28,29,mistral_table,mistral_table,no
14,ARTIGOS DIVERSOS,30 520,112 138,57 547,10 868 074,118 913 980,115 676 364,36 517,40 835,148 797,80 506,1 102 026 041,10 059 648 245,9 743 203 343,28,29,mistral_table,mistral_table,no
15,ARTIGOS USADOS,3 028,8 766,3 280,727 619,8 099 394,8 024 996,5 096,5 180,14 907,6 703,96 053 137,791 236 553,782 848 192,28,29,mistral_table,mistral_table,no
16,COMERCIO ATACADISTA,39 099,387 621,196 356,64 412 327,3 121 763 051,3 099 748 938,37 217,44 994,498 280,315 769,7 011 724 523,323 122 777 303,319 146 262 432,28,29,mistral_table,mistral_table,no
17,PRODUTOS EXTRATIVOS E AGROPECUÁRIOS,3 842,34 792,18 818,4 778 279,323 613 418,318 655 006,4 938,5 997,51 713,30 569,651 148 228,35 259 849 709,34 593 979 646,28,29,mistral_table,mistral_table,no
18,"PROD. ALIMENTÍCIOS, BEBIDAS E FUMO",17 752,143 558,72 758,19 246 146,903 344 852,898 483 387,14 916,17 568,175 346,116 825,1 962 830 938,87 909 027 702,87 219 111 904,28,29,mistral_table,mistral_table,no
19,"PROD. FARMACÊUTICOS, ODONT. E VETER",2 318,31 651,15 895,6 389 971,181 570 324,179 500 911,2 476,3 010,46 406,30 396,137 679 266,19 878 885 504,19 485 513 945,28,29,mistral_table,mistral_table,no
20,"TECIDOS, VESTUÁRIO E ARMARINHO",2 773,24 570,13 861,3 663 486,101 358 892,100 735 448,,,,,,,,28,29,mistral_table,pdf_text_tokens_partial,yes
21,MAG. E APARELHOS ELETR. USO DOMEST,542,6 123,2 811,907 318,39 413 396,39 289 984,4 476,575,7 593,4 321,178 200 360,4 712 316 731,4 653 703 163,28,29,mistral_table,mistral_table,no
22,"FERRAGENS, MAT. ELETR. E ELETRÔNICO",4 009,48 669,22 348,9 730 213,247 149 426,245 149 426,3 832,4 599,57 954,33 775,917 174 930,22 245 507 770,21 907 292 390,28,29,mistral_table,mistral_table,no
23,"VEICULOS NOVOS E USADOS, PECAS",664,14 692,7 325,3 105 592,84 490 416,83 900 647,987,1 232,21 392,13 122,157 346 031,10 760 924 494,10 515 439 467,28,29,mistral_table,mistral_table,no
24,MAG. E EQUIP. DE USO INDUSTRIAL,1 052,14 361,6 245,4 404 449,79 422 721,79 426 937,1 071,1 453,19 776,11 070,429 702 133,7 325 180 076,7 033 767 883,28,29,mistral_table,mistral_table,no
25,COMBUSTÍVEIS E LUBRIFICANTES,875,11 276,6 741,3 192 849,920 082 217,919 182 586,357,1 025,13 925,10 331,379 333 022,89 654 998 445,89 302 022 383,28,29,mistral_table,mistral_table,no
26,"PAPELARIAS, LIVRARIAS",1 106,12 105,6 311,2 249 546,50 461 127,50 021 570,984,1 275,17 145,9 930,274 427 267,6 583 310 848,6 421 636 872,28,29,mistral_table,mistral_table,no
27,MERC. EM GERAL - INC. ALIMENTÍCIOS,443,17 881,11 843,2 714 247,108 634 976,106 878 263,217,397,15 525,9 786,342 570 115,16 582 624 028,16 306 264 768,28,29,mistral_table,mistral_table,no
28,MERC. EM GERAL - EXC. ALIMENTÍCIOS,180,2 601,1 287,383 461,11 608 452,11 540 154,128,303,3 733,2 515,136 603 355,2 081 318 640,2 009 237 518,28,29,mistral_table,mistral_table,no
29,ARTIGOS DIVERSOS,1 453,12 129,6 007,2 176 734,38 895 791,38 388 303,1 775,1 999,17 887,10 809,237 299 015,4 669 911 907,4 543 314 287,28,29,mistral_table,mistral_table,no
30,ARTIGOS USADOS,1 789,13 193,6 106,1 459 636,31 683 358,31 404 901,1 789,1 883,14 185,8 314,133 598 075,2 948 220 528,2 921 553 141,28,29,mistral_table,mistral_table,no
31,REGIÃO CENTRO-DESTE,37 934,163 993,74 973,16 184 238,380 689 389,377 292 388,40 962,45 341,219 370,127 673,1 948 620 279,44 862 111 974,44 188 349 834,28,29,mistral_table,mistral_table,no
32,COMÉRCIO VAREJISTA,35 994,142 426,66 876,12 392 984,255 191 655,252 580 616,39 470,43 173,190 510,110 740,1 482 120 586,28 380 370 127,27 914 792 895,28,29,mistral_table,mistral_table,no
33,"PROD. ALIMENTÍCIOS, BEBIDAS E FUMO",14 798,31 955,5 627,1 692 059,24 768 376,24 604 537,14 989,15 424,38 032,12 562,200 583 231,2 552 188 376,2 527 292 316,28,29,mistral_table,mistral_table,no
34,"PROD. FARMACÊUTICOS, ODONT. E VETER",2 260,9 815,5 276,919 350,20 091 324,19 944 155,156,3 500,13 622,8 088,100 055 058,1 783 760 896,1 766 817 987,28,29,mistral_table,mistral_table,no
35,"TECIDOS, VESTUÁRIO E ARMARINHO",7 465,25 757,12 515,1 932 381,21 860 699,21 776 078,8 553,9 162,34 014,19 146,218 105 082,2 363 731 542,2 346 141 498,28,29,mistral_table,mistral_table,no
36,MAG. E APARELHOS ELETR. USO DOMEST,1 366,9 793,5 418,1 192 726,19 109 318,18 901 590,1 099,1 615,12 151,8 583,120 528 431,1 732 615 035,1 708 379 819,28,29,mistral_table,mistral_table,no
37,"FERRAGENS, MAT. ELETR. E ELETRÔNICO",2 254,12 346,6 393,240 924,23 819 721,23 517 597,2 609,2 919,17 012,10 842,142 436 139,2 533 662 792,2 493 841 181,28,29,mistral_table,mistral_table,no
38,"VEICULOS NOVOS E USADOS, PECAS",1 862,11 228,5 711,1 319 035,37 850 006,37 279 079,2 765,3 038,21 461,12 918,224 931 624,5 121 144 518,4 943 682 281,28,29,mistral_table,mistral_table,no
39,MAG. E EQUIP. DE USO INDUSTRIAL,2 568,5 381,7 730,862 277,18 553 224,18 230 254,684,858,8 130,4 913,110 756 905,2 275 668 188,2 205 489 379,28,29,mistral_table,mistral_table,no
40,COMBUSTÍVEIS E LUBRIFICANTES,1 436,10 131,6 146,941 643,43 940 850,43 571 650,1 503,1 792,13 360,9 911,115 754 242,4 449 692 962,4 402 948 095,28,29,mistral_table,mistral_table,no
41,"PAPELARIAS, LIVRARIAS",752,2 926,1 607,274 838,2 971 448,2 926 596,797,883,3 691,2 252,29 495 691,270 662 771,265 429 755,28,29,mistral_table,mistral_table,no
42,MERC. EM GERAL - INC. ALIMENTÍCIOS,1 142,14 169,10 374,1 166 142,32 398 882,32 271 538,781,1 119,16 919,13 852,135 971 422,4 262 994 501,4 280 257 420,28,29,mistral_table,mistral_table,no
43,MERC. EM GERAL - EXC. ALIMENTÍCIOS,91,2 270,1 724,33 386,4 531 557,4 503 031,33,56,2 659,2 451,21 957 115,383 187 159,380 292 462,28,29,mistral_table,mistral_table,no
44,ARTIGOS DIVERSOS,1 722,6 215,3 175,500 491,4 957 384,4 762 320,168,2 473,8 541,4 851,55 962 200,585 790 032,555 235 769,28,29,mistral_table,mistral_table,no
45,ARTIGOS USADOS,158,440,180,27 932,276 134,272 189,333,334,918,391,5 583 545,35 391 375,34 985 243,28,29,mistral_table,mistral_table,no
46,COMÉRCIO ATACADISTA,1 650,15 693,7 884,2 304 220,125 497 734,124 711 772,1 492,2 018,23 834,16 213,300 189 184,16 458 542 085,16 273 556 939,28,29,mistral_table,mistral_table,no
47,PRODUTOS EXTRATIVOS E AGROPECUÁRIOS,272,2 247,872,336 749,16 218 150,16 000 832,341,456,4 519,3 021,57 644 947,2 987 265 651,2 910 356 457,28,29,mistral_table,mistral_table,no
48,"PROD. ALIMENTÍCIOS, BEBIDAS E FUMO",775,6 776,3 410,781 513,26 306 908,25 982 327,629,777,9 220,6 656,90 620 151,3 362 612 862,3 362 689 418,28,29,mistral_table,mistral_table,no
49,"PROD. FARMACÊUTICOS, ODONT. E VETER",121,1 341,692,219 577,4 782 686,4 763 186,115,134,2 066,1 237,24 660 223,651 047 328,643 363 082,28,29,mistral_table,mistral_table,no
50,"TECIDOS, VESTUÁRIO E ARMARINHO",70,854,465,142 440,3 789 684,3 788 638,98,117,1 257,780,14 834 277,563 865 833,562 365 680,28,29,mistral_table,mistral_table,no
51,MAG. E APARELHOS ELETR. USO DOMEST,18,1 393,47,817,368 429,368 378,12,17,159,69,2 770 448,73 397 903,72 524 534,28,29,mistral_table,mistral_table,no
52,"FERRAGENS, MAT. ELETR. E ELETRÔNICO",111,1 112,475,173 673,3 704 924,3 622 634,69,107,1 317,935,15 149 309,383 184 516,381 326 460,28,29,mistral_table,mistral_table,no
53,"VEICULOS NOVOS E USADOS, PECAS",43,561,293,93 029,2 245 221,2 235 516,30,66,873,586,10 662 690,350 796 333,340 499 114,28,29,mistral_table,mistral_table,no
54,MAG. E EQUIP. DE USO INDUSTRIAL,32,460,224,112 126,2 765 851,2 732 128,21,42,572,354,11 422 107,258 126 207,254 427 096,28,29,mistral_table,mistral_table,no
55,COMBUSTÍVEIS E LUBRIFICANTES,70,653,483,167 788,57 413 203,57 383 240,37,113,1 561,1 167,37 235 297,18 930 066 617,6 874 312 660,28,29,mistral_table,mistral_table,no
56,"PAPELARIAS, LIVRARIAS",51,458,175,88 652,1 912 091,1 910 097,39,63,710,482,11 181 908,233 420 103,226 707 610,28,29,mistral_table,mistral_table,no
57,MERC. EM GERAL - INC. ALIMENTÍCIOS,20,688,490,116 004,4 719 297,4 670 969,12,21,863,460,16 295 343,494 776 038,493 950 801,28,29,mistral_table,mistral_table,no
58,MERC. EM GERAL - EXC. ALIMENTÍCIOS,7,83,48,23 174,489 449,474 055,3,5,77,60,1 702 538,70 817 284,70 257 153,28,29,mistral_table,mistral_table,no
59,ARTIGOS DIVERSOS,28,133,61,19 435,436 796,435 142,44,56,373,236,3 135 445,53 279 014,52 865 308,28,29,mistral_table,mistral_table,no
60,ARTIGOS USADOS,32,224,149,20 443,345 045,344 630,42,44,267,168,2 870 201,28 089 396,25 911 666,28,29,mistral_table,mistral_table,no
61,MATO GROSSO DO SUL,8 338,34 878,15 137,2 990 548,84 206 598,83 635 930,8 834,9 831,46 797,27 606,378 379 755,10 177 921 932,10 029 924 750,28,29,mistral_table,mistral_table,no
62,COMÉRCIO VAREJISTA,7 839,30 778,13 491,2 367 980,52 760 625,52 313 350,6 399,9 208,40 988,23 718,297 801 946,5 516 999 276,5 426 981 504,28,29,mistral_table,mistral_table,no
63,"PROD. ALIMENTÍCIOS, BEBIDAS E FUMO",3 141,7 327,1 414,375 976,5 593 255,5 566 846,3 005,3 110,7 950,2 531,40 926 397,537 579 217,533 744 429,28,29,mistral_table,mistral_table,no
64,"PROD. FARMACÊUTICOS, ODONT. E VETER",540,1 980,915,174 506,4 376 741,4 363 340,713,770,2 781,1 483,18 805 937,459 704 156,456 801 506,28,29,mistral_table,mistral_table,no
65,"TECIDOS, VESTUÁRIO E ARMARINHO",1 587,5 347,2 374,350 466,4 346 079,4 334 497,1 844,1 973,7 222,3 886,44 126 057,417 598 111,416 095 676,28,29,mistral_table,mistral_table,no
66,MAG. E APARELHOS ELETR. USO DOMEST,338,2 208,289,244 624,4 258 046,4 233 553,280,385,2 604,1 939,28 396 301,560 102 822,356 269 739,28,29,mistral_table,mistral_table,no
67,"FERRAGENS, MAT. ELETR. E ELETRÔNICO",445,2 388,1 140,206 967,4 471 653,4 454 841,542,611,3 399,2 210,24 547 230,444 570 287,440 431 560,28,29,mistral_table,mistral_table,no
68,"VEICULOS NOVOS E USADOS, PECAS",451,2 768,1 321,301 538,7 384 516,7 248 972,666,736,5 340,3 449,27 551 700,517 504 839,974 277 752,28,29,mistral_table,mistral_table,no
69,MAG. E EQUIP. DE USO INDUSTRIAL,181,1 646,830,241 118,5 417 290,5 309 812,148,209,1 954,1 234,24 731 967,482 110 647,470 689 799,28,29,mistral_table,mistral_table,no
70,COMBUSTÍVEIS E LUBRIFICANTES,402,2 659,1 508,208 722,11 092 539,11 030 673,414,483,3 525,2 568,26 394 357,1 051 321 102,1 036 368 316,28,29,mistral_table,mistral_table,no
71,"PAPELARIAS, LIVRARIAS",149,482,242,32 566,309 362,305 370,144,155,519,283,3 061 520,28 426 289,28 079 307,28,29,mistral_table,mistral_table,no
72,MERC. EM GERAL - INC. ALIMENTÍCIOS,223,2 449,1 660,149 866,4 182 537,4 160 946,129,189,3 565,2 944,25 913 383,664 971 690,664 614 206,28,29,mistral_table,mistral_table,no
73,MERC. EM GERAL - EXC. ALIMENTÍCIOS,19,356,290,26 242,555 648,555 648,7,10,245,224,1 805 060,36 790 952,36 610 243,28,29,mistral_table,mistral_table,no
74,ARTIGOS DIVERSOS,336,1 080,483,66 705,737 129,713 101,454,506,1 648,852,10 120 108,107 533 114,104 075 082,28,29,mistral_table,mistral_table,no
75,ARTIGOS USADOS,23,74,25,4 564,25 830,25 750,71,71,236,115,1 421 929,8 786 050,8 664 487,28,29,mistral_table,mistral_table,no
76,COMERCIO ATACADISTA.....ssisccrrtsrrseas,,,,,,,151,187,1 613,1 162,14 904 861,535 515 718,533 779 759,30,31,tesseract_por_review_partial,mistral_table,yes
77,PRODUTOS EXTRATIVOS E AGROPECUARIOS,116,OP,333,155 709,9 192 531,s 147 31S,145,192,1 889,1 311,26 270 667,1 516 656 582,1 466 407 013,30,31,pdf_text_layout,mistral_table,no
78,"PROD. ALIMENTICIOS, BEBIDAS E FUMC",206,371,686,131 36•,s 326 07S,"s 27""3 577",,,,,,,,30,31,pdf_text_layout,missing,yes
79,"PROD. FARMACEUTICOS, ODONT",,,,,,,29,36,483,383,5 684 544,184 791 621,162 956 370,30,31,pdf_text_tokens_partial,mistral_table,yes
80,"TECIDOS, VESTUARIO E ARMARINHO",11,59,28,• 786,206 646,207 761,16,16,85,51,1 157 775,151 540 140,151 514 136,30,31,pdf_text_layout,mistral_table,no
81,MAO,,,,,,,6,7,46,30,323 653,40 533 748,40 524 808,30,31,pdf_text_tokens_partial,mistral_table,yes
82,"FERRAGENS, MAT. ELETR",,,,,,,25,34,258,121,3 326 217,101 710 307,101 669 267,30,31,pdf_text_tokens_partial,mistral_table,yes
83,"VEICULOS NOVOS E USADOS, PEÇAS",10,94,40,13 620,370 484,368 770,7,15,189,141,2 413 007,71 270 458,70 767 668,30,31,pdf_text_layout,mistral_table,no
84,,,,,,,,6,14,191,130,3 514 286,115 513 895,114 497 061,30,31,missing,mistral_table,yes
85,COMBUSTIVEIS,,,,,,,7,38,549,395,13 037 469,1 796 759 893,1 772 945 393,30,31,pdf_text_tokens_partial,mistral_table,yes
86,MERC. EM GERAL - EXC. AL!MENTICIOS,3,34,23,366,88 291,85 065,4,10,173,42,1 384 511,19 969 742,19 960 873,30,31,pdf_text_layout,mistral_table,no
87,MERC. EM GERAL - INC. AL!MENTICIOS,2,IBI,IA),IXI,10},<O),4,5,45,25,573 871,39 906 772,39 851 887,30,31,pdf_text_layout,mistral_table,no
88,,,,,,,,2,3,42,27,978 528,68 562 444,68 002 313,30,31,missing,mistral_table,yes
89,ARTIGOS DIVERSOS,4,18,8 330,7:1,630,72 630,7,7,25,11,174 400,2 946 616,2 946 616,30,31,pdf_text_tokens,mistral_table,no
90,ARTIGOS USADOS,8,(0),(0),()0,(C),(C),16,17,59,27,537 566,5 149 990,5 116 082,30,31,pdf_text_tokens,mistral_table,no
91,CAMPO GRANDE,2 114,11,648 937,1 235 663,33 153 200,32 904 111,2 287,2 642,17 286,11 413,171 365 627,4 265 890 896,4 192 571 358,30,31,pdf_text_layout,mistral_table,no
92,COMERCIO VAREJISTA,,,,,,,2 170,2 459,14 689,9 753,125 081 672,2 209 429 205,2 171 946 685,30,31,pdf_text_tokens_partial,mistral_table,yes
93,"PROD. ALIMENTICIOS, BEBIDAS E FUMO",730,474 241,78 435,1 206 967,1,204 686,752,795,1 939,682,10 055 306,121 931 737,121 525 711,30,31,pdf_text_layout,mistral_table,no
94,,,,,,,,170,192,647,525,6 704 693,95 235 978,94 125 715,30,31,missing,mistral_table,yes
95,"TECIDOS, VESTUARIO E ARMARINHO",351,1 603 922,115 866,1 385 116,1,379 332,453,499,2 515,1 646,16 201 997,159 293 698,158 867 709,30,31,pdf_text_layout,mistral_table,no
96,MAQ. E APARELHOS ELETR. USO DOMEST,BS,835 524,116 790,1 915 160,1,956 866,89,132,1 100,828,15 013 955,184 892 586,182 474 387,30,31,pdf_text_layout,mistral_table,no
97,"FERRAGENS, MAL ELETR. E ELETRONICO",17~,077 510,105 912,2 253 317,2,244 776,193,223,1 458,976,12 181 091,249 420 916,246 990 867,30,31,pdf_text_layout,mistral_table,no
98,,,,,,,,164,185,2 293,1 602,24 995 586,485 650 856,465 246 972,30,31,missing,mistral_table,yes
99,,,,,,,,49,62,690,500,10 386 211,197 660 390,192 721 456,30,31,missing,mistral_table,yes
100,C:OMBUSTIVElS,,,,,,,56,72,875,677,7 585 877,248 090 942,244 827 173,30,31,pdf_text_tokens_partial,mistral_table,yes
101,"PAPELARIAS, LIVRARIAS",47,236,140,19 619,163 682,160 236,47,64,236,158,1 577 353,13 934 515,13 675 253,30,31,pdf_text_tokens,mistral_table,no
102,MERC. EM GERAL - INC. ALIMENTICIOS,51,699,535,39 638,1 439 261,1 433 565,18,43,975,1 434,12 885 588,346 258 953,346 255 269,30,31,pdf_text_layout,mistral_table,no
103,"MERC, EM GERAL - EXC. ALIMENTICIOS",4,290,257,22 427,•e 1 620,481 620,1,2,<F),(F),IX),CE),<E),30,31,pdf_text_layout,pdf_text_layout,no
104,ARTIGOS DIVERSOS,100,458,252,29 987,381 562,368 562,158,180,789,489,5 646 790,71 781 955,69 956 393,30,31,pdf_text_tokens,mistral_table,no
105,ARTIGOS USADOS,8,31,12,2 002,12 244,12 244,'20,20,(E),(0),<X>,(8),(8),30,31,pdf_text_tokens,pdf_text_layout,no
106,COMERCIO ATACADISTA,,,,,,,117,163,2 369,1 643,40 365 232,2 056 368 964,2 020 624 673,30,31,pdf_text_tokens_partial,mistral_table,yes
107,PRODUTOS EXTRATIVOS E AGROPECUAl:UOS,16,157,59,49 061,633 424,610 502,27,32,340,175,8 055 016,218 450 663,209 053 488,30,31,pdf_text_layout,mistral_table,no
108,"PROD. FARMACEUTICOS, ODONT",,,,,,,44,55,785,574,9 038 348,206 872 726,206 736 810,30,31,tesseract_por_review_partial,mistral_table,yes
109,"PROD, FARMACEVTlCOS, ODONT. E Ve:TER",17,222,79,42 962,798 325,797 931,16,18,357,291,4 435 209,121 546 072,119 860 397,30,31,pdf_text_layout,mistral_table,no
110,"TEClDOS, VESTUARIO",,,,,,,2,3,13,6,195 390,5 013 024,5 013 024,30,31,pdf_text_tokens_partial,mistral_table,yes
111,MAQ,,,,,,,1,1,(9),(.A),(X),(8),(8),30,31,pdf_text_tokens_partial,pdf_text_layout,yes
112,"FERRAGENS, MAT. ELETl1. E ELETRONICO",6,76,35,10 202,276 941,276 927,9,9,131,54,1 838 293,49 758 916,49 725 321,30,31,pdf_text_layout,mistral_table,no
113,VE,,,,,,,4,11,163,122,2 205 033,66 449 441,66 058 227,30,31,pdf_text_tokens_partial,mistral_table,yes
114,"MAQ, E EQUll'. OE USO INDUSTRIAL",5,88,31,21 382,471 156,464 701,3,5,70,53,1 557 011,38 714 646,38 708 190,30,31,pdf_text_layout,mistral_table,no
115,,,,,,,,1,9,377,279,10 435 902,1 253 627 991,1 230 109 912,30,31,missing,mistral_table,yes
116,"PAPELARIAS, L!VRARlAS",6,51,19,8 246,151 251,151 175,4,10,73,42,1 384 511,19 969 743,19 960 873,30,31,pdf_text_tokens,mistral_table,no
117,MERC. EM GERAL - INC. ALIMENTIClOS,1,(A),{A},(X),{A),(A),,,,,,,,30,31,pdf_text_layout,pdf_text_layout_partial,yes
118,MERC. EM GERAL - EXC. ALlMENTIC!OS,2,ID),101,(X),!C),!Cl,,,,,,,,30,31,pdf_text_layout,missing,yes
119,Al'lTIGOS DIVERSOS,2,(C),(B),(X),IC),(Ç),4,4,13,5,54 878,495 112,495 112,30,31,pdf_text_tokens,mistral_table,no
120,APTIGOS USADOS,2,(D),(C),(X),IBI,(8),4,4,126,13,222 829,1 851 218,1 844 238,30,31,pdf_text_tokens,mistral_table,no
121,DOURADOS,,,,,,,765,879,5 500,3 639,49 984 748,1 588 274 256,1 566 026 356,30,31,pdf_text_tokens_partial,mistral_table,yes
122,COMERCIO VAREJISTA,675,567,1 849 325,034 061,66•,6 973 628,699,785,4 523,2 898,38 076 793,695 245 473,680 364 524,30,31,pdf_text_layout,mistral_table,no
123,VEICULOS NOVOS,,,,,,,76,87,927,646,7 811 477,137 153 588,127 476 455,30,31,tesseract_por_review_partial,mistral_table,yes
124,MAQ,,,,,,,23,29,340,143,5 522 356,99 035 501,96 886 058,30,31,tesseract_por_review_partial,mistral_table,yes
125,COMBUSTIVEIS E LUBRIFICANTE$,38,301,160,25 053,103 481,1 095 486,37,41,277,203,2 695 312,88 164 103,87 849 117,30,31,pdf_text_layout,mistral_table,no
126,OEMAlS GENEROS,551 416,1 250,183 166,714 630,3,691 572,563,628,2 979,1 906,22 047 648,370 882 281,368 150 893,30,31,pdf_text_tokens,mistral_table,no
127,COMERCIO ATACADISTA,53,545 177,86 249,980 725,8,960 025,66,87,967,733,11 853 741,893 028 783,885 661 832,30,31,pdf_text_tokens,mistral_table,no
128,AGUA CLARA,17,•2,11,1 851,47 266,45 231,13,13,38,11,223 017,5 184 494,5 124 494,30,31,pdf_text_tokens,mistral_table,no
129,AMAMBAI,349,1 154,395,66 245,1 623 983,1 613 409,278,298,1 088,482,5 495 567,103 951 550,102 893 218,30,31,pdf_text_layout,mistral_table,no
130,ANASTACIO,74,261,79,21 652,395 704,385 118,83,88,279,105,1 498 183,40 035 916,39 108 239,30,31,pdf_text_tokens,mistral_table,no
131,"ANAURI LANOIA. , , , , • , ••• , , , , , • , • , , , • , , •• , , , • •o",105,14,299,163,506,163 329,26,28,68,30,367 679,15 290 550,14 661 120,30,31,pdf_text_tokens,mistral_table,no
132,ANGELICA,52,138,36,890,106 026,105 801,51,52,84,18,320 907,6 074 601,6 071 501,30,31,pdf_text_tokens,mistral_table,no
133,"ANTONIO JOÃO •••.• , ••••• , • , , , , , •.• , ••.. , • , , 3A",79,10,3,338,65 886,65 733,32,34,106,31,730 167,11 343 780,11 343 780,30,31,pdf_text_tokens,mistral_table,no
134,APARECIDA 00 TABOADO,75,264,118,16 002,303 190,301 565,98,103,346,160,1 784 425,28 914 821,28 627 978,30,31,pdf_text_layout,mistral_table,no
135,AOU I DAUANA,266,951 400,63 212,1,188 570,186 376,250,276,972,538,6 260 858,119 992 415,119 385 500,30,31,pdf_text_tokens,mistral_table,no
136,ARAL MOREIRA,40,94,30,924,107 989,107 819,30,33,111,63,639 529,19 221 882,18 940 351,30,31,pdf_text_tokens,mistral_table,no
137,EIANDE IRANTES,30,67,20,4 025,113 526,111 023,38,41,118,55,680 507,14 699 061,14 667 429,30,31,pdf_text_tokens,mistral_table,no
138,BATAGUASSU,36,146,58,051,313 437,305 716,43,49,204,115,1 004 585,35 470 213,33 832 314,30,31,pdf_text_tokens,mistral_table,no
139,BATAIPORÂ,64,123,u,8 716,160 186,160 070,31,34,93,30,297 535,5 319 027,5 314 227,30,31,pdf_text_tokens,mistral_table,no
140,BELA VISTA,91,275,98,16 599,305 914,303 429,97,105,361,178,2 754 741,28 774 658,28 104 677,30,31,pdf_text_tokens,mistral_table,no
141,BODOOUENA,,,,,,,26,27,36,5,135 307,4 792 459,4 792 459,30,31,pdf_text_layout_partial,mistral_table,yes
142,BONITO,69,140,40,8 089,187 067,187 067,71,79,248,107,1 280 865,49 001 063,48 698 384,30,31,pdf_text_tokens,mistral_table,no
143,BRASILANDIA,42,45,167,151,o:n,148 249,46,51,156,75,903 100,11 656 751,10 623 191,30,31,pdf_text_tokens,mistral_table,no
144,CAARAPO,147,482,156,25 202,398 950,394 437,128,134,412,221,2 916 651,69 644 816,68 544 958,32,33,mistral_table,mistral_table,no
145,CAMAPUÁ,142,411,126,31 242,1 055 749,1 051 027,88,92,258,124,1 475 888,39 071 135,38 704 520,32,33,mistral_table,mistral_table,no
146,CARACOL,10,30,10,1 808,11 663,11 663,15,16,30,10,166 660,2 714 248,2 708 248,32,33,mistral_table,mistral_table,no
147,CASSILANDIA,102,399,181,25 387,710 527,704 980,159,171,784,495,5 174 216,167 969 355,164 392 717,32,33,mistral_table,mistral_table,no
148,CORQUINHO,11,19,1,461,9 267,9 252,10,10,18,5,78 745,1 617 557,1 617 557,32,33,mistral_table,mistral_table,no
149,CORUMBA,519,2 012,910,140 462,4 434 138,4 416 152,510,590,2 540,1 575,17 320 696,662 503 777,658 164 221,32,33,mistral_table,mistral_table,no
150,COSTA RICA,-,-,-,-,-,-,69,77,242,121,1 874 444,127 352 589,124 903 652,32,33,mistral_table,mistral_table,no
151,COXIM,177,685,342,55 339,1 109 083,1 105 778,150,163,613,359,3 359 237,94 638 996,94 108 968,32,33,mistral_table,mistral_table,no
152,DEODAPOLIS,79,188,53,10 410,202 792,199 571,86,93,244,67,906 285,15 297 496,15 180 466,32,33,mistral_table,mistral_table,no
153,DOURADINA,-,-,-,-,-,-,23,25,60,23,905 707,32 305 226,31 526 418,32,33,mistral_table,mistral_table,no
154,ELDORADO,91,268,86,14 972,377 898,372 053,75,76,274,160,1 124 986,18 012 224,17 800 878,32,33,mistral_table,mistral_table,no
155,FATIMA DO SUL,191,705,218,44 473,1 066 066,1 060 079,204,217,783,347,4 620 251,70 935 472,70 290 374,32,33,mistral_table,mistral_table,no
156,GLORIA DE DOURADOS,102,359,127,20 922,343 810,342 800,115,122,370,124,1 514 917,22 064 759,21 760 502,32,33,mistral_table,mistral_table,no
157,GUIA LOPES DA LAGUNA,49,134,34,6 353,148 801,146 203,44,47,141,50,1 224 297,11 815 582,11 276 754,32,33,mistral_table,mistral_table,no
158,IGUATEMI,77,233,81,19 380,264 160,264 160,69,71,195,85,977 647,18 449 412,18 414 391,32,33,mistral_table,mistral_table,no
159,INOCENCIA,20,56,12,2 658,56 966,56 806,29,29,80,22,686 695,8 471 866,8 257 344,32,33,mistral_table,mistral_table,no
160,ITAPORÁ,77,221,45,12 734,1 055 966,1 053 361,84,88,272,115,1 316 764,99 867 779,98 163 534,32,33,mistral_table,mistral_table,no
161,ITAQUIRAI,-,-,-,-,-,-,31,34,124,54,444 600,10 203 497,10 203 497,32,33,mistral_table,mistral_table,no
162,IVINHEMA,97,303,98,17 567,385 749,382 922,109,117,472,222,1 994 327,42 201 200,41 532 467,32,33,mistral_table,mistral_table,no
163,JARAGUARI,11,19,2,608,20 516,20 392,3,4,11,3,70 531,1 562 242,1 535 242,32,33,mistral_table,mistral_table,no
164,JARDIM,144,445,135,23 620,450 187,449 545,124,135,560,289,6 401 537,63 086 685,62 603 805,32,33,mistral_table,mistral_table,no
165,JATEI,18,41,4,2 389,30 638,30 331,11,11,25,6,93 471,1 992 979,1 992 979,32,33,mistral_table,mistral_table,no
166,LADARIO,25,84,25,4 183,79 550,76 850,27,28,90,46,785 743,6 782 413,6 722 413,32,33,mistral_table,mistral_table,no
167,MARACAJU,123,500,158,49 262,1 420 581,1 416 083,145,162,730,434,5 973 063,217 621 118,215 926 326,32,33,mistral_table,mistral_table,no
168,MIRANDA,132,317,54,12 108,376 475,375 891,115,122,340,135,1 761 097,42 537 496,41 992 352,32,33,mistral_table,mistral_table,no
169,MUNDO NOVO,232,757,229,41 680,1 284 761,1 282 503,195,210,791,422,4 589 816,126 794 843,126 281 063,32,33,mistral_table,mistral_table,no
170,NAVIRAI,149,689,356,45 807,957 575,949 211,151,167,762,387,4 338 036,82 069 765,80 344 270,32,33,mistral_table,mistral_table,no
171,NIOAQUE,33,77,13,2 305,54 369,54 369,31,33,76,19,284 329,4 371 521,4 371 521,32,33,mistral_table,mistral_table,no
172,NOVA ANDRADINA,136,445,167,36 877,836 985,826 038,165,183,794,474,5 576 736,124 662 209,122 033 010,32,33,mistral_table,mistral_table,no
173,PARANAIBA,173,904,454,75 045,1 702 094,1 672 126,207,229,1 249,816,8 790 171,136 817 401,131 685 116,32,33,mistral_table,mistral_table,no
174,PEDRO GOMES,57,185,80,10 780,191 614,191 614,55,60,165,70,1 066 637,61 101 960,59 981 073,32,33,mistral_table,mistral_table,no
175,PONTA PORÁ,346,1 433,529,143 870,5 147 909,5 123 238,390,429,2 030,1 120,14 593 132,426 423 858,420 982 520,32,33,mistral_table,mistral_table,no
176,PORTO MURTINHO,37,146,68,5 617,146 434,144 784,37,41,107,60,418 224,21 103 704,21 068 957,32,33,mistral_table,mistral_table,no
177,RIBAS DO RIO PARDO,56,101,21,5 765,105 104,104 401,47,47,125,15,328 845,7 493 288,7 493 288,32,33,mistral_table,mistral_table,no
178,RIO BRILHANTE,96,433,173,39 306,1 567 737,1 554 640,107,117,524,311,4 269 342,150 962 243,149 539 252,32,33,mistral_table,mistral_table,no
179,RIO NEGRO,40,123,11,2 578,77 610,77 516,31,31,52,10,213 390,6 290 656,6 290 656,32,33,mistral_table,mistral_table,no
180,RIO VERDE DE MATO GROSSO,90,298,117,27 930,481 073,480 068,79,82,266,111,1 308 010,31 093 367,30 955 753,32,33,mistral_table,mistral_table,no
181,ROCHEDO,9,18,1,979,17 915,17 862,16,16,28,1,96 582,1 546 353,1 546 353,32,33,mistral_table,mistral_table,no
182,SÃO GABRIEL DO OESTE,-,-,-,-,-,-,50,63,346,231,2 940 222,204 134 478,202 683 735,32,33,mistral_table,mistral_table,no
183,SETE QUEDAS,-,-,-,-,-,-,102,114,388,199,2 697 302,57 388 521,57 356 104,32,33,mistral_table,mistral_table,no
184,SELVIRIA,-,-,-,-,-,-,17,17,52,19,256 091,8 693 037,8 693 037,32,33,mistral_table,mistral_table,no
185,SIDROLANDIA,40,142,22,12 071,820 088,818 964,70,83,405,197,4 389 269,158 774 903,157 688 093,32,33,mistral_table,mistral_table,no
186,TACURU,-,-,-,-,-,-,25,28,83,32,311 005,9 563 014,9 520 646,32,33,mistral_table,mistral_table,no
187,TAQUARUSSU,-,-,-,-,-,-,26,28,71,18,400 141,7 550 659,7 550 659,32,33,mistral_table,mistral_table,no
188,TERENOS,24,93,45,5 992,203 068,203 068,25,29,115,42,491 570,138 996 994,138 996 994,32,33,mistral_table,mistral_table,no
189,TRES LAGOAS,350,1 342,648,104 532,2 173 796,2 1 65 493,320,356,1 624,905,12 125 103,209 476 844,205 746 291,34,35,pdf_text_layout,mistral_table,no
190,MATO GROSSO,6 047,23 016,9 337,2 192 135,51 495 457,51 139 280,7 915,8 774,38 978,22 262,364 145 556,8 461 628 332,8 337 256 394,34,35,mistral_table,mistral_table,no
191,COMERCIO VAREJISTA,5 772,20 441,8 239,1 790 165,35 435 165,35 235 133,7 649,8 333,33 738,18 818,291 035 997,5 156 489 268,5 090 678 565,34,35,mistral_table,mistral_table,no
192,"PROD. ALIMENTICIOS, BEBIDAS E FUMO",2 525,6 063,1 036,392 077,4 735 570,4 711 373,2 906,2 976,7 865,2 871,60 714 122,619 693 903,617 794 050,34,35,mistral_table,mistral_table,no
193,"PROD. FARMACÊUTICOS, ODONT. E VETER",430,1 442,639,139 806,2 799 799,2 791 742,624,675,2 308,1 232,19 128 498,261 666 168,259 495 106,34,35,mistral_table,mistral_table,no
194,"TECIDOS, VESTUÁRIO E ARMARINHO",1 172,3 534,1 316,266 134,2 883 257,2 877 961,1 610,1 686,5 833,3 055,38 007 901,369 309 231,367 483 934,34,35,mistral_table,mistral_table,no
195,MAG. E APARELHOS ELETR. USO DOMEST,198,1 368,853,163 125,2 484 981,2 477 937,231,335,3 450,1 886,21 707 458,309 809 084,307 030 807,34,35,mistral_table,mistral_table,no
196,"FERRAGENS, MAT. ELETR. E ELETRÔNICO",321,1 490,715,142 311,2 747 970,2 743 820,522,586,2 861,1 797,24 702 985,452 519 682,448 493 434,34,35,mistral_table,mistral_table,no
197,"VEICULOS NOVOS E USADOS, PECAS",264,1 448,748,178 094,4 714 138,4 668 538,550,517,2 039,2 260,44 006 015,987 627 117,957 727 378,34,35,mistral_table,mistral_table,no
198,MAG. E EQUIP. DE USO INDUSTRIAL,113,870,428,139 836,3 185 397,3 147 161,161,221,1 455,880,22 751 747,495 342 211,481 610 313,34,35,mistral_table,mistral_table,no
199,COMBUSTÍVEIS E LUBRIFICANTES,252,1 409,890,136 947,7 417 057,7 375 513,317,416,2 517,1 633,24 680 150,934 545 950,929 461 154,34,35,mistral_table,mistral_table,no
200,"PAPELARIAS, LIVRARIAS",90,309,140,27 029,388 022,387 630,137,153,595,352,4 515 272,45 522 594,45 140 464,34,35,mistral_table,mistral_table,no
201,MERC. EM GERAL - INC. ALIMENTÍCIOS,150,1 678,1 130,137 301,3 362 158,3 345 392,133,194,2 445,1 982,20 225 200,565 484 435,564 265 706,34,35,mistral_table,mistral_table,no
202,MERC. EM GERAL - EXC. ALIMENTÍCIOS,17,72,34,9 141,167 963,167 681,9,10,47,33,487 166,11 731 663,10 613 916,34,35,mistral_table,mistral_table,no
203,ARTIGOS DIVERSOS,226,726,326,55 870,525 506,517 038,364,427,1 207,571,9 251 523,97 546 669,95 940 736,34,35,mistral_table,mistral_table,no
204,ARTIGOS USADOS,11,32,14,2 494,23 347,23 347,35,35,116,66,863 960,5 490 567,5 434 567,34,35,mistral_table,mistral_table,no
205,COMERCIO ATACADISTA,246,2 147,1 035,303 860,16 060 292,15 904 147,266,828,4 871,3 437,64 783 099,3 296 076 520,3 246 577 829,34,35,mistral_table,mistral_table,no
206,PRODUTOS EXTRATIVOS E AGROPECUÁRIOS,68,558,287,92 580,2 937 523,2 851 336,72,123,1 469,1 045,20 221 257,932 245 055,912 563 977,34,35,mistral_table,mistral_table,no
207,"PROD. ALIMENTÍCIOS, BEBIDAS E FUMO",94,872,431,100 326,2 712 519,2 670 408,111,153,1 599,1 090,17 914 873,638 161 667,633 583 699,34,35,mistral_table,mistral_table,no
208,"PROD. FARMACÊUTICOS, ODONT. E VETER",24,143,71,15 567,707 652,704 335,29,34,291,184,3 684 025,133 284 046,132 246 495,34,35,mistral_table,mistral_table,no
209,"TECIDOS, VESTUÁRIO E ARMARINHO",10,102,44,13 969,452 630,452 630,8,12,169,116,2 585 768,77 464 704,77 460 704,34,35,mistral_table,mistral_table,no
210,MAG. E APARELHOS ELETR. USO DOMEST,5,(D),(B),(A),(B),(B),1,1,(A),(A),(X),(A),(A),34,35,mistral_table,tesseract_por_review,no
211,"FERRAGENS, MAT. ELETR. E ELETRÔNICO",11,101,30,15 445,307 678,288 393,18,29,424,315,4 138 677,102 575 719,101 923 712,34,35,mistral_table,mistral_table,no
212,"VEICULOS NOVOS E USADOS, PECAS",8,91,41,18 535,250 204,244 415,2,12,103,84,1 264 591,47 058 299,46 989 482,34,35,mistral_table,mistral_table,no
213,MAG. E EQUIP. DE USO INDUSTRIAL,4,93,29,20 526,370 627,363 218,8,14,291,177,5 776 109,115 397 799,113 897 226,34,35,mistral_table,mistral_table,no
214,COMBUSTÍVEIS E LUBRIFICANTES,14,102,65,19 308,8 116 421,8 116 003,9,38,390,312,7 825 058,1 201 293 312,1 179 320 076,34,35,mistral_table,mistral_table,no
215,"PAPELARIAS, LIVRARIAS",6,43,12,7 077,115 095,115 095,4,6,45,38,650 585,10 031 450,10 031 450,34,35,mistral_table,mistral_table,no
216,MERC. EM GERAL - INC. ALIMENTÍCIOS,2,(C),(C),(X),(C),(C),2,3,61,53,520 594,33 490 502,33 490 502,34,35,mistral_table,mistral_table,no
217,ARTIGOS DIVERSOS,-,-,-,-,-,-,2,4,(D),(D),(A),(B),(B),34,35,mistral_table,mistral_table,no
218,CUIABÁ,1 409,7 674,3 813,860 359,20 278 887,20 183 692,1 812,2 099,13 014,8 161,135 844 464,3 019 407 192,2 961 460 436,34,35,mistral_table,mistral_table,no
219,COMERCIO VAREJISTA,1 320,6 414,3 254,661 050,13 106 603,13 043 445,1 732,1 967,11 060,6 938,103 970 002,1 814 822 934,1 789 042 552,34,35,mistral_table,mistral_table,no
220,"PROD. ALIMENTÍCIOS, BEBIDAS E FUMO",623,1 170,185,82 203,896 178,893 738,579,704,7 956,737,18 587 110,155 640 689,155 195 445,34,35,mistral_table,mistral_table,no
221,"PROD. FARMACÊUTICOS, ODONT. E VETER",78,340,182,40 703,665 102,664 503,130,149,762,492,6 910 177,80 345 979,79 454 330,34,35,mistral_table,mistral_table,no
222,"TECIDOS, VESTUÁRIO E ARMARINHO",274,1 078,557,91 286,1 031 619,1 030 312,351,387,2 211,1 520,15 031 395,168 092 532,167 357 049,34,35,mistral_table,mistral_table,no
223,MAG. E APARELHOS ELETR. USO DOMEST,74,737,469,97 579,1 421 556,1 419 841,80,113,1 000,760,10 246 291,146 048 036,143 510 415,34,35,mistral_table,mistral_table,no
224,"FERRAGENS, MAT. ELETR. E ELETRÔNICO",100,601,322,59 830,1 432 431,1 429 878,119,138,987,669,9 102 136,187 814 557,185 271 890,34,35,mistral_table,mistral_table,no
225,"VEICULOS NOVOS E USADOS, PECAS",65,647,381,96 448,2 898 867,2 864 111,121,145,1 487,817,20 364 187,555 404 780,543 914 542,34,35,mistral_table,mistral_table,no
226,MAG. E EQUIP. DE USO INDUSTRIAL,28,267,122,53 871,1 113 323,1 106 641,42,49,357,199,4 857 623,93 309 489,89 253 713,34,35,mistral_table,mistral_table,no
227,COMBUSTÍVEIS E LUBRIFICANTES,29,257,200,28 960,1 568 028,1 556 610,2,142,459,349,4 742 522,147 218 861,145 656 216,34,35,mistral_table,mistral_table,no
228,"PAPELARIAS, LIVRARIAS",38,168,99,16 140,277 800,277 408,47,55,353,258,3 164 583,32 769 804,32 459 020,34,35,mistral_table,mistral_table,no
229,MERC. EM GERAL - INC. ALIMENTÍCIOS,22,719,546,55 190,1 369 465,1 369 175,11,37,878,765,5 695 711,194 398 567,194 398 553,34,35,mistral_table,mistral_table,no
230,MERC. EM GERAL - EXC. ALIMENTÍCIOS,5,(D),(D),(A),(D),(D),2,2,(D),(C),(X),(C),(C),34,35,mistral_table,mistral_table,no
231,ARTIGOS DIVERSOS,82,381,209,33 010,293 167,288 311,119,137,543,318,4 614 985,41 747 708,41 029 190,34,35,mistral_table,mistral_table,no
232,ARTIGOS USADOS,2,(B),(A),(A),(A),(A),9,9,(D),(D),(X),(B),(B),34,35,mistral_table,mistral_table,no
233,COMERCIO ATACADISTA,72,1 002,498,151 601,7 170 284,7 140 247,80,124,1 731,1 216,25 945 140,1 195 324 848,1 172 417 884,34,35,mistral_table,mistral_table,no
234,PRODUTOS EXTRATIVOS E AGROPECUÁRIOS,8,207,109,36 867,360 006,360 004,12,17,89,45,1 338 335,32 071 197,31 917 437,34,35,mistral_table,mistral_table,no
235,"PROD. ALIMENTÍCIOS, BEBIDAS E FUMO",24,364,197,46 011,1 439 895,1 427 663,30,36,554,399,7 913 412,261 523 412,261 257 393,34,35,mistral_table,mistral_table,no
236,"PROD. FARMACÊUTICOS, ODONT. E VETER",5,51,25,8 137,257 109,257 109,15,16,191,119,2 030 264,75 065 477,74 974 758,34,35,mistral_table,mistral_table,no
237,"TECIDOS, VESTUÁRIO E ARMARINHO",9,100,43,13 889,451 130,451 130,3,6,110,72,2 272 100,70 259 856,70 259 856,34,35,mistral_table,mistral_table,no
238,MAG. E APARELHOS ELETR. USO DOMEST,4,(D),(B),(A),(B),(B),1,1,(A),(A),(X),(A),(A),34,35,mistral_table,mistral_table,no
239,"FERRAGENS, MAT. ELETR. E ELETRÔNICO",6,55,25,7 092,133 238,124 013,1,14,195,138,1 651 621,39 555 396,38 903 385,34,35,mistral_table,mistral_table,no
240,"VEICULOS NOVOS E USADOS, PECAS",3,25,13,2 674,99 593,99 593,1,6,71,56,863 223,37 498 281,37 470 062,34,35,mistral_table,mistral_table,no
241,MAG. E EQUIP. DE USO INDUSTRIAL,3,78,26,21 120,312 387,305 486,4,8,201,123,4 762 803,87 106 934,86 317 163,34,35,mistral_table,mistral_table,no
242,COMBUSTÍVEIS E LUBRIFICANTES,5,47,30,8 671,3 986 109,3 986 109,-,5,228,186,4 053 333,555 187 274,534 268 406,34,35,mistral_table,mistral_table,no
243,"PAPELARIAS, LIVRARIAS",4,40,10,3 954,53 052,53 052,2,4,36,32,529 122,8 454 056,8 454 056,34,35,mistral_table,mistral_table,no
244,MERC. EM GERAL - INC. ALIMENTÍCIOS,1,(C),(C),(X),(C),(C),1,2,(D),(D),(X),(D),(D),34,35,mistral_table,mistral_table,no
245,ARTIGOS DIVERSOS,-,-,-,-,-,-,2,3,23,19,150 472,3 924 710,3 921 109,34,35,mistral_table,mistral_table,no
246,RONDONOPOLIS,592,2 684,1 244,221 688,5 595 437,5 570 378,673,739,4 330,2 714,35 502 984,847 042 617,824 689 431,34,35,mistral_table,mistral_table,no
247,COMERCIO VAREJISTA,560,2 412,1 134,188 582,4 844 726,4 824 265,643,699,3 594,2 240,27 459 223,540 098 293,529 647 411,34,35,mistral_table,mistral_table,no
248,"VEICULOS NOVOS E USADOS, PECAS",32,220,120,26 749,882 526,879 580,55,61,628,334,5 969 256,126 351 272,119 611 281,34,35,mistral_table,mistral_table,no
249,MAG. E EQUIP. DE USO INDUSTRIAL,11,102,69,15 031,527 585,518 336,15,17,210,150,3 789 705,61 496 430,59 828 189,34,35,mistral_table,mistral_table,no
250,COMBUSTÍVEIS E LUBRIFICANTES,24,179,114,13 691,664 083,662 719,27,32,331,267,2 564 137,114 347 615,113 941 025,34,35,mistral_table,mistral_table,no
251,DEMAIS GENÉROS,493,1 911,831,133 111,2 770 552,2 763 630,546,589,2 425,1 489,15 136 125,237 902 976,236 266 016,34,35,mistral_table,mistral_table,no
252,COMERCIO ATACADISTA,26,224,110,21 316,750 711,746 113,30,39,711,474,7 882 270,306 944 324,295 042 020,34,35,mistral_table,mistral_table,no
253,VARZEA GRANDE,331,1 354,513,136 410,6 206 335,6 172 390,508,588,3 375,2 070,35 815 058,1 068 817 450,1 056 692 022,34,35,mistral_table,mistral_table,no
254,COMERCIO VAREJISTA,305,1 107,379,100 377,1 615 269,1 594 844,483,544,2 647,1 602,27 040 038,535 420 846,523 683 079,34,35,mistral_table,mistral_table,no
255,"VEICULOS NOVOS E USADOS, PECAS",23,86,37,8 298,85 051,83 856,57,66,506,321,5 277 882,123 220 874,117 309 327,34,35,mistral_table,mistral_table,no
256,MAG. E EQUIP. DE USO INDUSTRIAL,10,131,43,24 727,396 400,387 451,20,27,259,154,5 768 078,115 961 775,111 282 522,34,35,mistral_table,mistral_table,no
257,MERC. EM GERAL - INC. ALIMENTÍCIOS,6,67,47,4 164,158 266,158 266,5,12,201,174,2 285 566,98 938 240,98 938 240,34,35,mistral_table,mistral_table,no
258,DEMAIS GENÉROS,266,823,252,63 188,975 552,965 271,401,437,1 678,953,13 704 512,197 299 959,196 152 990,34,35,mistral_table,mistral_table,no
259,COMERCIO ATACADISTA,24,204,108,33 464,4 591 066,4 577 546,25,42,703,468,8 129 573,533 396 602,533 008 643,34,35,mistral_table,mistral_table,no
260,ACORIZAL,28,73,15,4 155,59 628,59 392,46,46,93,23,1 018 222,7 540 038,7 393 711,34,35,mistral_table,mistral_table,no
261,AGUA BOA,18,72,26,8 853,609 443,571 529,40,46,242,144,1 838 018,87 572 653,87 492 653,34,35,mistral_table,mistral_table,no
262,,,,,,,,221,266,1 230,732,12 193 801,361 682 698,380 506 234,36,37,missing,mistral_table,yes
263,ALTO ARAGUAIA,87,290,105,24 188,495 684,491 377,142,146,486,239,2 379 621,53 361 474,52 957 790,36,37,mistral_table,mistral_table,no
264,ALTO GARÇAS,27,89,31,4 914,154 847,154 843,54,54,133,52,661 133,30 178 322,30 130 734,36,37,mistral_table,mistral_table,no
265,ALTO PARAGUAI,52,83,3,6 729,86 388,86 388,66,66,153,22,1 947 015,14 802 917,14 166 985,36,37,mistral_table,mistral_table,no
266,ARAGUAINHA,6,11,-,1 244,3 350,3 350,4,4,11,6,284 100,1 017 000,1 017 000,36,37,mistral_table,mistral_table,no
267,ARAPUTANGA,59,192,64,10 936,177 057,176 289,42,45,155,89,1 096 659,16 223 258,16 206 621,36,37,mistral_table,mistral_table,no
268,ARENAPOLIS,82,190,30,15 627,227 041,226 991,71,77,225,71,924 988,23 859 913,23 773 974,36,37,mistral_table,mistral_table,no
269,ARIPUANÁ,82,260,97,15 432,221 569,220 977,36,42,130,59,751 621,14 893 454,14 865 984,36,37,mistral_table,mistral_table,no
270,BARÃO DE MELGAÇO,27,58,12,3 932,47 813,47 813,21,21,42,8,270 407,1 742 971,1 740 871,36,37,mistral_table,mistral_table,no
271,BARRA DO BUGRES,103,239,45,17 822,289 652,287 963,93,102,279,142,1 969 299,44 625 928,44 509 333,36,37,mistral_table,mistral_table,no
272,BARRA DO GARÇAS,352,1 309,590,128 155,2 403 706,2 381 852,315,346,1 803,1 073,12 873 172,237 696 631,234 235 173,36,37,mistral_table,mistral_table,no
273,CACERES,265,1 194,620,93 459,2 044 882,2 028 864,274,314,1 390,857,10 728 731,244 189 501,242 194 637,36,37,mistral_table,mistral_table,no
274,CANARANA,49,182,53,20 183,743 382,715 772,55,62,280,165,4 033 681,88 922 554,85 532 464,36,37,mistral_table,mistral_table,no
275,CHAPADA DOS GUIMARÃES,40,116,40,13 136,623 323,620 142,50,51,102,47,557 401,7 327 074,7 321 328,36,37,mistral_table,mistral_table,no
276,COLIDER,132,383,143,55 931,1 178 921,1 169 025,375,415,1 266,525,10 662 688,221 083 433,217 631 142,36,37,mistral_table,mistral_table,no
277,DENISE,-,-,-,-,-,-,13,13,41,7,347 774,5 767 721,5 767 721,36,37,mistral_table,mistral_table,no
278,DIAMANTINO,82,306,123,37 164,907 338,904 709,175,191,804,447,12 317 095,309 927 905,307 042 508,36,37,mistral_table,mistral_table,no
279,DOM AQUINO,55,110,22,9 193,208 105,208 045,52,52,99,20,636 590,7 812 291,7 803 886,36,37,mistral_table,mistral_table,no
280,GENERAL CARNEIRO,26,53,3,1 167,24 133,24 133,10,13,29,7,160 706,2 671 852,2 668 762,36,37,mistral_table,mistral_table,no
281,GUIRATINGA,92,203,82,10 861,227 300,227 207,91,94,209,80,2 162 817,19 561 808,19 541 253,36,37,mistral_table,mistral_table,no
282,ITIQUIRA,19,59,15,1 888,46 748,45 585,44,47,140,56,795 251,87 019 719,85 874 820,36,37,mistral_table,mistral_table,no
283,JACIARA,104,321,112,27 114,718 939,706 691,149,163,533,280,5 053 799,208 993 572,208 774 617,36,37,mistral_table,mistral_table,no
284,JAURU,50,141,40,8 259,154 425,153 955,62,65,128,43,636 276,10 158 465,10 158 465,36,37,mistral_table,mistral_table,no
285,JUARA,-,-,-,-,-,-,127,135,351,153,1 385 618,38 021 235,38 020 473,36,37,mistral_table,mistral_table,no
286,JUINA,-,-,-,-,-,-,99,103,476,217,4 124 766,65 454 917,64 929 557,36,37,mistral_table,mistral_table,no
287,,,,,,,,57,58,146,51,1 852 313,15 592 933,15 519 633,36,37,missing,mistral_table,yes
288,LUCIARA,27,58,19,4 499,69 963,69 925,80,85,184,85,1 165 547,20 756 899,20 656 859,36,37,mistral_table,mistral_table,no
289,VILA BELA DA SANTISSIMA TRINDADE,27,93,33,7 579,202 090,199 367,16,19,53,31,377 295,10 520 995,10 404 495,36,37,mistral_table,mistral_table,no
290,MIRASSOL D'OESTE,100,336,108,11 905,365 264,364 571,122,129,407,216,1 831 315,47 904 174,47 762 388,36,37,mistral_table,mistral_table,no
291,NOBRES,65,179,47,25 552,344 026,341 242,134,143,484,227,4 283 307,131 831 199,129 123 901,36,37,mistral_table,mistral_table,no
292,NORTELANDIA,53,110,17,9 218,159 141,158 402,85,87,213,71,3 680 800,44 347 700,44 312 700,36,37,mistral_table,mistral_table,no
293,NOSSA SENHORA DO LIVRAMENTO,13,16,-,802,9 098,9 098,14,15,44,18,876 620,9 906 779,9 906 779,36,37,mistral_table,mistral_table,no
294,NOVA BRASILANDIA,50,87,16,8 704,135 686,135 686,82,82,163,73,573 211,7 456 313,7 456 312,36,37,mistral_table,mistral_table,no
295,NOVA XAVANTINA,115,336,107,34 279,537 200,527 033,124,138,475,293,5 879 306,68 704 026,67 831 057,36,37,mistral_table,mistral_table,no
296,PARANATINGA,52,141,26,8 774,187 399,181 980,77,83,296,174,7 178 043,46 108 757,45 747 757,36,37,mistral_table,mistral_table,no
297,PEDRA PRETA,56,159,42,7 482,269 347,262 074,50,53,167,81,922 984,39 450 788,39 218 784,36,37,mistral_table,mistral_table,no
298,POCONE,85,236,88,16 779,312 841,310 916,80,89,287,154,3 620 747,47 323 145,47 309 145,36,37,mistral_table,mistral_table,no
299,PONTE BRANCA,24,51,4,3 031,30 593,30 361,14,15,32,14,402 300,3 196 888,3 196 888,36,37,mistral_table,mistral_table,no
300,PONTES E LACERDA,89,297,38,27 397,253 538,253 339,102,112,370,234,2 394 278,54 548 256,54 426 056,36,37,mistral_table,mistral_table,no
301,PORTO DOS GAUCHOS,98,304,73,39 672,667 568,667 488,58,58,145,74,652 361,7 061 997,7 061 997,36,37,mistral_table,mistral_table,no
302,POXOREO,104,243,50,13 848,356 352,355 773,183,196,563,214,4 366 209,94 215 269,94 076 641,36,37,mistral_table,mistral_table,no
303,SÃO JOSE DOS QUATRO MARCOS,70,215,58,9 325,221 678,221 678,78,85,344,191,3 113 726,45 738 996,45 614 126,36,37,mistral_table,mistral_table,no
304,RIO BRANCO,77,175,39,8 148,155 542,155 542,49,49,146,39,999 767,9 597 566,9 597 566,36,37,mistral_table,mistral_table,no
305,SÃO JOSE DO RIO CLARO,30,123,17,12 305,131 900,131 900,66,72,210,109,1 141 396,24 743 208,23 990 208,36,37,mistral_table,mistral_table,no
306,ROSARIO OESTE,83,175,28,13 312,196 429,196 389,72,74,179,57,970 424,10 340 563,10 160 563,36,37,mistral_table,mistral_table,no
307,SALTO DO CEU,32,77,23,3 148,57 367,57 367,,,,,,,,38,39,mistral_table,pdf_text_layout_partial,yes
308,SANTA TEREZINHA,39,88,16,5 858,56 448,55 943,,,,,,,,38,39,mistral_table,missing,yes
309,SANTO ANTONIO DO LEVERGER,36,85,12,5 197,54 269,50 059,,,,,,,,38,39,mistral_table,missing,yes
310,SÃO FELIX DO ARAGUAIA,48,116,20,7 495,129 346,129 346,90,97,256,125,1 976 63S,33 707 166,33 322 424,38,39,mistral_table,pdf_text_layout,no
311,SINOP,127,500,188,63 995,1 104 114,1 082 366,,,,,,,,38,39,mistral_table,pdf_text_layout_partial,yes
312,TANGARA DA SERRA,100,375,162,28 213,484 149,484 149,,,,,,,,38,39,mistral_table,pdf_text_layout_partial,yes
313,TESOURG,34,77,11,3 475,49 203,48 621,,,,,,,,38,39,mistral_table,pdf_text_layout_partial,yes
314,TORIXOREU,30,61,9,5 362,46 088,45 188,,,,,,,,38,39,mistral_table,pdf_text_layout_partial,yes
315,GOIAS,,,,,,,,,,,,,,38,39,mistral_table_partial,missing,yes
316,COMERCIO VARE.JISTA,17 204,61 895,27 612,4 736 779,102 756 575,101 785 691,,,,,,,,38,39,pdf_text_layout,missing,yes
317,"PROD. ALIMENTICIOS, BEBIDAS E FUMO",,,,,,,,,,,,,,38,39,mistral_table_partial,pdf_text_layout_partial,yes
318,"PROD. FARMACÊUTICOS, ODONT. E VETER",,,,,,,,,,,,,,38,39,mistral_table_partial,pdf_text_layout_partial,yes
319,"TECIDOS, VESTUÁRIO E ARMARINHO",,,,,,,,,,,,,,38,39,mistral_table_partial,pdf_text_layout_partial,yes
320,MAQ. E APARELHOS ELETR. uso DOMEST,509,3 713,1 94 5,421 009,7 235 499,7 184 506,,,,,,,,38,39,pdf_text_layout,missing,yes
321,"FERRAGENS, MAT. ELETR. E ELETRÔNICO",,,,,,,,,,,,,,38,39,mistral_table_partial,pdf_text_layout_partial,yes
322,"VEI CU LOS NOVOS E USADOS, PEÇAS",864,4 776,2 387,506 786,16 375 090,16 160 876,,,,,,,,38,39,pdf_text_layout,missing,yes
323,MAQ. E EQUIP. DE USO INDUSTRIAL,,,,,,,,,,,,,,38,39,mistral_table_partial,missing,yes
324,COMBUST 1VE1 S E LUBRIFICANTES,665 .,4 367,2 628 387,S5S,17 072 484,16 878 855,,,,,,,,38,39,pdf_text_layout,pdf_text_layout_partial,yes
325,"PAPELARIAS, LIVRARIAS",263,1 017,sa9,70 471,923 286,902 902,,,,,,,,38,39,pdf_text_tokens,missing,yes
326,MERC. EM GERAL - INC. ALIMENTÍCIOS,,,,,,,,,,,,,,38,39,mistral_table_partial,pdf_text_layout_partial,yes
327,MERC. EM GERAL - EXC. ALIMENTÍCIOS,,,,,,,9,13,720 703,3 312 532,82 617 202,a2 507,77a,38,39,mistral_table_partial,pdf_text_layout,yes
328,"ARTIGOS DIVERSOS .•••..•••...•••...•••.• ·.""",724,2 675,1 331,196 150,1 896 512,1 861 796,,,,,,,,38,39,pdf_text_layout,pdf_text_layout_partial,yes
329,ARTIGOS USADOS,65,242,115,15 771,110 433,107 236,173,174,389 133,2,179 626,13 363 723,13 233 717,38,39,mistral_table,pdf_text_layout,no
330,COMERCIO ATACADISTA,635,6 455,3 337,932 484,49 128 473,48 776 455,,,,,,,,38,39,mistral_table,pdf_text_layout_partial,yes
331,PRODUTOS EXTRATIVOS E AGROPECUARIOS,80,522,207,66 708,3 599 994,3 544 103,,,,,,,,38,39,mistral_table,pdf_text_layout_partial,yes
332,"PROD. ALIMENTICIOS, BEBIDAS E FUMO",309,2 692,1 276,308 459,11 415 650,11 209 932,,,,,,,,38,39,mistral_table,pdf_text_layout_partial,yes
333,"PROD. FARMACÊUTICOS, ODONT. E VETER",48,734,442,115 146,2 308 372,2 300 637,42,46 084,SOS,13 322,601 278,283 774,27~ 759 902,38,39,mistral_table,pdf_text_layout,no
334,"TECIDOS, VESTUÁRIO E ARMARINHO",41,627,350,118 524,2 953 838,2 953 823,,,,,,,,38,39,mistral_table,pdf_text_layout_partial,yes
335,MAQ. E APARELHOS ELETR. USO DOMEST,1,(C),(B),(X),(B),(B),,,,,,,,38,39,mistral_table,missing,yes
336,"FERRAGENS, MAT. ELETR. E ELETRÔNICO",44,343,143,48 318,1 294 322,1 264 165,19,33,462,363,4 996 420 127,757 196,127 471 96.4,38,39,mistral_table,pdf_text_layout,no
337,"VEICULOS NOVOS E USADOS, PECAS",20,316,180,80 416,283 218,281 730,,,,,,,,38,39,mistral_table,pdf_text_layout_partial,yes
338,MAQ. E EQUIP. DE USO INDUSTRIAL,14,198,110,47 266,1 439 980,1 428 595,,,,,,,,38,39,mistral_table,pdf_text_layout_partial,yes
339,COMBUSTÍVEIS E LUBRIFICANTES,12,168,109,42 010,20 633 626,20 608 557,,,,,,,,38,39,mistral_table,pdf_text_layout_partial,yes
340,"PAPELARIAS, LIVRARIAS",16,148,58,16 494,510 178,506 400,,,,,,,,38,39,mistral_table,pdf_text_layout_partial,yes
341,MERC. EM GERAL - INC. ALIMENTÍCIOS,11,520,357,90 598,3 381 395,3 389 978,2,7,S67,324,13 207 789 381,314 560,381 313 078,38,39,mistral_table,pdf_text_layout,no
342,MERC. EM GERAL - EXC. ALIMENTÍCIOS,1,(B),(B),(X),(A),(A),-,1,(D),(D),(X),(A),(A),38,39,mistral_table,tesseract_por_review,no
343,ARTIGOS DIVERSOS,12,49,23,5 540,152 507,151 235,,,,,,,,38,39,mistral_table,missing,yes
344,ARTIGOS USADOS,16,116,69,9 531,124 091,124 091,,,,,,,,38,39,mistral_table,missing,yes
345,GOIANIA,4 841,29 669,15 841,3 424 530,80 946 655,80 237 452,,,,,,,,38,39,mistral_table,missing,yes
346,COMERCIO VAREJISTA,4 406,23 464,13 380,2 347 232,46 662 448,46 220 423,,,,,,,,38,39,mistral_table,pdf_text_layout_partial,yes
347,"PROD. ALIMENTÍCIOS, BEBIDAS E FUMO",1 541,2 959,563,183 917,2 543 310,2 539 385,,,,,,,,38,39,mistral_table,pdf_text_layout_partial,yes
348,"PROD. FARMACÊUTICOS, ODONT. E VETER",231,1 644,161,173 145,3 337 343,3 327 413,,,,,,,,38,39,mistral_table,pdf_text_layout_partial,yes
349,"TECIDOS, VESTUÁRIO E ARMARINHO",960,4 338,2 693,378 407,4 145 893,4 137 744,,,,,,,,38,39,mistral_table,pdf_text_layout_partial,yes
350,MAQ. E APARELHOS ELETR. USO DOMEST,182,1 916,1 037,298 142,4 325 374,4 284 863,,,,,,,,38,39,mistral_table,missing,yes
351,"FERRAGENS, MAT. ELETR. E ELETRÔNICO",423,3 157,1 909,336 786,6 259 665,6 202 320,,,,,,,,38,39,mistral_table,missing,yes
352,"VEICULOS NOVOS E USADOS, PECAS",261,2 139,1 147,271 190,9 356 216,9 229 365,,,,,,,,38,39,mistral_table,pdf_text_layout_partial,yes
353,MAQ. E EQUIP. DE USO INDUSTRIAL,100,1 045,584,192 213,4 379 149,4 284 241,,,,,,,,38,39,mistral_table,missing,yes
354,COMBUSTÍVEIS E LUBRIFICANTES,12,1 217,822,131 554,4 689 600,4 641 590,,,,,,,,38,39,mistral_table,pdf_text_layout_partial,yes
355,"PAPELARIAS, LIVRARIAS",122,594,369,47 570,654 039,634 839,,,,,,,,38,39,mistral_table,missing,yes
356,MERC. EM GERAL - INC. ALIMENTÍCIOS,129,2 351,766,179 852,14 859 367,4 845 346,,,,,,,,38,39,mistral_table,pdf_text_layout_partial,yes
357,MERC. EM GERAL - EXC. ALIMENTÍCIOS,1,(B),(B),(X),(A),(B),,,,,,,,38,39,mistral_table,pdf_text_layout_partial,yes
358,ARTIGOS DIVERSOS,282,1 540,889,134 102,1 326 723,1 309 710,,,,,,,,38,39,mistral_table,missing,yes
359,ARTIGOS USADOS,56,167,86,11 833,61 037,78 875,,,,,,,,38,39,mistral_table,pdf_text_layout_partial,yes
360,COMERCIO ATACADISTA,352,4 349,2 397,723 244,34 284 207,34 017 029,,,,,,,,38,39,mistral_table,missing,yes
361,PRODUTOS EXTRATIVOS E AGROPECUARIOS,21,80,26,11 940,396 224,394 010,,,,,,,,38,39,mistral_table,pdf_text_layout_partial,yes
362,"PROD. ALIMENTÍCIOS, BEBIDAS E FUMO",135,294,648,184 765,5 578 365,5 360 155,,,,,,,,38,39,mistral_table,pdf_text_layout_partial,yes
363,"PROD. FARMACÊUTICOS, ODONT. E VETER",34,673,412,109 426,1 707 123,1 701 043,,,,,,,,38,39,mistral_table,pdf_text_layout_partial,yes
364,"TECIDOS, VESTUÁRIO E ARMARINHO",34,572,320,114 368,2 843 836,2 843 821,,,,,,,,38,39,mistral_table,pdf_text_layout_partial,yes
365,MAQ. E APARELHOS ELETR. USO DOMEST,1,(C),(B),(X),(B),(B),2,3,(B),(A),(X),(A),(A),38,39,mistral_table,tesseract_por_review,no
366,"FERRAGENS, MAT. ELETR. E ELETRÔNICO",28,265,116,42 108,1 070 320,1 052 073,,,,,,,,38,39,mistral_table,missing,yes
367,"VEICULOS NOVOS E USADOS, PECAS",23,313,180,80 416,1 283 316,1 281 730,,,,,,,,38,39,mistral_table,missing,yes
368,MAQ. E EQUIP. DE USO INDUSTRIAL,14,198,110,47 266,1 439 980,1 428 595,,,,,,,,38,39,mistral_table,pdf_text_tokens_partial,yes
369,COMBUSTÍVEIS E LUBRIFICANTES,14,122,81,1032,15 915 591,15 890 507,,,,,,,,38,39,mistral_table,pdf_text_layout_partial,yes
370,"PAPELARIAS, LIVRARIAS",14,134,53,17 534,468 128,466 350,,,,,,,,38,39,mistral_table,pdf_text_tokens_partial,yes
371,MERC. EM GERAL - INC. ALIMENTÍCIOS,10,515,352,89 802,3 294 651,3 283 234,,,,,,,,38,39,mistral_table,pdf_text_layout_partial,yes
372,MERC. EM GERAL - EXC. ALIMENTÍCIOS,1,(B),(B),(X),(A),(A),,,,,,,,38,39,mistral_table,pdf_text_layout_partial,yes
373,ARTIGOS DIVERSOS,10,40,18,4 582,133 287,132 105,zz,27,218,134,1 795 474,25 286 485,25 039 900,38,39,mistral_table,pdf_text_layout,no
374,ARTIGOS USADOS,15,114,68,8 531,122 191,122 191,4,4,41,22,396 872,4 632 a79,4 632 879,38,39,mistral_table,pdf_text_layout,no
375,ANAPOLIS,1 420,5 898,2 693,475 424,17 425 125,17 306 099,,,,,,,,38,39,mistral_table,missing,yes
376,COMERCIO VAREJISTA,1 328,4 840,2 350,351 462,8 210 424,8 111 033,1 259,1 403,95a,3 5•6,38 946 969,836 06S 544,a22 694 067,38,39,mistral_table,pdf_text_layout,no
377,"FERRAGENS, MAT. ELETR. E ELETRÔNICO",114,504,247,41 024,948 428,941 979,94,109,S9S,40S,263 744,86 759 901,84 377 786,38,39,mistral_table,pdf_text_layout,no
378,"VEICULOS NOVOS E USADOS, PECAS",92,533,296,66 888,2 752 511,2 730 286,101,113,957,s 17,348 141,287 64; 563,282 628 087,38,39,mistral_table,pdf_text_layout,no
379,COMBUSTÍVEIS E LUBRIFICANTES,30,362,207,32 480,1 106 405,1 067 505,29,;?1,365,272,2 927 138,'\17 17A 579,116 329 736,40,41,mistral_table,pdf_text_layout,no
380,DEMAIS GÉNEROS,1 092,3 441,1 600,211 070,3 403 080,3 371 263,035,1 150,A 0~1,354,22 407 946,344 489 501,339 358 454,40,41,mistral_table,pdf_text_layout,no
381,COMÉRCIO ATACADISTA,77,750,343,76 305,9 214 701,9 195 066,8 1,1 234,917,12 522 444,613 481,836,609 454 528,40,41,mistral_table,pdf_text_layout,no
382,ABADIANIA,27,59,13,1 968,61 425,59 344,,,,,,,,40,41,mistral_table,pdf_text_layout_partial,yes
383,ACREUNA,95,243,72,13 714,631 836,626 399,106,",, 5",381,", 69",2 694 586,89 939 978,83 806 347,40,41,mistral_table,pdf_text_layout,no
384,AGUA LIMPA,10,16,-,530,3 985,3 985,,,,,,,,40,41,mistral_table,missing,yes
385,ALEXANIA,58,134,26,5 674,151 899,151 187,,,,,,,,40,41,mistral_table,missing,yes
386,ALOANDIA,13,20,3,1 173,26 605,26 069,,,,,,,,40,41,mistral_table,missing,yes
387,ALTO PARAÍSO DE GOIÁS,8,18,2,497,38 350,38 350,,,,,,,,40,41,mistral_table,missing,yes
388,ALVORADA DO NORTE,57,128,21,7 805,136 625,136 113,,,,,,,,40,41,mistral_table,pdf_text_layout_partial,yes
389,AMERICANO DO BRASIL,-,-,-,-,-,-,,,,,,,,40,41,mistral_table,pdf_text_layout_partial,yes
390,AMORINÓPOLIS,29,67,4,2 210,52 739,52 372,,,,,,,,40,41,mistral_table,pdf_text_layout_partial,yes
391,ANHANGUERA,4,6,-,412,3 757,3 757,3,3,7,2,15 543,205 636,205 636,40,41,mistral_table,tesseract_por_review,no
392,ANICUNS,110,299,111,18 210,350 512,346 770,97,102 287,"1, 6",",",863 084,29 636 479,29 583 888,40,41,mistral_table,pdf_text_layout,no
393,APARECIDA DE GOIANIA,137,475,178,39 469,822 580,821 231,170 780,33:Z,5 104,67A,97 346 559,94,61 3 988,40,41,mistral_table,pdf_text_layout,no
394,APORE,5,13,-,281,15 244,15 244,35,184,897,5,682 368,5,138 474,40,41,mistral_table,pdf_text_tokens,no
395,ARACU,17,29,3,2 108,36 329,35 777,", 9",", 9",37,467,510,3 084 014,3 047 314,40,41,mistral_table,pdf_text_layout,no
396,ARAGARÇAS,38,96,32,5 453,146 136,145 909,34,36,81,30,328 352,8 775 573,8 755 S73,40,41,mistral_table,pdf_text_layout,no
397,ARAGOIANIA,21,48,4,3 377,25 075,24 955,14,", 4",33,11,172 255,3 735 563,3 735 563,40,41,mistral_table,pdf_text_layout,no
398,ARAGUAPAZ,-,-,-,-,-,-,,,,,,,,40,41,mistral_table,pdf_text_layout_partial,yes
399,ARENÓPOLIS,-,-,-,-,-,-,",,",",2",39,22,2.22 286,3 452 2.79,3 446 629,40,41,mistral_table,pdf_text_layout,no
400,ARUÂNÃ,39,93,23,5 481,85 557,85 029,27,29,87,28,370 91 5,150 401,060 901,40,41,mistral_table,pdf_text_layout,no
401,AURILANDIA,20,50,19,3 042,67 045,66 264,1B,20,57,30,305 497,5 799 716,5 799 716,40,41,mistral_table,pdf_text_layout,no
402,AVELINÓPOLIS,11,16,2,838,11 949,11 915,10,10,",9",62 320,",",320 819,1 318 819,40,41,mistral_table,pdf_text_layout,no
403,BALIZA,7,17,-,419,7 816,7 768,3,27,055,583,054,526,349,40,41,mistral_table,pdf_text_tokens,no
404,BARRO ALTO,53,83,15,6 601,86 305,86 125,,,,,,,,40,41,mistral_table,pdf_text_layout_partial,yes
405,BELA VISTA DE GOIÁS,75,172,36,9 422,202 501,199 686,,,,,,,,40,41,mistral_table,pdf_text_layout_partial,yes
406,BOM JARDIM DE GOIÁS,44,90,15,2 884,57 174,56 937,,,,,,,,40,41,mistral_table,pdf_text_layout_partial,yes
407,BOM JESUS DE GOIÁS,75,242,110,18 433,427 026,425 550,107,", 13",403 207,1 843 082,o,92.3 632.,49 182 974,40,41,mistral_table,pdf_text_layout,no
408,BRAZABRANTES,9,23,-,685,5 519,5 519,,,,,,,,40,41,mistral_table,pdf_text_layout_partial,yes
409,BRITANIA,34,106,25,9 983,63 229,63 229,,,,,,,,40,41,mistral_table,pdf_text_layout_partial,yes
410,BURITI ALEGRE,63,172,52,8 502,203 199,201 135,87,93 228,90,",",013 862,16 900 699,16 813 182,40,41,mistral_table,pdf_text_layout,no
411,CABECEIRAS,15,28,3,697,19 892,19 733,,,,,,,,40,41,mistral_table,missing,yes
412,CACHOEIRA ALTA,57,157,45,7 498,177 426,176 425,,,,,,,,40,41,mistral_table,pdf_text_layout_partial,yes
413,CACHOEIRA DE GOIÁS,3,6,3,398,4 456,4 456,,,,,,,,40,41,mistral_table,pdf_text_layout_partial,yes
414,CACHOEIRA DOURADA,-,-,-,-,-,-,47,48,84,",9",330 687,9 592 129,9 592 129,40,41,mistral_table,pdf_text_layout,no
415,CAÇU,71,200,69,13 555,241 275,238 497,78,86,247 105,",",095 587,23 892 026,2.3 693 131,40,41,mistral_table,pdf_text_layout,no
416,CAIAPONIA,123,310,126,21 229,452 380,452 146,88,94,345,182,"2 ,,4 014",26 749 426,26 386 964,40,41,mistral_table,pdf_text_layout,no
417,CALDAS NOVAS,106,295,83,20 559,280 227,280 069,,,,,,,,40,41,mistral_table,pdf_text_layout_partial,yes
418,CAMPES TRE DE GOIÁS,7,16,-,770,6 072,6 072,14,14,38,142 740,",",147 465,1 144 966,40,41,mistral_table,pdf_text_layout,no
419,CAMPINACU,-,-,-,-,-,-,,,,,,,,40,41,mistral_table,pdf_text_layout_partial,yes
420,CAMPINORTE,48,156,58,7 676,181 493,180 566,48,48,136,54,582 201,20 174 999,"20 139 , 99",40,41,mistral_table,pdf_text_layout,no
421,CAMPO ALEGRE DE GOIÁS,18,35,11,1 552,18 154,17 754,,,,,,,,40,41,mistral_table,pdf_text_layout_partial,yes
422,CAMPOS BELOS,63,166,51,12 474,203 689,203 339,86,93,262 110,",",072 799,23 924 580,23 737 368,40,41,mistral_table,pdf_text_layout,no
423,CARMO DO RIO VERDE,39,80,18,4 106,75 297,75 016,61,61,162,38,578 614,8 2.33 301,8 036 501,40,41,mistral_table,pdf_text_layout,no
424,CATALÃO,281,929,391,52 977,1 341 246,1 333 979,422,454,1 222,602,7 317 749,135 782 21 5,", 32. 2.60 077",40,41,mistral_table,pdf_text_layout,no
425,CATURAI,11,13,-,980,10 459,10 459,14,14,24,1,65 167,991 270,991 270,42,43,mistral_table,mistral_table,no
426,CAVALCANTE,20,65,4,1 842,12 863,12 863,39,41,80,14,236 690,5 264 435,5 264 435,42,43,mistral_table,mistral_table,no
427,CERES,196,651,248,32 887,950 873,942 739,172,186,644,377,3 214 794,80 551 549,79 749 280,42,43,mistral_table,mistral_table,no
428,CORREGO DO OURO,8,13,2,856,18 653,18 598,11,12,23,5,74 625,2 470 586,2 452 279,42,43,mistral_table,mistral_table,no
429,CORUMBA DE GOIAS,64,189,49,5 965,123 197,122 789,140,140,307,136,1 847 147,13 644 293,13 590 083,42,43,mistral_table,mistral_table,no
430,CORUMBAIBA,37,48,3,3 238,64 415,64 415,39,39,87,28,364 800,6 033 327,6 025 852,42,43,mistral_table,mistral_table,no
431,CRISTALINA,89,189,67,8 669,377 942,377 795,121,123,359,146,2 133 029,57 233 271,56 993 141,42,43,mistral_table,mistral_table,no
432,CRISTIANOPOLIS,11,21,2,1 045,24 733,24 733,10,11,26,-,63 440,2 557 710,2 557 710,42,43,mistral_table,mistral_table,no
433,CRIXAS,124,280,74,13 235,302 048,299 982,76,76,159,50,1 000 136,22 929 893,22 802 409,42,43,mistral_table,mistral_table,no
434,CROMINIA,14,33,5,1 601,22 908,22 543,22,22,53,17,242 091,4 671 251,4 551 251,42,43,mistral_table,mistral_table,no
435,CUMARI,22,31,4,1 245,35 656,35 288,25,25,39,3,124 756,1 409 794,1 409 794,42,43,mistral_table,mistral_table,no
436,DAMIANOPOLIS,14,18,2,1 301,6 400,6 400,8,8,18,4,45 991,982 651,962 048,42,43,mistral_table,mistral_table,no
437,DAMOLANDIA,13,20,-,919,10 238,10 238,14,14,21,7,99 164,1 323 806,1 288 006,42,43,mistral_table,mistral_table,no
438,DAVINOPOLIS,7,12,-,280,4 412,4 286,10,11,18,7,107 909,1 421 295,1 415 395,42,43,mistral_table,mistral_table,no
439,DIORAMA,8,18,2,628,10 318,10 298,9,9,20,6,79 962,1 686 440,1 686 440,42,43,mistral_table,mistral_table,no
440,DOVERLANDIA,,,,,,,29,31,84,42,458 921,6 933 392,6 913 863,42,43,mistral_table_partial,mistral_table,yes
441,EDEIA,70,173,36,7 847,162 223,181 010,70,75,169,35,722 575,26 630 370,26 578 791,42,43,mistral_table,mistral_table,no
442,ESTRELA DO NORTE,19,59,16,1 890,52 408,52 021,23,25,66,26,226 853,6 122 638,6 122 638,42,43,mistral_table,mistral_table,no
443,FAZENDA NOVA,32,93,21,11 562,77 211,77 211,37,39,82,36,392 055,4 509 087,4 450 677,42,43,mistral_table,mistral_table,no
444,FIRMINOPOLIS,46,90,29,5 951,146 145,145 879,53,56,124,37,584 986,15 350 057,15 342 057,42,43,mistral_table,mistral_table,no
445,FLORES DE GOIAS,7,23,12,1 166,36 539,36 539,14,15,45,18,226 416,13 754 534,13 636 562,42,43,mistral_table,mistral_table,no
446,FORMOSA,221,785,342,44 342,1 278 027,1 269 528,267,276,929,492,4 755 795,173 554 450,173 306 815,42,43,mistral_table,mistral_table,no
447,FORMOSO,89,211,53,7 141,153 300,151 780,80,87,200,53,568 841,16 831 788,16 769 737,42,43,mistral_table,mistral_table,no
448,GALHEIROS,22,32,3,1 718,18 889,18 674,23,24,29,3,101 149,2 796 510,2 764 781,42,43,mistral_table,mistral_table,no
449,GOIANAPOLIS,38,62,8,2 320,61 575,60 842,41,41,93,15,233 128,5 820 178,5 647 055,42,43,mistral_table,mistral_table,no
450,GOIANDIRA,33,65,12,4 271,82 621,81 986,30,30,62,10,187 344,6 867 450,6 867 450,42,43,mistral_table,mistral_table,no
451,GOIANESIA,200,650,274,43 611,1 412 013,1 405 433,231,244,982,452,6 013 496,128 959 351,128 056 615,42,43,mistral_table,mistral_table,no
452,GOIANIRA,35,68,19,3 611,49 654,49 654,36,36,91,22,307 647,3 668 695,3 357 325,42,43,mistral_table,mistral_table,no
453,GOIAS,231,719,236,43 229,650 208,643 682,172,189,616,278,2 418 198,60 209 789,59 886 523,42,43,mistral_table,mistral_table,no
454,GOIATUBA,189,802,367,60 705,2 223 656,2 217 339,197,211,949,558,7 759 931,206 818 158,206 183 970,42,43,mistral_table,mistral_table,no
455,GUAPO,49,153,26,4 261,74 107,73 270,59,59,136,47,685 023,5 202 021,5 202 021,42,43,mistral_table,mistral_table,no
456,GUARANI DE GOIAS,10,21,2,962,9 705,8 927,17,18,26,5,98 982,1 826 541,1 800 493,42,43,mistral_table,mistral_table,no
457,HEITORAI,23,39,1,3 532,22 535,21 910,16,18,36,2,54 848,1 856 963,1 832 098,42,43,mistral_table,mistral_table,no
458,HIDROLANDIA,32,73,15,3 101,77 009,75 473,38,39,94,34,581 572,10 222 972,9 905 672,42,43,mistral_table,mistral_table,no
459,HIDROLINA,32,65,10,2 617,55 243,54 843,36,36,112,21,242 086,4 885 938,4 885 938,42,43,mistral_table,mistral_table,no
460,IACIARA,67,197,33,19 888,260 020,248 302,38,39,97,25,406 568,8 170 101,8 170 101,42,43,mistral_table,mistral_table,no
461,INDIARA,,,,,,,50,53,181,59,674 155,13 183 118,11 858 854,42,43,mistral_table_partial,mistral_table,yes
462,INHUMAS,216,770,348,60 710,1 356 727,1 353 944,264,278,990,503,9 421 938,113 085 978,112 400 940,42,43,mistral_table,mistral_table,no
463,IPAMERI,165,372,111,20 454,628 949,611 587,137,148,375,181,1 872 737,52 495 369,51 287 843,42,43,mistral_table,mistral_table,no
464,IPORA,213,848,400,50 521,996 216,985 504,226,241,782,425,4 073 239,74 204 792,73 395 134,42,43,mistral_table,mistral_table,no
465,ISRAELANDIA,12,25,1,732,25 169,24 937,14,14,35,6,110 124,2 773 499,2 755 669,42,43,mistral_table,mistral_table,no
466,ITABERA,105,398,139,32 115,478 068,472 137,123,129,332,118,2 480 954,54 627 836,53 833 359,42,43,mistral_table,mistral_table,no
467,ITAGUARU,52,115,26,4 175,75 161,75 161,42,46,108,35,307 601,5 661 315,5 661 315,42,43,mistral_table,mistral_table,no
468,ITAJA,36,94,32,4 376,102 262,101 290,38,40,124,42,359 209,8 974 934,8 851 199,42,43,mistral_table,mistral_table,no
469,ITAPACI,83,189,26,9 404,301 625,301 085,72,74,204,68,794 297,18 909 274,18 802 293,42,43,mistral_table,mistral_table,no
470,ITAPIRAPUÃ,46,124,44,8 273,104 129,103 661,42,43,129,31,566 815,7 260 375,7 217 670,44,45,mistral_table,mistral_table,no
471,ITAPURANGA,139,446,174,21 303,407 066,405 361,156,160,394,122,1 696 673,36 151 724,35 544 820,44,45,mistral_table,mistral_table,no
472,ITARUMÃ,17,36,14,2 264,44 574,44 244,29,29,72,28,225 852,4 517 792,4 509 548,44,45,mistral_table,mistral_table,no
473,ITAUQU,42,119,44,6 479,134 355,134 319,55,55,144,63,976 140,12 059 136,12 059 136,44,45,mistral_table,mistral_table,no
474,ITUMBIARA,626,2 470,900,182 860,5 147 476,5 055 106,597,648,3 036,1 589,20 824 923,477 610 471,467 795 731,44,45,mistral_table,mistral_table,no
475,IYOLANDIA,18,46,5,1 193,36 865,35 903,17,17,22,-,97 762,921 878,921 878,44,45,mistral_table,mistral_table,no
476,JANDAIA,65,167,51,15 540,214 120,210 768,42,43,110,38,385 289,9 155 700,9 061 007,44,45,mistral_table,mistral_table,no
477,JARAGUA,148,295,68,17 223,600 660,599 133,137,138,329,111,1 466 035,53 275 945,52 845 326,44,45,mistral_table,mistral_table,no
478,JATAI,374,1 570,788,132 072,2 704 857,2 675 874,389,428,2 073,1 135,15 101 879,354 786 006,336 257 022,44,45,mistral_table,mistral_table,no
479,JAUPACI,11,25,3,682,21 579,21 579,12,12,29,3,81 182,1 546 709,1 546 709,44,45,mistral_table,mistral_table,no
480,JOVIANIA,48,105,29,4 229,120 113,119 602,47,48,106,38,498 973,21 487 707,21 487 707,44,45,mistral_table,mistral_table,no
481,JUSSARA,139,503,157,68 530,499 432,497 242,150,155,503,257,2 836 455,70 022 665,68 047 130,44,45,mistral_table,mistral_table,no
482,LEOPOLDO DE BULHÕES,50,83,8,4 046,38 669,38 545,39,39,70,9,191 061,3 843 735,3 838 229,44,45,mistral_table,mistral_table,no
483,LUZIANIA,294,828,342,50 621,1 216 580,1 210 830,343,354,1 096,504,4 965 492,126 961 338,126 619 188,44,45,mistral_table,mistral_table,no
484,MAIRIPOTABA,8,13,4,627,18 976,18 700,12,12,31,8,140 764,1 736 273,1 691 873,44,45,mistral_table,mistral_table,no
485,MAMBAI,13,20,2,889,5 538,5 536,12,13,27,4,62 886,1 523 016,1 523 016,44,45,mistral_table,mistral_table,no
486,MARA ROSA,84,154,38,6 006,154 717,151 281,113,115,216,67,989 699,16 830 417,16 800 417,44,45,mistral_table,mistral_table,no
487,MARZAGÃO,6,7,-,505,6 325,6 195,7,7,10,2,83 224,1 210 396,1 210 396,44,45,mistral_table,mistral_table,no
488,MAURILANDIA,41,103,25,5 137,252 582,252 386,42,46,159,99,641 310,20 831 075,20 831 055,44,45,mistral_table,mistral_table,no
489,MINAÇU,115,332,153,22 622,324 834,323 693,121,134,392,212,2 523 804,38 238 056,38 177 142,44,45,mistral_table,mistral_table,no
490,MINEIROS,162,695,293,50 673,1 383 469,1 354 485,190,211,1 129,751,8 204 532,213 503 993,200 418 139,44,45,mistral_table,mistral_table,no
491,MOIPORA,8,15,-,528,9 129,8 954,12,12,30,4,77 318,1 987 114,1 987 114,44,45,mistral_table,mistral_table,no
492,MONTE ALEGRE DE GOIAS,25,44,2,2 337,20 333,20 333,28,29,62,10,149 610,4 403 396,4 397 190,44,45,mistral_table,mistral_table,no
493,MONTES CLAROS DE GOIAS,49,119,23,6 252,91 617,91 499,46,46,98,16,362 324,10 619 365,10 542 059,44,45,mistral_table,mistral_table,no
494,MORRINHOS,193,690,324,42 697,948 434,941 293,216,225,927,568,4 267 339,88 705 099,87 770 965,44,45,mistral_table,mistral_table,no
495,MOSSAMEDES,46,91,16,3 934,68 477,68 261,55,56,137,51,382 466,8 200 196,8 134 594,44,45,mistral_table,mistral_table,no
496,MOZARLANDIA,60,150,49,9 033,180 886,179 804,48,50,155,66,773 393,15 907 301,15 607 991,44,45,mistral_table,mistral_table,no
497,MUNDO NOVO,-,-,-,-,-,-,33,33,77,22,205 900,5 192 076,5 160 276,44,45,mistral_table,mistral_table,no
498,MUTUNOPOLIS,23,64,5,2 167,41 104,41 002,24,25,83,11,168 219,4 402 779,4 370 570,44,45,mistral_table,mistral_table,no
499,NAZARIO,42,89,16,3 876,77 617,76 023,38,38,70,20,303 108,6 299 642,6 205 931,44,45,mistral_table,mistral_table,no
500,NEROPOLIS,36,84,33,4 441,78 390,77 551,43,45,138,41,474 380,9 532 502,9 470 192,44,45,mistral_table,mistral_table,no
501,NIQUELANDIA,125,386,93,14 936,253 339,245 467,139,149,469,175,2 913 767,60 534 469,60 526 936,44,45,mistral_table,mistral_table,no
502,NOVA AMERICA,12,22,-,633,10 522,10 522,10,10,17,-,33 439,801 340,801 340,44,45,mistral_table,mistral_table,no
503,NOVA AURORA,9,17,1,658,21 267,21 267,12,12,19,3,166 463,1 624 147,1 623 025,44,45,mistral_table,mistral_table,no
504,NOVA CRIXAS,-,-,-,-,-,-,44,47,148,74,522 160,16 001 476,15 774 431,44,45,mistral_table,mistral_table,no
505,NOVA GLORIA,-,-,-,-,-,-,59,59,148,35,454 461,9 324 084,9 247 316,44,45,mistral_table,mistral_table,no
506,NOVA ROMA,21,42,10,3 500,61 395,61 395,29,30,44,4,340 498,2 705 572,2 565 381,44,45,mistral_table,mistral_table,no
507,NOVA VENEZA,20,31,6,2 081,44 839,44 839,18,18,45,9,130 378,3 109 425,3 097 553,44,45,mistral_table,mistral_table,no
508,NOVO BRASIL,23,58,16,7 068,34 470,34 470,22,22,53,21,141 080,2 372 424,2 372 424,44,45,mistral_table,mistral_table,no
509,ORIZONA,50,74,19,3 201,106 076,104 570,50,54,96,40,374 571,10 299 155,10 296 470,44,45,mistral_table,mistral_table,no
510,OURO VERDE DE GOIAS,24,38,1,1 050,16 860,16 676,22,22,41,1,93 328,1 464 270,1 440 185,44,45,mistral_table,mistral_table,no
511,OUVIDOR,14,29,4,943,10 369,10 090,18,18,24,3,75 161,2 044 989,1 990 741,44,45,mistral_table,mistral_table,no
512,PADRE BERNARDO,60,140,25,3 681,103 149,99 403,115,119,183,55,655 789,9 626 958,9 611 858,44,45,mistral_table,mistral_table,no
513,PALMEIRAS DE GOIAS,108,313,122,26 304,519 035,517 272,103,110,392,194,1 981 814,37 053 957,36 876 382,44,45,mistral_table,mistral_table,no
514,PALMELO,11,24,-,534,14 606,14 606,12,13,26,1,33 097,1 359 767,1 359 767,44,45,mistral_table,mistral_table,no
515,PALMINOPOLIS,20,40,2,2 201,28 462,28 462,,,,,,,,46,47,mistral_table,pdf_text_layout_partial,yes
516,PANAMA,12,31,4,1 291,25 665,25 261,,,,,,,,46,47,mistral_table,pdf_text_layout_partial,yes
517,PARANAIGUARA,54,131,45,6 423,123 128,122 548,,,,,,,,46,47,mistral_table,pdf_text_layout_partial,yes
518,PARAUNA,52,244,108,31 116,1 097 669,1 089 791,,,,,,,,46,47,mistral_table,missing,yes
519,PETROLINA DE GOIAS,63,162,25,6 102,156 060,154 762,E1,136,451,294,10 732.,~50,10 732 150,46,47,mistral_table,pdf_text_layout,no
520,PILAR DE GOIAS,22,53,6,1 820,17 611,15 841,,,,,,,,46,47,mistral_table,pdf_text_tokens_partial,yes
521,PIRACANJUBA,128,428,100,17 580,450 076,439 508,,,,,,,,46,47,mistral_table,pdf_text_layout_partial,yes
522,PIRANHAS,68,239,83,12 787,296 377,291 599,,,,,,,,46,47,mistral_table,pdf_text_layout_partial,yes
523,PIRENOPOLIS,83,239,65,8 060,167 168,165 286,,,,,,,,46,47,mistral_table,missing,yes
524,PIRES DO RIO,170,417,158,25 417,548 565,543 076,i 37,1 52,450 246,212 444,54 300 11 A,54,2os sa 9,46,47,mistral_table,pdf_text_layout,no
525,PLANALTINA,71,217,7,5 801,105 788,105 788,90,91,174,36,64 7 2 1 5,1:; 998 526,13 947 190,46,47,mistral_table,pdf_text_layout,no
526,PONTALINA,139,367,128,18 062,420 738,418 668,106,109,294,116,1 273 753,Z8 466 262,28 351 230,46,47,mistral_table,pdf_text_layout,no
527,PORANGATU,193,793,357,52 013,1 647 237,1 646 095,244,261,620,6 476 061 161,065 827,", 57 843","54,",46,47,mistral_table,pdf_text_layout,no
528,PORTELANDIA,8,24,9,1 718,27 625,25 569,10,12,24,324,576,5 203 935,5 178 833,46,47,mistral_table,pdf_text_layout,no
529,POSSE,105,203,48,11 669,138 834,137 453,,,,,,,,46,47,mistral_table,missing,yes
530,QUIRINOPOLIS,220,793,332,41 039,1 136 347,1 129 598,236 243,996 546,4,89:3,621,170 296 280,1 67 993 486,46,47,mistral_table,pdf_text_layout,no
531,RIALMA,58,140,51,7 469,243 534,229 991,42,46,65,761 266,18 950 358,1S,606 172,46,47,mistral_table,pdf_text_layout,no
532,RIANAPOLIS,23,58,9,1 661,72 019,72 019,,,,,,,,46,47,mistral_table,pdf_text_tokens_partial,yes
533,RIO VERDE,437,1 732,753,133 603,4 622 219,4 569 869,489,542,2 461,1 339,17' 429 059,615 323 812,597 933 592,46,47,mistral_table,pdf_text_layout,no
534,RUBIATABA,111,257,75,11 539,356 182,355 944,120,120 301,97,1 106 709,32 528 726,32,197 128,46,47,mistral_table,pdf_text_layout,no
535,SANCLERLANDIA,37,93,30,5 254,85 092,83 166,47,48 130,41,445 797,8 381 025,8 349,aso,46,47,mistral_table,pdf_text_layout,no
536,SANTA BARBARA DE GOIAS,10,26,5,2 184,21 498,21 498,,,,,,,,46,47,mistral_table,pdf_text_tokens_partial,yes
537,SANTA CRUZ DE GOIAS,6,9,-,210,1 915,1 915,11,39 257,1,1,69 973,1,169 973,46,47,mistral_table,pdf_text_tokens,no
538,SANTA HELENA DE GOIAS,175,686,324,63 379,1 488 076,1 485 330,,,,,,,,46,47,mistral_table,missing,yes
539,SANTA ISABEL,-,-,-,-,-,-,,,,,,,,46,47,mistral_table,pdf_text_layout_partial,yes
540,SANTA RITA DO ARAGUAIA,16,58,17,2 339,71 559,70 846,45,45,131,59,524 953,7 330 566,7 277 048,46,47,mistral_table,pdf_text_layout,no
541,SANTA ROSA DE GOIAS,19,38,3,1 800,30 077,29 844,,,,,,,,46,47,mistral_table,pdf_text_layout_partial,yes
542,SANTA TEREZA DE GOIAS,24,68,12,2 630,161 997,158 492,,,,,,,,46,47,mistral_table,pdf_text_layout_partial,yes
543,SANTA TEREZINHA DE GOIAS,56,141,32,5 592,104 769,103 244,,,,,,,,46,47,mistral_table,pdf_text_tokens_partial,yes
544,SANTO ANTONIO DO DESCOBERTO,-,-,-,-,-,-,,,,,,,,46,47,mistral_table,pdf_text_tokens_partial,yes
545,SÃO DOMINGOS,41,81,11,4 514,38 632,36 915,,,,,,,,46,47,mistral_table,missing,yes
546,SÃO FRANCISCO DE GOIAS,36,50,8,2 098,34 259,34 259,,,,,,,,46,47,mistral_table,pdf_text_layout_partial,yes
547,SÃO JOÃO D'ALIANÇA,12,29,7,1 069,41 022,41 022,25,25,64,11,126 486,4 735 427,4 733 627,46,47,mistral_table,pdf_text_layout,no
548,SÃO LUIS DE MONTES BELOS,155,541,198,38 173,864 076,861 166,196,203,761,328,4 281 573,96 S23 io2,93 237 350,46,47,mistral_table,pdf_text_layout,no
549,SÃO MIGUEL DO ARAGUAIA,113,359,128,25 615,636 521,634 481,123,128,403 170,2,107 741,47 860 353,46 355 551,46,47,mistral_table,pdf_text_layout,no
550,SÃO SIMÃO,85,232,75,8 253,205 573,201 812,79,81,Z3Z,1D4,947 D87,15 701 445,15 696 445,46,47,mistral_table,pdf_text_layout,no
551,SERRANOPOLIS,22,48,16,1 672,56 482,53 181,,,,,,,,46,47,mistral_table,pdf_text_tokens_partial,yes
552,SILVANIA,59,136,46,7 694,232 634,230 669,61,64,180,70 704,~1,17 202 933,17 114 535,46,47,mistral_table,pdf_text_layout,no
553,SITIO D'ABADIA,2,(A),(A),(X),(A),(A),,,,,,,,46,47,mistral_table,pdf_text_layout_partial,yes
554,TAQUARAL DE GOIAS,47,121,43,11 198,88 921,86 615,43,47,100,27,518 190,6 314 910,6 294 227,46,47,mistral_table,pdf_text_layout,no
555,TRES RANCHOS,10,17,-,519,6 267,5 913,10,10,12,34,225,626 333,591 877,46,47,mistral_table,pdf_text_tokens,no
556,TRINDADE,141,407,150,31 220,524 054,522 102,156,158,429,241,1 926 277,49 053 260,49 053 260,46,47,mistral_table,pdf_text_layout,no
557,TURVANIA,31,51,9,3 345,73 205,73 205,,,,,,,,46,47,mistral_table,pdf_text_layout_partial,yes
558,URUAÇU,193,772,350,39 144,997 175,982 597,188,203,763,421,5 054 685,97 927 365,95 630 105,46,47,mistral_table,pdf_text_layout,no
559,URUANA,72,153,46,7 100,198 386,197 886,101,101,248,11 9,956 960,18 134 382,18 113 082,46,47,mistral_table,pdf_text_layout,no
560,URUTAI,12,20,1,653,9 624,9 444,13,14,19,4,96 149,1 933 109,1 932 709,48,49,mistral_table,mistral_table,no
561,VARJÃO,17,32,3,1 081,29 211,29 211,20,21,45,12,191 948,3 036 134,3 021 308,48,49,mistral_table,mistral_table,no
562,VIANOPOLIS,33,76,11,2 884,95 714,95 702,37,38,81,13,296 921,8 663 990,8 663 990,48,49,mistral_table,mistral_table,no
563,VICENTINOPOLIS,-,-,-,-,-,-,28,31,83,38,295 051,5 909 394,5 845 909,48,49,mistral_table,mistral_table,no
564,DISTRITO FEDERAL,5 563,35 128,19 483,4 849 287,93 102 286,91 955 032,5 285,6 267,48 551,30 138,532 432 375,9 664 781 522,9 521 208 427,48,49,mistral_table,mistral_table,no
565,COMÉRCIO VAREJISTA,5 176,29 312,17 534,3 478 060,64 239 290,63 246 442,5 056,5 924,38 483,26 461,364 595 940,6 830 596 643,6 722 809 575,48,49,mistral_table,mistral_table,no
566,"PROD. ALIMENTÍCIOS, BEBIDAS E FUMO",1 431,3 305,839,214 055,4 108 099,4 083 516,1 285,1 383,4 613,2 215,26 765 324,375 497 921,372 528 627,48,49,mistral_table,mistral_table,no
567,"PROD. FARMACÊUTICOS, ODONT. E VETER",317,1 665,1 020,206 212,2 780 178,2 704 072,419,493,2 289,1 551,16 804 377,174 798 418,172 487 256,48,49,mistral_table,mistral_table,no
568,"TECIDOS, VESTUÁRIO E ARMARINHO",1 255,5 444,3 402,530 358,5 589 225,5 548 841,1 261,1 416,7 428,5 106,61 653 056,683 553 831,677 324 808,48,49,mistral_table,mistral_table,no
569,MAG. E APARELHOS ELETR. USO DOMEST,321,2 504,1 331,363 966,5 130 792,5 005 594,238,347,2 906,2 076,31 103 167,431 168 275,421 964 139,48,49,mistral_table,mistral_table,no
570,FERRAGENS. MAT. ELETR. E ELETRÔNICO,455,2 909,1 506,388 845,6 792 786,6 595 089,465,536,3 730,2 331,38 610 786,624 862 691,605 773 518,48,49,mistral_table,mistral_table,no
571,"VEÍCULOS NOVOS E USADOS, PECAS",283,2 220,1 255,332 617,9 376 262,9 200 692,355,415,3 512,2 105,48 408 632,1 109 269 859,1 079 672 530,48,49,mistral_table,mistral_table,no
572,MAG. E EQUIP. DE USO INDUSTRIAL,71,635,367,157 974,1 903 614,1 838 537,104,121,1 124,697,16 428 088,240 628 447,227 568 214,48,49,mistral_table,mistral_table,no
573,COMBUSTÍVEIS E LUBRIFICANTES,117,1 695,1 150,208 419,8 356 770,8 286 605,59,110,1 978,1 713,23 117 353,728 257 148,723 513 894,48,49,mistral_table,mistral_table,no
574,"PAPELARIAS, LIVRARIAS",250,1 118,636,144 572,1 350 778,1 330 694,237,271,1 362,861,13 834 591,110 137 186,106 517 484,48,49,mistral_table,mistral_table,no
575,MERC. EM GERAL - INC. ALIMENTÍCIOS,188,4 715,4 008,529 918,14 435 446,14 393 818,91,183,5 405,4 773,50 744 603,1 910 580 274,1 907 723 601,48,49,mistral_table,mistral_table,no
576,MERC. EM GERAL - EXC. ALIMENTÍCIOS,11,1 271,959,216 249,2 498 573,2 472 733,8,23,1 647,1 491,16 352 358,252 027 342,250 360 515,48,49,mistral_table,mistral_table,no
577,ARTIGOS DIVERSOS,436,1 734,1 035,179 766,1 798 237,1 670 385,480,572,2 312,1 461,17 655 575,178 064 212,169 722 517,48,49,mistral_table,mistral_table,no
578,ARTIGOS USADOS,35,92,26,5 103,116 524,115 860,54,54,177,77,1 118 030,7 751 035,7 652 472,48,49,mistral_table,mistral_table,no
579,COMÉRCIO ATACADISTA,307,3 416,1 888,546 754,28 862 996,28 708 590,229,298,4 406,3 093,53 279 920,2 821 555 490,2 798 398 852,48,49,mistral_table,mistral_table,no
580,PRODUTOS EXTRATIVOS E AGROPECUÁRIOS,6,80,45,11 752,488 102,458 078,14,14,107,64,1 870 070,100 093 455,99 777 585,48,49,mistral_table,mistral_table,no
581,"PROD. ALIMENTÍCIOS, BEBIDAS E FUMO",166,1 841,1 017,241 344,6 850 661,6 828 410,119,143,2 503,1 880,25 021 432,719 276 851,712 426 531,48,49,mistral_table,mistral_table,no
582,"PROD. FARMACÊUTICOS, ODONT. E VETER",16,121,61,11 755,269 085,268 263,15,18,208,185,2 169 053,54 687 865,54 400 315,48,49,mistral_table,mistral_table,no
583,"TECIDOS, VESTUÁRIO E ARMARINHO",8,66,43,5 159,174 570,174 424,19,22,184,127,1 386 239,35 408 469,35 378 337,48,49,mistral_table,mistral_table,no
584,MAG. E APARELHOS ELETR. USO DOMEST,6,28,14,4 486,58 847,58 796,2,4,95,29,2 333 779,30 385 321,29 520 892,48,49,mistral_table,mistral_table,no
585,FERRAGENS. MAT. ELETR. E ELETRÔNICO,34,492,216,89 255,1 527 924,1 485 030,7,11,173,136,2 687 995,51 141 294,50 261 517,48,49,mistral_table,mistral_table,no
586,"VEÍCULOS NOVOS E USADOS, PECAS",5,80,32,10 458,341 217,340 601,4,7,176,104,2 454 108,50 269 625,56 733 267,48,49,mistral_table,mistral_table,no
587,MAG. E EQUIP. DE USO INDUSTRIAL,6,72,46,19 074,445 611,437 354,3,6,45,21,1 059 376,8 875 238,8 248 514,48,49,mistral_table,mistral_table,no
588,COMBUSTÍVEIS E LUBRIFICANTES,10,126,111,36 997,15 632 404,15 630 518,3,13,128,112,4 028 466,1 581 167 970,1 556 450 584,48,49,mistral_table,mistral_table,no
589,"PAPELARIAS, LIVRARIAS",22,211,86,54 536,1 135 567,1 135 427,21,31,412,263,6 245 214,139 340 333,135 237 547,48,49,mistral_table,mistral_table,no
590,MERC. EM GERAL - INC. ALIMENTÍCIOS,5,143,114,22 577,1 155 650,1 121 246,4,6,190,58,1 992 089,40 064 204,39 295 334,48,49,mistral_table,mistral_table,no
591,MERC. EM GERAL - EXC. ALIMENTÍCIOS,3,41,20,19 373,393 346,361 178,,,,,,,,48,49,mistral_table,missing,yes
592,ARTIGOS DIVERSOS,12,66,30,11 565,211 659,211 277,6,10,IDJ,IDJ,IX),(81,(8),48,49,mistral_table,pdf_text_layout,no
593,ARTIGOS USADOS,6,69,53,8 416,178 153,177 988,11,12,139,103,1 784 595,15 647 094,15 504 272,48,49,mistral_table,mistral_table,no
