order_number,entry,establishments_1980,personnel_total_1980,personnel_linked_to_production_1980,salaries_withdrawals_other_compensation_1980_mil_cruzeiros,gross_production_value_1980_mil_cruzeiros,industrial_transformation_value_1980_mil_cruzeiros,companies_headquartered_in_municipality_1985,establishments_1985,personnel_total_1985,personnel_linked_to_production_1985,salaries_withdrawals_other_compensation_1985_mil_cruzeiros,gross_production_value_1985_mil_cruzeiros,industrial_transformation_value_1985_mil_cruzeiros,source_page_1980,source_page_1985,left_extraction_method,right_extraction_method,needs_review
1,BRASIL,226 306,5 720 006,4 196 989,1 041 216 082,10 204 222 502,4 307 628 522,175 652,207 157,5 806 704,4 217 212,96 449 248 431,1 132 811 769 037,523 906 798 448,4,5,mistral_table,mistral_table,no
2,EXTRATIVA MINERAL,4 837,110 044,72 463,26 949 370,208 088 815,147 834 407,1 992,2 973,107 376,78 800,2 555 001 300,52 933 461 376,45 991 056 589,4,5,mistral_table,mistral_table,no
3,TRANSFORMAÇÃO,220 788,5 562 241,4 083 604,996 691 627,8 966 396 527,4 133 054 310,173 660,204 184,5 501 328,4 138 412,93 894 247 131,1 075 878 307 661,477 915 741 859,4,5,mistral_table,mistral_table,no
4,NAD METALICOS,25 501,444 372,323 845,54 725 509,425 494 952,233 650 607,26 843,28 974,365 643,275 855,4 102 263 245,33 178 100 772,20 522 941 485,4,5,mistral_table,mistral_table,no
5,METALURGICA,19 948,641 546,471 734,132 735 895,1 396 560 294,480 289 548,16 621,18 964,565 036,427 914,11 292 003 136,150 493 933 516,58 369 855 703,4,5,mistral_table,mistral_table,no
6,MEDANICA,12 412,602 453,474 978,156 492 359,782 640 905,419 766 672,7 867,11 088,552 163,440 982,13 807 905 147,73 502 013 185,43 967 809 865,4,5,mistral_table,mistral_table,no
7,MATERIAL ELETRICO,4 658,297 378,218 147,66 972 713,542 665 099,286 072 959,3 047,4 573,315 767,230 721,7 465 297 562,62 253 200 015,36 151 456 103,4,5,mistral_table,mistral_table,no
8,TRANSPORTE,4 528,344 750,250 189,88 039 736,776 469 663,307 868 236,3 361,4 184,341 821,257 925,9 025 553 049,79 384 244 141,30 715 409 051,4,5,mistral_table,mistral_table,no
9,MADEIRA,20 873,274 247,208 640,26 599 319,201 203 067,106 703 601,15 677,17 129,216 059,174 675,1 799 927 984,7 760 235 042,7 565 235 042,4,5,mistral_table,mistral_table,no
10,MOBILIARIO,13 750,186 686,140 588,20 930 585,145 723 460,73 500 928,12 845,13 759,186 467,147 126,1 706 471 024,12 946 086 093,6 844 398 486,4,5,mistral_table,mistral_table,no
11,PAPEL E PAPELÃO,2 151,130 018,91 562,24 936 128,264 220 323,114 495 098,1 317,2 107,132 946,98 957,2 739 039 127,30 119 136 254,14 015 403 745,4,5,mistral_table,mistral_table,no
12,BORRACHA,1 519,64 765,49 942,13 666 227,149 210 017,51 953 533,1 056,1 421,71 656,53 447,1 667 459 058,17 788 912 485,8 805 459 453,4,5,mistral_table,mistral_table,no
13,COUROS E PELES,1 509,45 317,36 936,5 879 184,48 600 831,19 567 217,1 347,1 604,53 849,46 762,566 342 126,8 575 937 764,2 874 318 104,4,5,mistral_table,mistral_table,no
14,QUÍMICA,4 774,222 118,121 129,80 844 941,1 766 457 710,601 354 695,2 301,5 066,287 742,165 442,9 414 992 805,224 533 760 108,82 797 136 577,4,5,mistral_table,mistral_table,no
15,PARMACEUTICA,1 122,54 426,26 614,16 691 111,107 267 595,66 020 199,433,930,49 056,24 282,1 454 315 316,12 577 172 729,8 071 471 641,4,5,mistral_table,mistral_table,no
16,PERFUMÁRIA,1 113,36 239,20 271,8 352 570,84 004 488,39 280 355,878,1 140,36 807,20 378,786 075 086,6 003 398 412,4 264 068 676,4,5,mistral_table,mistral_table,no
17,MATS. PLASTICAS,3 147,135 581,102 573,21 528 260,196 638 915,94 706 899,2 274,2 975,146 151,115 791,2 122 145 884,20 631 679 939,10 712 834 597,4,5,mistral_table,mistral_table,no
18,TEXTIL,7 177,417 750,348 224,58 695 563,634 946 815,257 835 863,3 814,5 570,351 360,296 196,4 501 530 660,61 887 669 456,28 434 008 601,4,5,mistral_table,mistral_table,no
19,VESTUÁRIO,20 571,492 863,410 530,48 172 080,377 802 507,195 750 623,21 688,23 200,655 234,560 662,5 552 313 929,47 485 497 411,24 748 680 004,4,5,mistral_table,mistral_table,no
20,ALIMENTARES,46 662,724 213,490 214,86 311 627,1 580 985 683,479 457 327,36 690,43 034,733 199,505 698,8 555 562 476,172 320 771 707,97 405 540 462,4,5,mistral_table,mistral_table,no
21,BEBIDAS,3 216,77 021,46 092,14 218 331,112 006 572,55 559 135,2 189,2 798,77 167,47 725,1 261 270 854,11 485 924 889,5 936 149 714,4,5,mistral_table,mistral_table,no
22,FUMO,580,29 527,21 772,7 006 654,59 696 294,31 462 531,143,434,27 924,15 990,725 922 476,6 378 669 516,3 637 174 155,4,5,mistral_table,mistral_table,no
23,GRAFICA,9 081,169 883,101 427,34 415 147,156 882 437,103 891 041,8 008,9 053,164 523,101 721,2 828 278 608,14 448 553 199,9 278 233 948,4,5,mistral_table,mistral_table,no
24,DIVERAS,6 518,170 988,128 197,29 050 688,176 918 866,109 864 243,5 261,6 181,168 954,129 973,2 517 577 579,19 470 879 671,12 797 176 447,4,5,mistral_table,mistral_table,no
25,REGIÃO CENTRO-OESTE,12 540,115 088,76 941,12 775 132,126 251 202,53 026 055,9 976,11 234,122 304,86 490,1 286 481 470,15 849 379 265,7 019 938 389,4,5,mistral_table,mistral_table,no
26,EXTRATIVA MINERAL,707,8 999,5 146,1 452 803,6 463 397,5 337 350,96,129,6 092,4 958,119 890 324,744 252 814,470 215 879,4,5,mistral_table,mistral_table,no
27,TRANSFORMAÇÃO,11 827,105 972,70 678,11 288 303,121 727 317,47 633 674,9 880,11 105,116 212,81 532,1 166 591 146,15 105 126 451,6 549 722 510,4,5,mistral_table,mistral_table,no
28,NAD METALICOS,2 663,19 962,13 901,1 850 701,17 811 218,9 164 868,1 525,1 654,16 755,11 874,150 774 580,1 778 100 748,1 119 933 863,4,5,mistral_table,mistral_table,no
29,MALURGICA,800,7 437,5 178,808 566,4 766 574,2 454 510,761,815,6 069,4 199,59 053 218,727 975 706,471 585 625,4,5,mistral_table,mistral_table,no
30,MECANICA,330,5 042,3 930,827 845,2 070 867,1 567 300,316,407,4 962,3 954,68 378 375,201 051 128,154 271 973,4,5,mistral_table,mistral_table,no
31,MATERIAL ELETRICO,3 216,1 628,1 016,1 347 897,1 347 897,1 347 345,69,120,2 363,1 491,58 707 498,322 187 004,252 316 027,4,5,mistral_table,mistral_table,no
32,TRANSPORTE,170,2 253,1 571,320 254,1 325 597,798 713,176,201,2 254,1 685,21 822 487,107 201 476,70 147 229,4,5,mistral_table,mistral_table,no
33,MADEIRA,1 924,17 969,12 900,1 429 133,11 455 824,5 780 356,1 466,1 549,14 359,11 389,97 410 158,717 753 932,408 048 490,4,5,mistral_table,mistral_table,no
34,MOBILIARIO,740,4 360,2 815,369 052,2 393 497,1 432 458,900,926,5 608,3 845,35 557 469,204 824 919,91 350 722,4,5,mistral_table,mistral_table,no
35,PAPEL E PAPELÃO,20,903,226,36 991,368 107,123 912,17,29,433,287,6 774 207,55 300 642,31 422 719,4,5,mistral_table,mistral_table,no
36,BORRACHA,45,586,394,71 994,682 743,375 961,42,60,627,8 845,469,73 174 214,25 833 201,4,5,mistral_table,mistral_table,no
37,COUROS E PELES,46,376,280,30 996,641 910,127 213,97,48,570,457,4 484 298,117 002 501,30 736 923,4,5,mistral_table,mistral_table,no
38,QUÍMICA,109,1 766,880,435 206,2 852 212,1 708 980,54,166,5 939,3 854,107 193 011,1 424 854 377,736 026 137,4,5,mistral_table,mistral_table,no
39,PARMACEUTICA,33,787,463,147 872,547 397,293 609,9,33,1 035,539,22 748 621,94 731 855,61 447 596,4,5,mistral_table,mistral_table,no
40,PERFUMÁRIA,1 192,1 444,42,14 634,122 082,102 402,14,21,186,86,2 991 146,18 020 460,9 482 742,4,5,mistral_table,mistral_table,no
41,MATS. PLASTICAS,31,400,264,54 935,377 519,191 549,33,39,582,399,6 331 788,69 962 588,36 297 532,4,5,mistral_table,mistral_table,no
42,TEXTIL,24,1 293,1 161,119 386,3 182 231,1 262 200,16,36,2 119,1 801,21 687 962,505 842 699,157 213 992,4,5,mistral_table,mistral_table,no
43,VESTUÁRIO,647,3 933,2 724,273 390,1 575 942,752 338,745,771,6 681,5 032,40 107 394,276 846 497,132 727 382,4,5,mistral_table,mistral_table,no
44,ALIMENTARES,3 338,27 504,17 147,2 435 361,92 346 001,15 888 975,3 009,402,33 837,22 780,301 085 329,7 662 074 154,2 316 061 774,4,5,mistral_table,mistral_table,no
45,BEBIDAS,91,2 641,1 578,447 184,3 428 995,1 832 601,39,71,2 731,1 874,40 933 080,390 573 466,207 313 317,4,5,mistral_table,mistral_table,no
46,FUMO,16,351,118,96 392,49 208,20 386,2,7,312,22,8 918 553,3 119 013,1 902 092,4,5,mistral_table,mistral_table,no
47,GRAFICA,489,5 605,3 214,935 949,3 298 335,2 178 923,507,584,7 513,4 684,91 132 411,319 108 882,210 059 999,4,5,mistral_table,mistral_table,no
48,DIVERAS,209,1 588,876,193 708,770 161,509 075,143,166,1 113,659,11 654 092,35 422 190,23 863 175,4,5,mistral_table,mistral_table,no
49,MATO GROSSO DO SUL,2 671,25 752,17 872,2 081 973,29 700 114,10 747 680,2 036,2 309,22 980,16 447,202 507 053,3 275 580 597,1 177 120 292,4,5,mistral_table,mistral_table,no
50,EXTRATIVA MINERAL,39,834,655,126 795,455 110,348 645,17,23,533,452,7 516 792,67 811 707,53 047 803,4,5,mistral_table,mistral_table,no
51,TRANSFORMAÇÃO,2 632,24 918,17 217,1 955 178,29 245 004,10 399 035,2 019,2 286,22 447,15 995,194 990 261,3 207 768 890,1 124 072 489,4,5,mistral_table,mistral_table,no
52,NAD METALICOS,625,4 605,2 924,318 165,2 935 756,339 418,339,378,3 454,2 192,25 457 704,246 886 476,147 183 884,4,5,mistral_table,mistral_table,no
53,METALURGICA,138,970,661,66 523,689 862,359 917,153,165,1 177,831,7 664 466,83 164 233,48 631 212,4,5,mistral_table,mistral_table,no
54,MECANICA,120,1 445,1 154,151 147,448 374,319 695,99,121,973,750,11 174 376,36 061 096,25 373 814,4,5,mistral_table,mistral_table,no
55,MATERIAL ELETRICO,8,30,18,19 592,8 599,7 231,7,14,158,116,1 459 500,11 064 013,7 709 854,4,5,mistral_table,mistral_table,no
56,TRANSPORTE,44,474,336,40 417,436 212,119 042,53,55,574,410,3 964 701,17 019 715,8 650 187,4,5,mistral_table,mistral_table,no
57,MADEIRA,573,8 485,6 375,576 592,6 162 390,2 571 200,341,365,4 582,3 820,25 795 290,198 045 236,94 172 338,4,5,mistral_table,mistral_table,no
58,MOBILIARIO,129,753,517,54 450,336 018,209 165,143,149,738,484,4 873 009,16 089 250,8 729 542,4,5,mistral_table,mistral_table,no
59,PAPEL E PAPELÃO,-,-,-,-,-,-,1,2,(A),(A),(X),(A),(X),4,5,mistral_table,mistral_table,no
60,BORRACHA,-,98,77,11 124,97 934,70 968,9,10,123,97,1 031 805,5 852 377,2 280 495,4,5,mistral_table,mistral_table,no
61,COUROS E PELES,8,41,28,3 215,228 349,15 629,9,11,111,94,970 016,35 679 837,4 432 265,4,5,mistral_table,mistral_table,no
62,QUÍMICA,27,488,336,130 093,1 212 250,887 908,10,44,1 651,1 073,30 100 477,514 662 665,254 712 762,4,5,mistral_table,mistral_table,no
63,PARMACEUTICA,3,71,3,2 152,2 628,2 628,1,6,52,32,381 819,2 420 116,1 913 084,4,5,mistral_table,mistral_table,no
64,PERFUMÁRIA,1,(A),(A),(A),(A),(A),3,4,13,6,73 080,628 281,463 701,4,5,mistral_table,mistral_table,no
65,MATS. PLASTICAS,1,(C),(C),(C),(C),(C),3,78,60,60,635 481,6 997 954,2 662 452,4,5,mistral_table,mistral_table,no
66,TEXTIL,5,77,47,17 781,847 206,295 792,5,15,307,174,5 854 062,195 716 215,55 951 158,4,5,mistral_table,mistral_table,no
67,VESTUÁRIO,58,400,245,21 913,91 705,55 956,97,98,301,301,2 698 936,15 218 409,9 035 716,4,5,mistral_table,mistral_table,no
68,ALIMENTARES,664,5 576,3 529,424 081,15 306 793,3 705 855,573,655,6 306,4 388,58 538 479,1 750 000 935,413 148 431,4,5,mistral_table,mistral_table,no
69,BEBIDAS,15,237,179,19 823,244 505,120 742,7,14,199,182,2 039 938,31 131 699,13 097 233,4,5,mistral_table,mistral_table,no
70,FUMO,1,(D),(D),(D),(A),(A),-,1,(D),(A),(X),(A),(X),4,5,mistral_table,mistral_table,no
71,GRAFICA,113,957,623,80 473,377 149,264 014,143,151,1 321,896,10 400 851,38 311 505,24 067 659,4,5,mistral_table,mistral_table,no
72,DIVERAS,49,224,122,16 259,78 197,46 979,23,25,153,89,780 521,2 609 158,1 649 002,4,5,mistral_table,mistral_table,no
73,CAMPO GRANDE,507,5 528,3 968,540 222,10 140 556,3 261 382,401,511,6 379,4 523,69 156 852,1 118 774 951,379 593 049,4,5,mistral_table,mistral_table,no
74,EXTRATIVA MINERAL,7,30,14,2 715,13 657,10 048,1,2,(C),(C),(X),(D),(X),4,5,mistral_table,mistral_table,no
75,TRANSFORMAÇÃO,500,5 498,3 954,537 507,10 126 899,3 251 334,400,509,(F),(F),(X),(G),(X),4,5,mistral_table,mistral_table,no
76,NAD METALICOS,71,689,470,73 120,453 470,298 177,25,48,616,403,5 831 050,32 417 801,22 351 098,4,5,mistral_table,mistral_table,no
77,METALURGICA,56,336,206,28 094,218 732,95 352,62,66,521,372,4 159 750,38 423 036,27 157 566,6,7,mistral_table,mistral_table,no
78,MECANICA,35,449,324,55 545,176 288,128 745,31,41,391,297,5 110 276,15 432 634,11 446 098,6,7,mistral_table,mistral_table,no
79,MATERIAL ELÉTRICO,5,8,3,2 192,4 351,3 278,5,11,143,104,1 349 522,10 556 488,7 255 876,6,7,mistral_table,mistral_table,no
80,TRANSPORTE,18,257,186,23 686,113 359,88 780,,,,,,,,6,7,mistral_table,missing,yes
81,MADEIRA,15,126,94,9 695,34 684,24 723,7,6,76,67,439 776,2 053 284,1 058 559,6,7,mistral_table,mistral_table,no
82,MOBILIARIO,45,395,272,27 897,135 890,72 153,43,47,238,162,2 014 635,5 378 532,2 925 214,6,7,mistral_table,mistral_table,no
83,PAPEL E PAPELÃO,,,,,,,,,,,,,,6,7,mistral_table_partial,mistral_table_partial,yes
84,BORRACHA,4,38,34,6 424,60 575,48 102,2,3,37,26,561 768,1 544 416,306 391,6,7,mistral_table,mistral_table,no
85,COUROS E PELES,4,26,19,2 794,225 464,14 584,1,3,81,80,814 028,34 383 496,4 037 594,6,7,mistral_table,mistral_table,no
86,QUÍMICA,13,237,167,66 043,558 972,557 157,3,23,299,135,10 128 136,139 221 124,55 305 356,6,7,mistral_table,mistral_table,no
87,FARMACÊUTICA,3,7,3,2 152,2 628,2 628,1,6,52,32,381 819,2 420 116,1 913 084,6,7,mistral_table,mistral_table,no
88,MATS. PLÁSTICAS,2,(C),(C),(X),(C),(X),2,2,(E l,(E l,<X),< F l,(X),6,7,mistral_table,pdf_text_layout,no
89,VESTUÁRIO,34,176,115,10 007,39 363,22 155,36,36,233,172,1 348 415,7 093 907,4 087 036,6,7,mistral_table,mistral_table,no
90,ALIMENTARES,119,1 963,1 498,143 408,7 624 291,1 593 112,106,130,2 392,1 811,25 327 096,769 054 441,211 532 591,6,7,mistral_table,mistral_table,no
91,BEBIDAS,6,114,81,12 034,163 961,85 670,3,3,104,93,1 458 134,20 471 540,8 573 420,6,7,mistral_table,mistral_table,no
92,FUMO,1,(D),(D),(X),(A),(X),,,,,,,,6,7,mistral_table,mistral_table_partial,yes
93,GRAFICA,44,522,352,48 515,243 784,175 227,48,55,749,505,6 460 172,23 169 706,13 918 879,6,7,mistral_table,mistral_table,no
94,DIVERSAS,25,147,88,11 587,61 667,36 895,11,12,76,31,430 966,1 156 637,714 718,6,7,mistral_table,mistral_table,no
95,DOURADOS,226,2 273,1 529,179 414,3 851 598,1 358 633,151,183,1 760,1 278,18 180 575,418 970 259,105 411 230,6,7,mistral_table,mistral_table,no
96,MECANICA,20,(F),(F),(X),(E),(X),17,21,142,93,1 399 935,7 343 355,5 393 756,6,7,mistral_table,mistral_table,no
97,MADEIRA,21,398,305,23 287,311 749,102 853,13,13,156,129,817 030,5 823 312,3 179 604,6,7,mistral_table,mistral_table,no
98,QUÍMICA,6,41,23,11 761,161 648,68 089,-,5,32,-,1 299 723,7 489 907,7 489 507,6,7,mistral_table,mistral_table,no
99,TEXTIL,1,(D),(C),(X),(F),(X),2,278,1 079,67,1 663 977,49 281 876,16 872 067,6,7,mistral_table,mistral_table,no
100,ALIMENTARES,48,735,471,68 848,2 741 065,854 718,35,50,719,509,8 975 246,334 687 902,60 989 125,6,7,mistral_table,mistral_table,no
101,DEMAIS GÉNEROS,130,896,598,55 092,333 736,214 225,80,90,632,480,4 027 664,18 344 300,11 487 171,6,7,mistral_table,mistral_table,no
102,AGUA CLARA,1,(A),(A),(X),(A),(X),,,,,,,,6,7,mistral_table,mistral_table_partial,yes
103,AMAMBAI,108,1 494,1 118,97 410,940 524,456 683,63,90,738,560,4 713 797,33 526 891,17 698 410,6,7,mistral_table,mistral_table,no
104,ANASTÁCIO,40,598,422,43 494,1 602 729,250 438,60,63,688,584,6 059 945,162 043 545,22 419 026,6,7,mistral_table,mistral_table,no
105,ANAURLANDIA,10,54,33,1 391,15 136,9 286,10,10,32,19,206 893,491 735,222 547,6,7,mistral_table,mistral_table,no
106,ANGÉLICA,53,314,199,18 334,109 515,55 629,25,27,176,110,894 130,3 172 601,1 735 160,6,7,mistral_table,mistral_table,no
107,ANTONIO JOÃO,12,64,36,4 311,51 150,17 922,13,13,52,32,269 767,1 526 392,551 354,6,7,mistral_table,mistral_table,no
108,APARECIDA DO TABOADO,112,556,300,34 640,179 805,60 636,80,83,575,294,3 270 944,41 535 392,22 778 864,6,7,mistral_table,mistral_table,no
109,AQUIDAUANA,54,350,224,22 060,219 309,100 835,45,55,341,241,1 902 253,19 035 343,7 070 594,6,7,mistral_table,mistral_table,no
110,ARAL MOREIRA,18,239,178,16 064,132 644,58 837,11,11,47,35,349 560,1 437 020,696 874,6,7,mistral_table,mistral_table,no
111,BANDEIRANTES,4,12,6,412,10 809,3 964,,,,,,,,6,7,mistral_table,mistral_table_partial,yes
112,BATAQUASSU,35,180,106,12 101,68 871,42 032,19,19,116,75,415 758,3 032 723,1 105 940,6,7,mistral_table,mistral_table,no
113,BATAIPORA,22,202,147,18 207,69 489,27 499,10,11,88,64,400 456,3 153 123,1 176 337,6,7,mistral_table,mistral_table,no
114,BELA VISTA,27,195,141,11 942,205 651,182 405,30,31,272,221,1 818 016,22 041 144,9 225 449,6,7,mistral_table,mistral_table,no
115,BODOQUENA,-,-,-,-,-,-,7,7,89,82,309 147,8 193 221,7 192 183,6,7,mistral_table,mistral_table,no
116,BONITO,12,93,64,6 162,56 360,36 654,15,17,160,127,752 976,10 874 097,7 418 178,6,7,mistral_table,mistral_table,no
117,BRASILANDIA,49,345,200,18 832,56 046,34 802,43,43,392,230,2 071 136,87 862 657,43 842 052,6,7,mistral_table,mistral_table,no
118,CAARAPO,65,773,547,49 895,503 286,203 068,45,46,569,491,3 790 289,80 208 807,18 892 318,6,7,mistral_table,mistral_table,no
119,CAMAPUÁ,25,119,67,9 287,97 944,53 980,12,13,104,68,574 564,6 309 383,1 739 930,6,7,mistral_table,mistral_table,no
120,CARACOL,3,13,9,304,831,473,3,3,21,15,83 098,336 262,311 362,6,7,mistral_table,mistral_table,no
121,CASSILANDIA,38,167,70,8 323,81 062,22 108,33,34,175,100,1 240 178,7 801 452,2 406 479,6,7,mistral_table,mistral_table,no
122,CORQUINHO,4,37,28,4 468,7 421,5 492,3,3,12,9,137 342,350 712,314 048,6,7,mistral_table,mistral_table,no
123,CORUMBA,131,2 003,1 443,226 805,2 533 518,940 154,51,68,1 401,1 056,17 740 515,242 192 919,147 490 313,6,7,mistral_table,mistral_table,no
124,COSTA RICA,-,-,-,-,-,-,14,15,44,21,332 909,3 016 492,1 606 263,6,7,mistral_table,mistral_table,no
125,COXIM,54,294,187,18 629,108 733,39 657,36,37,157,96,714 088,11 688 952,4 088 803,6,7,mistral_table,mistral_table,no
126,DEODAPOLIS,17,103,60,3 987,59 628,21 803,12,15,90,11,487 685,1 286 595,727 056,6,7,mistral_table,mistral_table,no
127,DOURADINA,-,-,-,-,-,-,4,4,7,2,98 000,328 500,172 000,6,7,mistral_table,mistral_table,no
128,ELDORADO,35,419,285,22 204,322 831,140 384,26,27,201,161,888 509,7 403 901,3 467 162,6,7,mistral_table,mistral_table,no
129,FATIMA DO SUL,66,399,261,33 578,1 228 509,313 766,55,57,324,190,2 632 573,127 602 501,45 662 386,6,7,mistral_table,mistral_table,no
130,GLORIA DE DOURADOS,23,153,92,11 489,179 128,49 442,20,23,207,139,1 555 176,40 488 730,6 825 978,6,7,mistral_table,mistral_table,no
131,GUIA LOPES DA LAGUNA,11,63,40,4 332,41 839,24 632,12,13,155,131,944 099,8 814 475,2 730 230,6,7,mistral_table,mistral_table,no
132,IGUATEMI,50,1 244,1 006,82 289,1 053 391,417 096,15,17,229,195,1 004 383,12 123 327,6 166 150,6,7,mistral_table,mistral_table,no
133,INOCENCIA,9,32,16,2 868,7 752,3 183,10,11,35,16,298 052,2 205 448,304 440,6,7,mistral_table,mistral_table,no
134,ITAPORA,56,338,205,20 414,132 572,66 654,22,23,78,45,429 040,9 174 583,3 976 801,6,7,mistral_table,mistral_table,no
135,ITAQUIRAI,-,-,-,-,-,-,20,23,486,411,2 895 992,18 720 780,11 116 216,6,7,mistral_table,mistral_table,no
136,IVINHEMA,55,564,342,33 453,458 893,185 635,47,50,545,419,3 043 756,42 945 904,12 780 793,8,9,mistral_table,mistral_table,no
137,JARAGUARI,4,14,10,963,2 742,2 073,,,,,,,,8,9,mistral_table,mistral_table_partial,yes
138,JARDIM,19,106,60,6 722,48 634,27 944,19,23,166,104,2 185 197,5 634 022,3 094 268,8,9,mistral_table,mistral_table,no
139,JATEI,3,31,17,1 499,9 262,6 538,,,,,,,,8,9,mistral_table,mistral_table_partial,yes
140,LADARIO,13,327,288,34 861,188 171,95 671,4,7,187,180,2 055 943,16 347 150,11 706 643,8,9,mistral_table,mistral_table,no
141,MARACAJU,29,140,90,12 347,36 392,24 819,20,22,110,49,1 624 931,11 970 717,4 554 908,8,9,mistral_table,mistral_table,no
142,MIRANDA,36,281,191,16 419,175 129,109 176,20,21,140,105,970 506,5 525 974,3 368 066,8,9,mistral_table,mistral_table,no
143,MUNDO NOVO,77,707,502,44 427,352 442,135 676,43,48,379,257,1 731 868,12 006 944,5 198 593,8,9,mistral_table,mistral_table,no
144,NAVIRAI,60,1 248,906,103 663,1 633 686,597 785,43,48,737,563,6 497 182,179 185 087,53 631 521,8,9,mistral_table,mistral_table,no
145,NIOAQUE,4,13,6,427,5 790,2 695,6,6,34,25,76 197,405 775,164 030,8,9,mistral_table,mistral_table,no
146,NOVA ANDRADINA,48,358,244,27 205,288 575,140 765,46,50,512,348,5 128 689,52 575 696,25 866 021,8,9,mistral_table,mistral_table,no
147,PARANAIBA,112,616,385,45 969,306 310,118 919,91,95,480,300,3 692 467,25 393 923,9 389 053,8,9,mistral_table,mistral_table,no
148,PEDRO GOMES,24,205,127,30 994,250 349,158 841,20,20,142,115,1 659 268,68 398 634,60 946 438,8,9,mistral_table,mistral_table,no
149,PONTA PORA,74,856,650,73 134,883 778,349 142,73,84,774,576,4 253 292,52 574 917,18 162 763,8,9,mistral_table,mistral_table,no
150,PORTO MARTINHO,7,37,28,1 752,16 850,9 936,4,4,22,18,72 080,354 118,236 189,8,9,mistral_table,mistral_table,no
151,RIBAS DO RIO PARDO,7,33,17,1 603,11 080,6 553,3,4,71,59,293 936,2 031 726,1 543 405,8,9,mistral_table,mistral_table,no
152,RIO BRILHANTE,32,353,268,41 329,369 991,169 659,14,15,422,193,6 452 802,81 059 458,30 321 697,8,9,mistral_table,mistral_table,no
153,RIO NEGRO,5,14,4,439,7 673,3 249,7,7,18,7,47 892,313 272,166 304,8,9,mistral_table,mistral_table,no
154,RIO VERDE DE MATO GROSSO,26,145,90,10 752,130 170,48 955,19,20,166,116,1 105 559,9 208 753,3 224 064,8,9,mistral_table,mistral_table,no
155,ROCHEDO,5,19,11,1 830,4 488,3 771,4,4,15,8,87 822,342 177,199 122,8,9,mistral_table,mistral_table,no
156,SÃO GABRIEL DO OESTE,-,-,-,-,-,-,10,11,70,38,668 428,3 303 511,1 196 994,8,9,mistral_table,mistral_table,no
157,SETE QUEDAS,-,-,-,-,-,-,17,21,300,243,2 264 259,17 323 392,5 384 018,8,9,mistral_table,mistral_table,no
158,SELVRIA,-,-,-,-,-,-,6,6,18,7,97 250,487 463,338 069,8,9,mistral_table,mistral_table,no
159,SIDROLANDIA,5,21,9,1 955,5 772,4 492,12,16,395,329,3 997 427,28 115 225,12 093 629,8,9,mistral_table,mistral_table,no
160,TACURU,-,-,-,-,-,-,3,3,19,15,75 296,979 204,527 892,8,9,mistral_table,mistral_table,no
161,TAQUARUSSU,-,-,-,-,-,-,12,12,42,25,230 869,703 432,486 543,8,9,mistral_table,mistral_table,no
162,TERENOS,20,179,124,15 064,183 904,123 734,10,13,168,118,929 168,10 493 388,3 977 316,8,9,mistral_table,mistral_table,no
163,TRES LAGOAS,125,824,515,51 202,258 698,160 109,81,87,852,575,6 586 828,129 802 952,22 164 295,8,9,mistral_table,mistral_table,no
164,MATO GROSSO,2 357,18 631,13 000,2 008 720,13 950 052,6 685 818,1 755,1 921,21 351,15 315,211 228 066,2 226 318 310,1 017 983 046,8,9,mistral_table,mistral_table,no
165,EXTRATIVA MINERAL,437,4 009,3 306,550 466,1 577 475,1 434 512,12,16,1 015,901,11 467 742,80 020 914,62 346 542,8,9,mistral_table,mistral_table,no
166,TRANSFORMAÇÃO,1 920,14 622,9 694,1 458 254,12 372 577,5 251 306,1 743,1 905,20 336,14 414,199 760 324,2 146 297 396,955 636 504,8,9,mistral_table,mistral_table,no
167,NAO METALICOS,430,2 523,1 764,184 800,909 436,612 965,199,218,2 555,1 971,20 808 993,188 136 209,117 510 040,8,9,mistral_table,mistral_table,no
168,METALURGICA,95,451,288,40 414,198 501,90 518,133,138,697,432,5 441 549,25 945 754,13 632 078,8,9,mistral_table,mistral_table,no
169,MECANICA,35,326,253,48 603,179 283,162 092,47,54,556,400,7 612 845,26 322 876,20 064 316,8,9,mistral_table,mistral_table,no
170,MATERIAL ELETRICO,6,36,22,4 627,19 975,12 938,10,15,106,70,1 076 579,4 922 187,3 147 181,8,9,mistral_table,mistral_table,no
171,TRANSPORTE,21,287,227,38 209,204 934,161 034,29,32,297,218,3 071 590,32 337 273,18 156 399,8,9,mistral_table,mistral_table,no
172,MADEIRA,491,5 390,3 970,539 075,3 644 822,2 316 540,457,184,6 596,5 462,50 487 172,430 883 985,257 594 987,8,9,mistral_table,mistral_table,no
173,MOBILIARIO,90,422,221,36 720,129 997,71 804,181,184,811,492,5 728 382,25 119 083,13 673 746,8,9,mistral_table,mistral_table,no
174,PAPEL E PAPELÃO,3,18,12,1 854,15 647,7 264,4,5,35,29,327 112,2 326 906,1 322 486,8,9,mistral_table,mistral_table,no
175,BORRACHA,4,50,35,4 641,126 872,18 325,8,13,170,142,1 617 352,19 426 113,2 881 393,8,9,mistral_table,mistral_table,no
176,COUROS E PELES,7,87,64,9 933,56 985,23 143,5,6,154,125,1 339 284,15 255 360,7 949 506,8,9,mistral_table,mistral_table,no
177,QUÍMICA,9,86,58,13 837,28 268,18 545,9,29,1 466,672,31 935 224,207 849 483,81 078 679,8,9,mistral_table,mistral_table,no
178,FARMACÊUTICA,2,(A),(A),(A),(D),(A),,,,,,,,8,9,mistral_table,missing,yes
179,PERFUMARIA,-,-,-,-,-,-,,,,,,,,8,9,mistral_table,pdf_text_layout_partial,yes
180,MATS. PLASTICAS,1,(B),(A),(A),(A),(A),2,3,24,6,616 250,295 516,142 083,8,9,mistral_table,mistral_table,no
181,TEXTIL,-,-,-,-,-,-,1,2,181,IBJ,IX),(0),IX),8,9,mistral_table,pdf_text_layout,no
182,VESTUÁRIO,59,237,136,18 021,56 974,37 992,50,52,275,191,1 915 135,8 717 324,4 381 432,8,9,mistral_table,mistral_table,no
183,ALIMENTARES,275,3 653,2 104,361 090,6 142 316,1 326 159,485,522,5 063,3 242,48 935 384,1 059 764 799,353 191 889,8,9,mistral_table,mistral_table,no
184,BEBIDAS,15,468,199,91 404,446 649,252 137,11,12,479,321,8 408 749,61 300 349,36 626 165,8,9,mistral_table,mistral_table,no
185,FUMO,1,(D),(A),(A),(B),(A),,,,,,,,8,9,mistral_table,pdf_text_layout_partial,yes
186,GRAFICA,35,439,283,42 117,161 826,106 516,89,90,751,467,6 760 094,24 782 423,15 046 822,8,9,mistral_table,mistral_table,no
187,DIVERSAS,21,105,55,7 169,37 505,23 297,21,23,209,165,1 101 438,11 568 985,6 744 804,8,9,mistral_table,mistral_table,no
188,CUIABA,271,2 329,1 464,298 021,1 461 975,859 998,275,329,3 867,2 546,44 595 846,351 303 495,154 933 637,8,9,mistral_table,mistral_table,no
189,EXTRATIVA MINERAL,9,132,90,8 368,55 918,49 441,4,4,68,40,751 879,3 523 141,1 220 963,8,9,mistral_table,mistral_table,no
190,TRANSFORMAÇÃO,262,2 207,1 374,289 653,1 406 057,810 557,271,325,3 799,2 506,43 843 967,347 780 354,153 712 674,8,9,mistral_table,mistral_table,no
191,NAO METALICOS,69,454,339,41 588,222 977,118 853,25,34,708,533,6 042 553,92 546 752,46 384 847,8,9,mistral_table,mistral_table,no
192,METALURGICA,32,159,98,15 247,73 480,31 777,43,44,183,111,1 694 854,6 664 256,4 165 102,8,9,mistral_table,mistral_table,no
193,MECANICA,15,175,129,31 221,99 729,93 860,8,13,233,163,3 831 917,9 135 745,8 017 767,8,9,mistral_table,mistral_table,no
194,,,,,,,,,,,,,,,8,9,missing,missing,yes
195,,,,,,,,,,,,,,,8,9,missing,missing,yes
196,,,,,,,,,,,,,,,8,9,missing,missing,yes
197,MOBlLIARIO,22,95,51,12 089,37 776,19 886,40,40,216,142,1 795 227,8 304 066,4 581 417,10,11,pdf_text_tokens,mistral_table,no
198,PAPEL,,,,,,,1,2,(C),(C),(X),(D),(X),10,11,tesseract_por_review_partial,mistral_table,yes
199,BORRACHA,,,,,,,-,2,(C),(C),(X),(D),(X),10,11,pdf_text_layout_partial,mistral_table,yes
200,OUIMICA,69,53,2,147,23 716,16 201,3,13,102,32,3 075 677,27 588 056,9 169 828,10,11,pdf_text_tokens,mistral_table,no
201,"FARMACEUTlCA . . . . . . , . . . . . . , . . . . . . . . . . . . . . • . . . . ,, IAI IA I IXI",1,(A),ta),(X),(B),(X),-,1,(C),(A),(X),(A),(X),10,11,tesseract_por_review,mistral_table,no
202,,,,,,,,1,1,(B),(A),(X),(A),(X),10,11,missing,mistral_table,yes
203,MATS. PLASTICAS... ..ccicrscrcercere rara renas,1,tB),ta),(X),(A),1X),1,2,(C),(A),(X),(A),(X),10,11,tesseract_por_review,mistral_table,no
204,VES'tUAR I O,12,82,56,7 564,27 267,17 756,12,14,107,83,642 703,2 771 568,948 420,10,11,pdf_text_tokens,mistral_table,no
205,ALIMENTARES,46,326 182,37,563 330,36~,163 796,65,74,655,326,6 502 479,98 885 119,23 169 365,10,11,pdf_text_tokens,mistral_table,no
206,BEB 1 DAS,2,1F1,IE),<X 1,(F 1,IX),3,4,327,215,7 247 932,34 173 337,20 869 092,10,11,pdf_text_layout,mistral_table,no
207,GRAFICA,26,213,133,22 065,87 080,57 372,41,42,443,251,4 550 800,13 987 892,9 085 398,10,11,pdf_text_tokens,mistral_table,no
208,DIVERSAS,,,,,,,7,9,161,134,569 203,9 423 067,7 343 879,10,11,pdf_text_tokens_partial,mistral_table,yes
209,,,,,,,,138,153,1 023,630,7 289 119,75 576 486,35 961 355,10,11,missing,mistral_table,yes
210,"NÃO METALICOS.,...csccccsccc rare as",255,17,15,315,62 432,32 783,22,23,199,152,1 023 919,6 496 952,3 890 966,10,11,tesseract_por_review,mistral_table,no
211,OUIMICA,1,IA 1,IA I,1X1,IA),IX),-,5,13,-,329 637,9 257 678,9 257 678,10,11,pdf_text_layout,mistral_table,no
212,ALIMENTARES,56,364 204,ZA,52A,678 519,251 090,42,50,404,197,3 776 631,44 165 593,12 942 184,10,11,pdf_text_tokens,mistral_table,no
213,BEBIDAS,3,IDI,IO},IX),(D),(X),1,1,(D),(D),(X),(E),(X),10,11,pdf_text_tokens,mistral_table,no
214,GRAFICA... .sccss cce rr era erre ra res,6,62,37,6 495,24 628,14 795,8,8,(E),(D),(X),(E),(X),10,11,tesseract_por_review,mistral_table,no
215,MADEIRA,16,557,488,51 88 5,581 311,440 732,65,66,316,212,1 563 116,8 843 858,4 988 990,10,11,pdf_text_layout,mistral_table,no
216,VA13ZEA GRANDE,,,,,,,180,206,4 784,3 677,50 040 341,838 893 024,351 618 414,10,11,pdf_text_tokens_partial,mistral_table,yes
217,NAO METALICOS,80,659,477,43 537,235 320,174 512,45,48,778,645,8 751 660,34 060 970,27 037 377,10,11,pdf_text_tokens,mistral_table,no
218,TRANSPORTE.....cccccscsl cs rara re rararans,8,(F),(F),(X),(F),o),7,7,(E),(E),(X),(G),(X),10,11,tesseract_por_review,mistral_table,no
219,,,,,,,,14,20,662,588,4 089 400,60 330 906,35 560 390,10,11,missing,mistral_table,yes
220,ALIMENTARES,28,1 323,950,161 38€,3 170 907,279 827,32,37,2 144,1 622,23 976 571,638 011 075,236 237 125,10,11,pdf_text_layout,mistral_table,no
221,BEBIDAS,2,1E1,IDI,IX),(F),IX),2,2,(C),(C),(X),(F),(X),10,11,pdf_text_tokens,mistral_table,no
222,DEMAIS GENEROS,35,329,1 98,40 622,"2.42. 81,",68 137,80,92,1 096,753,11 573 221,62 733 150,29 121 546,10,11,pdf_text_layout,mistral_table,no
223,ACORIZAL,7,5,4,ass,1 306,sas,2,2,(C),(C),(X),(B),(X),10,11,tesseract_por_review,mistral_table,no
224,,,,,,,,10,11,40,26,724 724,4 807 981,2 482 140,10,11,missing,mistral_table,yes
225,ALTA FLORESTA,1 95,1 ORS,670,288 513,679 8D1,567 331,48,53,317,179,1 426 770,11 344 609,5 618 882,10,11,pdf_text_layout,mistral_table,no
226,ALTO PARAGUAI,20,224,206,16 808,76 539,58 307,31,31,100,53,361 803,2 383 248,1 578 501,10,11,pdf_text_tokens,mistral_table,no
227,ALTO GARÇAS,16,1,534,3,085,1 999,9,9,71,57,442 064,6 552 540,4 072 965,10,11,pdf_text_tokens,mistral_table,no
228,"ALTO PARAGUALI,...cccccseciscracrara crer",,,,,,,1,1,(B),(B),(X),(B),(X),10,11,tesseract_por_review_partial,mistral_table,yes
229,ARAPUTANGA,30,132,80,9 762,86 912,37 289,6,6,75,51,374 916,6 075 589,2 640 031,10,11,pdf_text_tokens,mistral_table,no
230,ARENAPOLIS,136,1 357,1 171,150 834,359 241,269 432,2,2,(B),(A),(X),(A),(X),10,11,pdf_text_tokens,mistral_table,no
231,ARIPUANÂ,66,510 316,AO,161,707 718,645 253,18,24,864,782,7 708 844,57 535 502,42 034 018,10,11,pdf_text_tokens,mistral_table,no
232,BARÃO OE MELGAÇO,10,19,2,599,6 429,3 758,9,9,82,64,75 040,105 600,90 300,10,11,pdf_text_tokens,mistral_table,no
233,BARRA DO BUGRES,42,242 123,1,9 593,129 249,66 783,19,19,604,218,16 252 900,113 568 389,39 020 608,10,11,pdf_text_tokens,mistral_table,no
234,BARRA DO GARÇAS,81,266,162,23 182,131 803,78 633,95,97,566,347,4 303 666,37 708 013,15 527 129,10,11,pdf_text_tokens,mistral_table,no
235,CACERES,53,570 448,45,57&,421 667,250 151,62,65,651,498,4 572 477,73 155 969,24 815 099,10,11,pdf_text_tokens,mistral_table,no
236,COLIDER,40,355,270,39 553,285 280,160 139,9,9,37,27,436 100,1 456 506,813 075,10,11,pdf_text_tokens,mistral_table,no
237,CHAPADA DOS GUIMARÃES,39,25,3,507,20 313,4 143,4,4,31,28,170 743,1 783 453,840 835,10,11,pdf_text_tokens,mistral_table,no
238,COLIDER.......ccccsssro certa crr narra reco jo),355,270,39,553,285 280,160 139,49,54,586,461,3 370 842,36 922 969,19 172 103,10,11,tesseract_por_review,mistral_table,no
239,DENISE,,,,,,,4,4,48,38,2 846 400,4 411 242,951 406,10,11,pdf_text_layout_partial,mistral_table,yes
240,DIAMANTINO,33,335,251,32 407,133 664,101 854,16,18,226,190,2 717 069,19 232 504,10 080 171,10,11,pdf_text_tokens,mistral_table,no
241,DOM AQUINO,25,173,129,9 721,83 895,26 436,2,3,26,18,176 732,3 476 726,2 658 273,10,11,pdf_text_tokens,mistral_table,no
242,GENERAL CARNE lRO,13,460,3,898,2,473,1,1,(A),(A),(X),(A),(X),10,11,pdf_text_tokens,mistral_table,no
243,GUIRATlNGA,34,77,40,7 299,29 540,16 182,7,7,27,13,271 717,838 991,389 371,10,11,pdf_text_tokens,mistral_table,no
244,ITIOUIRA,23,72,24,BDO,732,4 693,5,5,16,5,62 322,475 829,267 504,10,11,pdf_text_tokens,mistral_table,no
245,JACIARA,31,213,136,18 576,376 324,110 116,39,44,449,358,5 089 854,109 314 036,35 504 635,10,11,pdf_text_tokens,mistral_table,no
246,JAURU,20,178,114,10 073,65 433,41 695,13,13,35,4,102 825,616 580,400 838,10,11,pdf_text_tokens,mistral_table,no
247,JUARA,,,,,,,44,44,256,167,1 024 357,23 327 111,11 878 306,10,11,pdf_text_layout_partial,mistral_table,yes
248,JUINA,,,,,,,77,86,723,557,8 287 291,62 955 636,40 886 542,10,11,pdf_text_layout_partial,mistral_table,yes
249,JUSCIMEIRA,14,99,5,966,93 655,35 459,15,15,107,31,1 515 834,1 968 101,1 374 973,10,11,pdf_text_tokens,mistral_table,no
250,"LUCIARA,.....cssiceccrrrres errar ra era rs era ro ras",3,8,2,485,+,835 978,4,4,10,6,40 714,287 960,166 635,10,11,tesseract_por_review,mistral_table,no
251,VILA BELA DA SANT!SSIMA TRINDADE,11,114,77,12 110,48 225,22 228,5,8,97,83,552 033,2 268 652,1 143 246,10,11,pdf_text_tokens,mistral_table,no
252,MIRASSOL D' OESTE,60,330,190,14 513,323 893,100 626,36,36,161,102,703 593,9 607 610,2 358 501,10,11,pdf_text_layout,mistral_table,no
253,NOBRES,16,93,64,15 878,75 797,50 111,26,29,391,337,3 687 687,49 786 792,38 382 588,10,11,pdf_text_tokens,mistral_table,no
254,NORTELANOIA,43,374,299,42 631,97 658,74 754,11,11,86,69,1 268 000,7 761 000,4 081 500,10,11,pdf_text_tokens,mistral_table,no
255,NOSSA SENHORA DO LIVRAMENTO,2,(B),(A),(X),(A),(X),1,1,(B),(A),(X),(A),(X),12,13,mistral_table,mistral_table,no
256,NOVA BRASILANDIA,13,36,11,2 431,13 523,9 020,6,7,27,20,153 708,1 630 222,705 912,12,13,mistral_table,mistral_table,no
257,NOVA XAVANTINA,42,185,109,13 356,61 874,36 311,40,40,148,73,1 679 397,7 186 621,3 784 324,12,13,mistral_table,mistral_table,no
258,PARAMATINGA,16,72,49,12 604,23 812,21 058,8,9,46,37,660 832,3 696 020,1 903 530,12,13,mistral_table,mistral_table,no
259,PEDRA PRETA,65,199,107,7 639,36 681,25 109,11,11,50,29,200 168,2 599 422,882 943,12,13,mistral_table,mistral_table,no
260,POCONE,25,107,54,6 154,28 896,17 439,6,7,408,233,5 796 197,8 094 356,2 648 033,12,13,mistral_table,mistral_table,no
261,PONTE BRANCA,4,10,6,1 551,12 362,4 125,2,2,(B),(B),(X),(B),(X),12,13,mistral_table,mistral_table,no
262,PONTES E LACERDA,39,318,196,27 697,152 879,83 302,19,21,208,173,1 609 481,13 395 168,7 916 941,12,13,mistral_table,mistral_table,no
263,PORTO DOS GAUCHOS,26,279,218,42 213,194 236,102 296,19,20,98,59,489 683,2 859 475,1 335 452,12,13,mistral_table,mistral_table,no
264,POXORES,110,1 128,974,85 476,163 361,114 457,17,18,128,99,957 782,9 403 726,6 928 449,12,13,mistral_table,mistral_table,no
265,SÃO JOSE DOS QUATRO MARCOS,32,262,175,15 571,318 624,107 301,41,43,280,182,2 757 796,47 019 077,12 959 649,12,13,mistral_table,mistral_table,no
266,RIO BRANCO,19,70,43,7 753,95 170,37 496,12,12,53,31,219 075,5 213 664,2 683 696,12,13,mistral_table,mistral_table,no
267,SÃO JOSE DO RIO CLARO,18,169,100,19 075,105 312,66 098,50,52,440,338,2 552 776,32 113 944,18 278 425,12,13,mistral_table,mistral_table,no
268,ROSARIO OESTE,15,78,49,5 692,48 070,36 076,13,14,69,41,309 283,3 660 416,1 661 452,12,13,mistral_table,mistral_table,no
269,SALTO DO CEU,7,21,8,816,5 353,3 501,5,5,12,6,79 930,395 971,322 869,12,13,mistral_table,mistral_table,no
270,SANTA TEREZINHA,4,12,9,603,4 120,3 213,20,20,124,86,1 029 076,7 918 074,5 537 193,12,13,mistral_table,mistral_table,no
271,SANTO ANTONIO DO LEVERGER,6,58,41,3 211,8 019,6 234,3,3,13,8,53 896,187 544,114 517,12,13,mistral_table,mistral_table,no
272,SÃO FELIX DO ARAQUAIA,12,6,3,1 879,6 147,4 526,11,11,38,23,201 992,1 364 207,975 003,12,13,mistral_table,mistral_table,no
273,SINOP,145,1 349,985,175 676,1 031 547,634 102,168,179,2 470,1 955,18 661 468,141 772 300,82 947 763,12,13,mistral_table,mistral_table,no
274,TANGARA DA SERRA,47,358,237,24 609,226 647,88 948,27,29,291,230,2 501 939,18 278 354,12 463 819,12,13,mistral_table,mistral_table,no
275,TESOURO,15,167,142,10 588,17 834,13 525,2,3,37,32,170 676,2 187 939,1 210 876,12,13,mistral_table,mistral_table,no
276,TORIXOREU,22,64,34,5 133,34 780,20 349,2,2,(C),(B),(X),(B),(X),12,13,mistral_table,mistral_table,no
277,GOIAS,6 313,55 131,36 166,5 735 448,69 690 040,27 536 088,5 402,5 938,61 425,44 429,624 695 067,8 628 592 668,3 839 488 939,12,13,mistral_table,mistral_table,no
278,EXTRATIVA MINERAL,205,3 863,2 016,692 020,4 223 879,3 402 261,64,82,4 387,3 457,98 916 044,567 175 478,334 232 127,12,13,mistral_table,mistral_table,no
279,TRANSFORMAÇÃO,6 104,51 185,34 067,5 017 465,65 419 023,24 089 694,5 338,5 856,57 038,40 972,525 779 023,8 061 417 190,3 505 255 812,12,13,mistral_table,mistral_table,no
280,NÃO METALICOS,1 489,11 047,7 965,1 086 740,10 808 487,5 975 022,935,982,9 496,6 976,86 809 885,1 069 461 562,694 512 176,12,13,mistral_table,mistral_table,no
281,METALURGICA,365,4 055,2 784,410 885,2 659 385,1 451 341,337,357,3 112,2 304,33 851 852,548 932 820,765 303 563,12,13,mistral_table,mistral_table,no
282,MECANICA,107,1 655,1 303,262 375,765 407,50. 237,135,171,2 104,1 750,29 849 700,80 237 735,70 550 307,12,13,mistral_table,mistral_table,no
283,MATERIAL ELETRICO,37,900,594,149 493,979 396,573 538,30,38,533,375,8 111 879,75 501 767,45 773 210,12,13,mistral_table,mistral_table,no
284,TRANSPORTE,85,195,825,118 176,736 346,401 163,78,85,1 119,878,10 083 989,48 768 740,35 552 720,12,13,mistral_table,mistral_table,no
285,MADEIRA,837,3 822,2 382,250 889,1 426 912,746 787,658,669,2 973,1 965,18 417 504,76 444 103,48 748 027,12,13,mistral_table,mistral_table,no
286,MOBILIARIO,447,2 206,398,146 987,656 482,354 725,506,515,2 884,1 952,15 728 655,90 479 408,43 031 967,12,13,mistral_table,mistral_table,no
287,PAPEL E PAPELÃO,11,258,204,23 167,345 797,113 950,7,11,291,213,3 223 882,35 200 315,15 648 032,12,13,mistral_table,mistral_table,no
288,BORRACHA,24,358,225,33 591,359 875,215 255,21,29,378,305,3 414 142,35 662 080,14 016 112,12,13,mistral_table,mistral_table,no
289,COUROS E PELES,31,248,188,17 848,356 576,88 441,21,29,301,237,2 164 418,66 022 268,18 325 916,12,13,mistral_table,mistral_table,no
290,QUIMICA,53,981,471,204 362,1 402 285,676 168,30,71,2 602,2 058,36 974 884,676 633 869,383 009 836,12,13,mistral_table,mistral_table,no
291,FARMACÉUTICA,21,694,457,110 889,534 184,282 944,8,22,907,507,19 828 017,92 311 739,59 534 512,12,13,mistral_table,mistral_table,no
292,PERFUMARIA,7,60,36,3 880,47 158,17 902,7,10,121,72,1 376 915,12 112 011,4 265 208,12,13,mistral_table,mistral_table,no
293,MATS. PLASTICAS,19,295,201,36 920,316 444,165 902,20,23,316,221,3 807 082,29 962 073,13 640 362,12,13,mistral_table,mistral_table,no
294,TEXTIL,18,1 214,1 114,100 595,2 335 025,966 408,7,16,1 798,1 619,15 735 181,308 917 296,100 889 146,12,13,mistral_table,mistral_table,no
295,VESTUARIO,388,2 825,2 057,183 717,1 271 084,561 953,506,524,5 230,4 072,27 947 038,226 028 678,107 681 399,12,13,mistral_table,mistral_table,no
296,ALIMENTARES,858,14 969,9 251,1 248 386,36 878 351,8 865 084,1 768,1 998,18 555,12 713,154 018 991,4 254 507 643,1 303 155 274,12,13,mistral_table,mistral_table,no
297,BEBIDAS,48,1 315,779,234 902,2 025 690,1 125 251,17,36,1 409,968,21 982 763,219 954 760,118 689 003,12,13,mistral_table,mistral_table,no
298,FUMO,10,201,71,36 878,44 415,15 593,2,3,154,22,3 894 035,2 581 905,1 064 984,12,13,mistral_table,mistral_table,no
299,GRAFICA,165,1 631,1 240,222 812,967 996,630 583,177,187,2 172,1 470,21 241 665,96 794 214,63 479 828,12,13,mistral_table,mistral_table,no
300,DIVERSAS,84,956,522,137 973,501 728,325 447,68,80,516,295,7 316 946,14 902 206,9 385 230,12,13,mistral_table,mistral_table,no
301,GOIANIA,1 273,18 409,12 246,2 229 984,24 865 622,8 780 880,1 104,1 313,21 868,15 318,225 969 702,3 034 059 178,1 293 537 501,12,13,mistral_table,mistral_table,no
302,EXTRATIVA MINERAL,10,351,-,104 849,-,-,,,,,,,,12,13,mistral_table,pdf_text_layout_partial,yes
303,TRANSFORMAÇÃO,1 263,18 058,12 246,2 125 135,24 865 622,8 780 880,1 103,1 311,(F),(F),(X),(G),(X),12,13,mistral_table,mistral_table,no
304,NÃO METALICOS,98,1 643,1 197,232 342,2 191 203,1 292 746,48,66,1 083,773,13 099 611,173 477 756,106 146 786,12,13,mistral_table,mistral_table,no
305,METALURGICA,139,1 699,1 216,165 399,1 328 832,732 412,101,115,1 253,906,10 580 766,129 738 716,77 852 329,12,13,mistral_table,mistral_table,no
306,MECANICA,69,973,690,145 390,445 768,302 131,65,87,881,671,9 411 973,31 872 155,24 196 619,12,13,mistral_table,mistral_table,no
307,MATERIAL ELETRICO,26,227,100,46 055,164 410,131 619,19,26,194,133,3 748 133,19 336 536,14 417 537,12,13,mistral_table,mistral_table,no
308,TRANSPORTE,41,696,465,84 108,524 573,280 345,27,31,583,462,6 314 594,26 160 360,20 206 704,12,13,mistral_table,mistral_table,no
309,MADEIRA,44,403,305,39 522,333 472,137 033,19,22,182,126,1 314 230,13 092 739,10 160 997,12,13,mistral_table,mistral_table,no
310,MOBILIARIO,113,821,590,68 778,276 250,153 758,101,105,1 280,958,7 401 920,49 520 994,20 926 240,12,13,mistral_table,mistral_table,no
311,PAPEL E PAPELÃO,9,223,178,19 679,332 715,107 605,7,11,291,213,3 223 882,35 200 315,15 648 032,12,13,mistral_table,mistral_table,no
312,BORRACHA,13,235,157,23 664,240 980,141 902,11,16,231,190,2 288 668,23 924 841,8 758 056,12,13,mistral_table,mistral_table,no
313,COUROS E PELES,10,135,108,10 650,89 782,33 538,6,7,61,48,396 826,18 260 226,4 423 967,12,13,mistral_table,mistral_table,no
314,QUIMICA,29,421,169,102 485,1 101 596,532 714,9,31,325,113,9 155 105,49 159 246,36 160 356,12,13,mistral_table,mistral_table,no
315,FARMACÉUTICA,21,694,457,110 889,534 184,282 944,7,21,880,498,19 522 798,88 917 865,57 067 477,12,13,mistral_table,mistral_table,no
316,PERFUMARIA,2,(D),(B),(X),(C),(X),2,4,(D),(A),(X),(A),(X),12,13,mistral_table,mistral_table,no
317,MATS. PLASTICAS,15,255,175,29 713,232 260,115 165,13,16,238,162,3 313 184,25 022 927,11 627 715,12,13,mistral_table,mistral_table,no
318,TEXTIL,5,77,55,16 650,219 966,115 519,1,4,49,9,1 198 604,17 023 805,4 797 603,12,13,mistral_table,mistral_table,no
319,VESTUÁRIO,202,2 078,1 601,144 436,1 016 532,429 254,307,325,4 428,3 575,24 365 997,201 333 764,95 423 028,14,15,mistral_table,mistral_table,no
320,ALIMENTARES,277,4 574,3 045,447 148,13 625 573,2 634 220,240,277,6 733,4 747,61 372 413,1 916 113 890,669 456 053,14,15,mistral_table,mistral_table,no
321,BEBIDAS,15,631,449,105 075,1 137 627,636 601,3,10,729,410,10 185 844,123 341 995,54 531 977,14,15,mistral_table,mistral_table,no
322,FUMO,2,(F),(B),(X),(B),(X),,,,,,,,14,15,mistral_table,pdf_text_layout_partial,yes
323,GRAFICA,85,1 433,942,191 315,824 498,540 047,94,92,1 635,1 106,18 546 238,82 189 967,54 776 985,14,15,mistral_table,mistral_table,no
324,DIVERSAS,48,710,334,107 478,236 096,173 926,35,44,383,216,6 606 760,10 210 098,6 879 100,14,15,mistral_table,mistral_table,no
325,ANAPOLIS,428,8 937,6 742,941 335,14 203 247,5 280 084,354,399,8 575,6 901,80 395 084,1 128 554 584,449 729 603,14,15,mistral_table,mistral_table,no
326,NÃO METÁLICOS,54,2 369,1 919,301 391,2 547 881,1 771 462,54,58,2 102,1 647,20 636 859,173 830 314,107 692 639,14,15,mistral_table,mistral_table,no
327,MATERIAL ELÉTRICO,6,513,367,79 490,674 112,383 162,8,9,263,192,3 543 538,53 744 910,30 354 849,14,15,mistral_table,mistral_table,no
328,TEXTIL,5,1 015,996,83 398,972 583,397 892,2,5,1 490,1 455,11 127 981,104 681 913,41 115 300,14,15,mistral_table,mistral_table,no
329,ALIMENTARES,163,2 655,1 957,232 669,8 207 547,1 852 632,116,135,2 656,2 052,25 080 563,632 400 390,170 625 237,14,15,mistral_table,mistral_table,no
330,BEBIDAS,8,559,243,121 322,809 760,425 359,2,7,541,410,10 305 163,81 878 597,52 805 854,14,15,mistral_table,mistral_table,no
331,DEMAIS GÉNEROS,192,1 826,1 260,143 065,991 384,449 577,172,185,1 523,1 145,9 700 980,82 018 490,43 135 724,14,15,mistral_table,mistral_table,no
332,ABADIANIA,7,26,17,988,4 695,3 135,3,3,7,3,37 021,108 960,89 309,14,15,mistral_table,mistral_table,no
333,ACREUNA,21,73,33,3 166,15 021,10 076,20,22,363,262,4 643 697,129 311 841,75 199 793,14,15,mistral_table,mistral_table,no
334,ÁGUA LIMPA,5,6,2,656,2 941,1 596,1,1,(B),(A),(X),(A),(X),14,15,mistral_table,mistral_table,no
335,ALEXANIA,30,127,83,10 399,42 066,31 149,7,9,62,45,266 778,1 182 901,518 278,14,15,mistral_table,mistral_table,no
336,ALGANDIA,6,5,-,707,1 591,1 136,5,5,5,-,11 665,68 119,54 316,14,15,mistral_table,mistral_table,no
337,ALTO PARAÍSO DE GOIÁS,4,12,6,470,823,603,1,1,(A),(A),(X),(A),(X),14,15,mistral_table,mistral_table,no
338,ALVORADA DO NORTE,9,46,29,2 740,19 962,6 518,7,7,21,6,61 660,1 027 107,390 273,14,15,mistral_table,mistral_table,no
339,AMERICANO DO BRASIL,-,-,-,-,-,-,9,10,42,21,59 224,2 660 302,767 245,14,15,mistral_table,mistral_table,no
340,AMORINÓPOLIS,10,30,6,1 138,12 378,3 510,6,7,18,8,64 528,940 633,539 799,14,15,mistral_table,mistral_table,no
341,ANHANGUERA,1,(D),(D),(X),(C),(X),2,2,(A),(A),(X),(A),(X),14,15,mistral_table,mistral_table,no
342,ANICUNS,46,292,186,17 991,214 585,66 983,26,28,329,257,2 538 976,26 693 849,13 700 156,14,15,mistral_table,mistral_table,no
343,APARECIDA DE GOIANIA,80,1 013,777,87 134,890 564,422 430,51,58,1 185,1 014,10 355 727,140 067 130,76 964 272,14,15,mistral_table,mistral_table,no
344,APORE,5,13,3,1 481,2 859,2 430,4,4,14,8,55 880,165 530,125 482,14,15,mistral_table,mistral_table,no
345,ARAÇU,8,24,12,1 942,5 777,4 016,9,10,38,25,340 496,2 495 105,530 435,14,15,mistral_table,mistral_table,no
346,ARAGARÇAS,13,54,28,2 639,14 425,8 948,7,7,27,5,71 761,867 970,350 089,14,15,mistral_table,mistral_table,no
347,ARAGOIANIA,20,74,44,5 413,17 533,9 209,5,6,28,15,163 519,890 622,323 301,14,15,mistral_table,mistral_table,no
348,ARAGUAPAZ,-,-,-,-,-,-,6,8,22,13,107 774,974 470,346 282,14,15,mistral_table,mistral_table,no
349,ARENÓPOLIS,-,-,-,-,-,-,6,7,23,14,171 520,774 545,395 608,14,15,mistral_table,mistral_table,no
350,ARUANÁ,10,37,25,2 213,8 038,5 079,4,4,11,2,23 103,288 310,84 130,14,15,mistral_table,mistral_table,no
351,AURILANDIA,10,30,17,1 846,8 266,4 916,9,9,26,14,121 261,330 203,226 027,14,15,mistral_table,mistral_table,no
352,AVELINÓPOLIS,1,(A),(A),(X),(A),(X),6,6,13,7,55 834,192 878,107 084,14,15,mistral_table,mistral_table,no
353,BARRO ALTO,19,78,52,10 693,34 621,18 679,10,12,29,7,68 708,239 507,133 420,14,15,mistral_table,mistral_table,no
354,BELA VISTA DE GOIÁS,37,97,52,8 054,25 242,15 748,21,22,96,58,380 378,2 704 938,1 454 560,14,15,mistral_table,mistral_table,no
355,BOM JARDIM DE GOIÁS,17,61,29,2 372,10 556,6 637,8,9,25,6,63 141,444 598,258 475,14,15,mistral_table,mistral_table,no
356,BOM JESUS DE GOIÁS,11,31,17,2 792,10 847,7 861,22,23,103,58,413 057,1 476 033,765 504,14,15,mistral_table,mistral_table,no
357,BRAZABRANTES,5,25,16,1 222,5 992,3 973,4,4,12,3,24 030,374 998,158 954,14,15,mistral_table,mistral_table,no
358,BRITANIA,12,58,26,5 220,13 981,8 792,9,9,28,11,93 041,963 029,283 195,14,15,mistral_table,mistral_table,no
359,BURITI ALEGRE,18,64,30,3 575,19 291,10 730,23,24,98,59,624 711,2 077 953,1 379 273,14,15,mistral_table,mistral_table,no
360,CABECEIRAS,7,31,16,1 302,3 881,2 178,15,15,71,48,389 935,2 004 131,1 263 495,14,15,mistral_table,mistral_table,no
361,CACHOEIRA ALTA,14,64,30,3 043,45 354,17 401,18,21,73,44,267 744,7 582 330,1 925 923,14,15,mistral_table,mistral_table,no
362,CACHOEIRA DE GOIÁS,1,(A),(A),(X),(A),(X),2,2,(A),(A),(X),(A),(X),14,15,mistral_table,mistral_table,no
363,CACHOEIRA DOURADA,-,-,-,-,-,-,8,10,40,27,238 059,6 865 738,665 484,14,15,mistral_table,mistral_table,no
364,CAÇU,20,95,57,7 028,41 715,19 229,25,29,126,86,542 807,2 400 050,1 104 124,14,15,mistral_table,mistral_table,no
365,CAIPONIA,27,65,41,5 325,37 137,17 946,42,44,152,84,644 358,5 257 128,2 331 973,14,15,mistral_table,mistral_table,no
366,CALDAS NOVAS,34,156,105,11 388,51 494,23 062,23,23,74,35,362 541,2 942 566,1 504 559,14,15,mistral_table,mistral_table,no
367,CAMPESTRE DE GOIÁS,14,44,20,6 173,27 333,21 098,13,13,52,26,296 335,1 226 066,655 960,14,15,mistral_table,mistral_table,no
368,CAMPINAÇU,-,-,-,-,-,-,7,7,11,1,39 692,144 480,90 125,14,15,mistral_table,mistral_table,no
369,CAMPINORTE,33,123,67,6 161,28 158,19 449,23,25,61,54,424 501,17 631 346,10 286 288,14,15,mistral_table,mistral_table,no
370,CAMPO ALEGRE DE GOIÁS,1,(A),(A),(X),(A),(X),12,13,56,34,186 302,444 650,285 600,14,15,mistral_table,mistral_table,no
371,CAMPOS BELOS,12,45,21,3 526,24 294,9 310,11,13,59,43,330 461,2 942 957,1 248 406,14,15,mistral_table,mistral_table,no
372,CARMO 00 R l O VEROE,13,50,26,077,251,6U,15,16,94,53,1 154 794,11 326 523,4 650 587,16,17,pdf_text_layout,mistral_table,no
373,CATALÃO,100,62 1,401,5D 859,685 077,174 631,80,88,1 491,1 022,22 024 757,423 128 050,274 416 057,16,17,pdf_text_layout,mistral_table,no
374,CATURAI.....cccccscsc siri serena rca,2,1a),ta),08),(A),(X3,1,1,(A),(A),(X),(A),(X),16,17,tesseract_por_review,mistral_table,no
375,CAVALCANTE,7,54,33,2 515,16 440,14 804,4,4,16,12,63 350,235 388,170 050,16,17,tesseract_por_review,mistral_table,no
376,CERES,60,35•,180,22 970,508 353,202 947,52,58,281,205,1 548 150,27 464 961,11 653 827,16,17,pdf_text_tokens,mistral_table,no
377,CORREGO,00,OURO,14,639,42 588,12 732,2,3,15,9,54 454,4 800 276,872 588,16,17,pdf_text_tokens,mistral_table,no
378,CORUMBA DE GOIAS,33 373,31 9,48 S98,1 644 250,7D4,587,81,84,626,516,6 267 422,85 045 082,49 328 076,16,17,pdf_text_layout,mistral_table,no
379,"CORUMBAIBA . . . • . . . . . . . . . . . , , , , , . 1B",66,28,4,729,114 903,12 104,9,10,81,59,585 359,36 245 256,20 621 217,16,17,pdf_text_tokens,mistral_table,no
380,CRISTALINA,,,,,,,3,4,19,9,125 750,576 937,232 046,16,17,pdf_text_tokens_partial,mistral_table,yes
381,CRIST!ANOPOLIS. IA) IA) IX),2,(A),(A),(XxX),ta),(XX),3,4,16,7,87 663,372 521,303 599,16,17,tesseract_por_review,mistral_table,no
382,CAIXAS,52 232,1,58,13 501,75 902,46 275,9,10,81,66,1 003 691,8 639 908,5 680 285,16,17,pdf_text_tokens,mistral_table,no
383,CROMIN!A,41,26,2,325 069,7,96D,13,14,65,36,390 444,1 175 068,892 207,16,17,pdf_text_tokens,mistral_table,no
384,CUMAR 1,",,",87,67,5 384,87 321,17 694,16,16,69,46,519 106,4 934 231,1 380 051,16,17,pdf_text_layout,mistral_table,no
385,OAM!ANOPOL!S,3,6,3,285,701,354,3,3,6,3,22 623,165 362,61 346,16,17,tesseract_por_review,mistral_table,no
386,DAMOLANO!A,25,17,2,114,36 363,5 295,5,6,33,26,261 048,5 849 375,556 068,16,17,pdf_text_tokens,mistral_table,no
387,DAV!NOPOLIS,12,1,836,4,244,2 958,5,6,43,31,185 159,2 644 846,1 147 976,16,17,pdf_text_tokens,mistral_table,no
388,OIORAMA,7,27,13,783,5 303,3 351,2,2,(A),(A),(X),(A),(X),16,17,tesseract_por_review,mistral_table,no
389,OOVERLAND!A,-,-,-,-,-,-,14,14,35,17,184 202,665 608,381 648,16,17,tesseract_por_review,mistral_table,no
390,EDEIA,23 122,87,7,15S,27 393,17 132,18,21,89,54,405 425,1 600 840,1 021 583,16,17,pdf_text_tokens,mistral_table,no
391,ESTRELA DO NORTE,38,10,1,703,4 924,40,18,18,57,25,159 475,1 283 735,734 200,16,17,pdf_text_tokens,mistral_table,no
392,FAZENDA NOVA,18,70,29,5 907,38 715,14 830,12,14,50,31,241 848,7 730 222,2 916 005,16,17,pdf_text_tokens,mistral_table,no
393,FIRMINOPOL!S,25,7D,34,4 142,23 342,14 535,19,20,49,18,248 052,739 118,433 176,16,17,pdf_text_tokens,mistral_table,no
394,FLORES DE GOIAS........ccciccsiccec caraca ras,4,20,+2,1 076,10 324,6 889,2,2,(B),(A),(X),(B),(X),16,17,tesseract_por_review,mistral_table,no
395,FORMOSA,75,603,432,55 990,751 850,124 437,72,74,439,299,2 519 207,64 625 363,40 419 008,16,17,pdf_text_tokens,mistral_table,no
396,FORMOSO,25,79,44,2 766,15,477 875,11,11,38,17,139 764,844 058,393 541,16,17,pdf_text_tokens,mistral_table,no
397,ClALHE l ROS,11,1,076,8,487,4 947,-,-,-,-,-,-,-,16,17,pdf_text_tokens,mistral_table,no
398,GOIANAPOLIS,27,13,793,5,303,351,11,11,38,17,1 39 764,844 058,393 541,16,17,pdf_text_tokens,pdf_text_layout,no
399,ClOIANDIRA,12,25,1 448,7,1D9,3 245,20,20,59,35,375 493,988 396,674 228,16,17,pdf_text_tokens,mistral_table,no
400,GO!ANESIA,93,677 444,41,D14,622 740,204 474,49,52,1 034,862,5 891 160,148 872 446,70 999 088,16,17,pdf_text_tokens,mistral_table,no
401,GOlANlRA,18,137,110,11 534,109 164,78 558,11,11,58,37,421 681,2 439 350,1 361 421,16,17,pdf_text_tokens,mistral_table,no
402,GO!AS ••••.•••.••..•. ·\,76,347,216,29 196,141 774,76 530,38,42,237,146,1 441 028,12 724 162,7 290 885,16,17,pdf_text_tokens,mistral_table,no
403,ClOlATUBA,59,297,198,31 217,635 297,203 651,55,61,443,326,4 237 740,78 058 476,17 781 099,16,17,pdf_text_tokens,mistral_table,no
404,GUAPO,58,413,254,17 090,150 877,66 039,14,16,113,88,620 268,13 075 022,2 276 168,16,17,pdf_text_tokens,mistral_table,no
405,GUARANI DE GOIAS . . . . . . . . . . . . . . . . . . . . . . . . . . . . . . . . . 18),,,,,,,-,-,-,-,-,-,-,16,17,pdf_text_tokens_partial,mistral_table,yes
406,HE !TORAI,,,,,,,7,7,18,4,39 201,163 674,84 584,16,17,pdf_text_tokens_partial,mistral_table,yes
407,,,,,,,,22,25,92,61,466 107,3 540 183,2 845 012,16,17,missing,mistral_table,yes
408,HIOROLINA,21,ss,21,1 423,s,670 884,9,10,36,21,131 930,6 509 622,265 987,16,17,pdf_text_tokens,mistral_table,no
409,lACIARA,12,70,45,8 048,107 257,46 256,10,10,135,118,649 799,1 966 856,512 606,16,17,pdf_text_tokens,mistral_table,no
410,lNDlARA,-,-,-,-,-,-,40,40,161,89,1 032 229,4 338 748,2 846 948,16,17,tesseract_por_review,mistral_table,no
411,l NHUMAS,65,452 325,31,639 524,1H,183 363,71,74,465,318,3 266 209,58 786 578,29 339 461,16,17,pdf_text_tokens,mistral_table,no
412,IPAMERI.....elscrsscorarcrrra ca rarsrana sera perros “8,192,121,15,468,108 483,53 060,31,33,196,159,1 512 174,43 580 424,15 012 321,16,17,tesseract_por_review,mistral_table,no
413,IPORA.......cclscc secar erra racer nn ra rss,100,344,193,20 911,172 370,73 690,97,99,260,151,2 110 787,11 843 597,4 298 303,16,17,tesseract_por_review,mistral_table,no
414,ISRAELANDIA.....cscccelraser serranas,,,,,,,4,4,3,1,19 516,81 000,39 800,16,17,tesseract_por_review_partial,mistral_table,yes
415,"ITABERAL,.,,cccrserrrrrserrrerrererera rr earvaros",62,281 159,19,394 248,8189,90 773,31,33,154,108,717 235,12 012 903,5 248 418,16,17,tesseract_por_review,mistral_table,no
416,1 T AClllARU,7,16,(A),386,1105,666,13,16,54,35,422 775,6 563 105,1 063 860,16,17,tesseract_por_review,mistral_table,no
417,ITA.JA,34,148,102,8 688,82 732,31 227,52,53,290,65,439 108,5 279 586,1 569 724,16,17,pdf_text_tokens,mistral_table,no
418,ITAPACI,29,94,32 384,ZD,847,12 198,20,22,137,103,2 392 460,13 685 711,2 591 030,16,17,pdf_text_tokens,mistral_table,no
419,ITAPIRAPUÁ,33,115,64,8 061,31 969,18 163,16,16,60,30,264 831,5 743 318,2 285 624,18,19,mistral_table,mistral_table,no
420,ITAPURANGA,68,287,188,17 214,112 958,56 575,58,59,263,170,2 302 017,26 168 531,13 818 866,18,19,mistral_table,mistral_table,no
421,ITARUMÃ,6,44,36,1 128,3 906,3 153,25,25,90,40,290 630,1 814 917,1 434 608,18,19,mistral_table,mistral_table,no
422,ITAUQU,25,331,252,20 244,482 814,216 875,9,10,196,159,1 279 372,31 840 826,11 987 796,18,19,mistral_table,mistral_table,no
423,ITUMBIARA,166,1 241,728,128 785,2 607 391,993 892,119,145,1 569,979,16 863 301,318 890 974,117 864 291,18,19,mistral_table,mistral_table,no
424,IVOLANDIA,2,(B),(A),(X),(A),(X),2,2,(A),(A),(X),(X),(X),18,19,mistral_table,mistral_table,no
425,JANDAIA,15,41,19,2 894,91 903,20 300,20,21,266,207,3 845 845,75 300 210,42 266 646,18,19,mistral_table,mistral_table,no
426,JARAGUA,47,136,82,5 492,84 646,35 447,38,42,230,172,1 083 179,14 081 000,6 201 426,18,19,mistral_table,mistral_table,no
427,JATAI,144,842,550,71 333,840 427,361 208,132,141,1 096,828,8 046 538,125 642 012,47 262 095,18,19,mistral_table,mistral_table,no
428,JAUPACI,5,18,12,735,3 276,1 936,5,5,13,6,45 714,106 722,82 782,18,19,mistral_table,mistral_table,no
429,JOVIANA,11,25,6,1 003,3 120,2 315,9,11,29,14,155 409,628 277,450 198,18,19,mistral_table,mistral_table,no
430,JUSSARA,78,365,211,27 366,158 991,70 461,26,30,124,82,665 387,21 346 861,6 765 632,18,19,mistral_table,mistral_table,no
431,LEOPOLDO DE BULHÕES,14,44,16,2 363,8 526,5 488,10,13,35,14,102 549,508 213,312 820,18,19,mistral_table,mistral_table,no
432,LUZIANIA,182,956,607,62 896,933 507,377 008,94,95,695,481,3 751 854,49 409 405,16 952 056,18,19,mistral_table,mistral_table,no
433,MAIRIPOTABA,5,21,16,2 367,4 928,4 339,3,5,42,35,387 915,2 452 271,2 233 940,18,19,mistral_table,mistral_table,no
434,MAMBAI,2,(A),(A),(X),(A),(X),4,4,11,7,222 300,886 125,134 500,18,19,mistral_table,mistral_table,no
435,MARA ROSA,47,164,77,8 275,27 974,17 169,44,45,127,70,599 079,9 935 853,1 212 608,18,19,mistral_table,mistral_table,no
436,MARZAGÃO,1,(A),(A),(X),(A),(X),2,2,(B),(A),(X),(B),(X),18,19,mistral_table,mistral_table,no
437,MAURILANDIA,12,32,14,1 830,7 595,4 859,5,5,10,2,31 060,446 565,128 042,18,19,mistral_table,mistral_table,no
438,MINAQU,28,2 265,1 078,443 065,3 220 789,2 711 491,24,25,1 596,1 253,51 467 977,316 774 115,199 098 750,18,19,mistral_table,mistral_table,no
439,MINEIROS,58,291,205,19 618,92 836,51 153,68,72,297,211,2 306 807,11 066 760,6 496 050,18,19,mistral_table,mistral_table,no
440,MOIPORA,5,12,5,829,3 377,3 009,5,6,23,14,100 713,256 865,171 944,18,19,mistral_table,mistral_table,no
441,MONTE ALEGRE DE GOIAS,6,81,61,7 375,29 596,20 545,3,3,6,3,25 800,105 500,37 500,18,19,mistral_table,mistral_table,no
442,MONTES CLAROS DE GOIAS,22,51,17,4 937,11 568,6 741,9,10,34,19,131 171,1 283 867,534 321,18,19,mistral_table,mistral_table,no
443,MORRINHOS,63,341,238,22 126,249 861,83 379,49,50,360,242,2 025 867,36 396 682,6 511 136,18,19,mistral_table,mistral_table,no
444,MOSSAMEDES,16,45,19,2 152,14 698,7 060,21,21,53,29,107 077,1 478 766,822 014,18,19,mistral_table,mistral_table,no
445,MOZARLANDIA,14,48,25,2 386,10 030,6 418,18,18,88,59,515 042,3 694 710,1 973 068,18,19,mistral_table,mistral_table,no
446,MUNDO NOVO,-,-,-,-,-,-,11,13,6,24,170 754,937 780,373 131,18,19,mistral_table,mistral_table,no
447,MUTUNOPOLIS,14,32,14,1 842,8 256,5 338,9,11,52,27,209 428,6 609 621,290 636,18,19,mistral_table,mistral_table,no
448,NAZARIO,17,73,37,3 576,13 561,9 416,19,19,138,109,873 453,12 674 537,3 887 259,18,19,mistral_table,mistral_table,no
449,NEROPOLIS,31,220,158,12 809,113 995,31 341,23,24,137,91,645 725,8 959 337,4 178 811,18,19,mistral_table,mistral_table,no
450,NIQUELANDIA,54,1 447,1 034,167 303,174 076,47 390,61,68,2 736,2 444,44 688 449,388 577 784,262 315 908,18,19,mistral_table,mistral_table,no
451,NOVA AMERICA,-,-,-,-,-,-,6,7,14,10,96 419,5 094 049,189 618,18,19,mistral_table,mistral_table,no
452,NOVA AURORA,6,11,4,543,2 521,1 682,10,11,33,19,165 590,368 933,217 208,18,19,mistral_table,mistral_table,no
453,NOVA CRIXAS,-,-,-,-,-,-,19,19,85,57,456 166,1 847 173,975 208,18,19,mistral_table,mistral_table,no
454,NOVA GLORIA,-,-,-,-,-,-,27,27,73,35,231 356,793 028,502 297,18,19,mistral_table,mistral_table,no
455,NOVA ROMA,2,(C),(B),(X),(B),(X),3,3,116,94,1 529 145,5 591 464,2 967 894,18,19,mistral_table,mistral_table,no
456,NOVA VENEZA,13,63,46,2 840,13 094,8 899,16,16,50,22,162 623,1 565 416,718 560,18,19,mistral_table,mistral_table,no
457,NOVO BRASIL,15,43,20,3 914,49 007,11 227,8,9,30,20,177 202,3 108 093,1 785 168,18,19,mistral_table,mistral_table,no
458,ORIZONA,34,52,31,6 804,54 589,47 385,11,12,40,25,197 400,962 497,590 966,18,19,mistral_table,mistral_table,no
459,OURO VERDE DE GOIAS,5,11,5,376,1 522,930,5,5,13,4,24 666,1 986 616,986 327,18,19,mistral_table,mistral_table,no
460,OUVIDOR,20,903,697,199 170,2 155 334,1 121 465,9,14,858,732,17 587 588,196 625 213,111 154 531,18,19,mistral_table,mistral_table,no
461,PADRE BERNARDO,27,118,72,4 849,42 186,31 222,36,37,124,84,662 672,2 284 248,1 384 598,18,19,mistral_table,mistral_table,no
462,PALMEIRAS DE GOIAS,79,819,515,134 147,2 311 659,964 962,45,58,827,747,10 200 328,177 115 867,118 067 663,18,19,mistral_table,mistral_table,no
463,PALMELO,3,10,6,543,1 561,1 074,3,3,9,5,13 842,252 220,114 237,18,19,mistral_table,mistral_table,no
464,PALMINOPOLIS,6,20,10,2 537,24 846,8 273,17,18,49,32,278 980,1 487 497,788 839,18,19,mistral_table,mistral_table,no
465,PANAMA,3,9,2,422,2 416,970,1,2,(B),(B),(X),(E),(X),18,19,mistral_table,mistral_table,no
466,PARANAIGUARA,14,40,21,3 413,13 499,8 586,14,15,40,23,256 177,726 430,437 178,20,21,mistral_markdown,mistral_table,no
467,PARAUNA,21,61,30,4 511,119 365,17 405,16,21,56,32,271 037,1 334 224,719 468,20,21,mistral_markdown,mistral_table,no
468,PETROLINA DE GOIAS,27,65,23,3 645,17 631,13 283,20,21,58,31,245 165,4 015 289,812 324,20,21,mistral_markdown,mistral_table,no
469,PILAR DE GOIAS,10,36,21,2 243,6 292,1 486,-,-,-,-,-,-,-,20,21,mistral_markdown,mistral_table,no
470,PIRACANJUBA,57,447 266,34 646,1,598 958,698 186,41,45,254,175,1 825 932,46 975 541,20 847 348,20,21,mistral_markdown,mistral_table,no
471,PIRAMHAS,46,167,97,10 565,72 359,28 757,15,17,88,63,492 974,4 829 397,2 113 185,20,21,mistral_markdown,mistral_table,no
472,PIRENOPOLIS,97,500,395,42 247,94 964,78 936,128,129,331,210,3 510 283,8 363 812,5 559 247,20,21,mistral_markdown,mistral_table,no
473,PIRES DO RIO,55,488 319,39 269,1,618 334,222 633,28,33,517,467,4 301 893,117 373 344,16 177 950,20,21,mistral_markdown,mistral_table,no
474,PLANALTINA,11,81,36,5 465,82 495,54 428,18,19,132,86,1 069 223,8 183 953,5 570 725,20,21,mistral_markdown,mistral_table,no
475,PONTALINA,41,132,65,10 432,161 313,69 450,15,17,62,37,399 714,6 543 704,1 159 281,20,21,mistral_markdown,mistral_table,no
476,PORANGATU,71,233,109,11 275,55 492,34 156,71,73,333,212,1 548 327,27 801 228,17 617 372,20,21,mistral_markdown,mistral_table,no
477,PORTELANDIA,3,38,29,1 130,4 038,2 026,4,4,35,31,210 438,727 745,515 882,20,21,mistral_markdown,mistral_table,no
478,POSSE,27,90,39,4 130,33 357,13 988,24,24,140,101,265 702,1 578 138,895 097,20,21,mistral_markdown,mistral_table,no
479,QUIRINOPOLIS,94,404,189,25 204,266 534,130 626,110,112,513,319,2 367 095,26 753 526,10 631 634,20,21,mistral_markdown,mistral_table,no
480,RIALMA,23,138,82,5 779,171 732,32 363,21,22,242,206,1 609 655,142 196 656,16 072 625,20,21,mistral_markdown,mistral_table,no
481,RIANAPOLIS,11,38,18,1 263,9 925,3 786,11,11,76,59,814 410,17 644 655,2 836 973,20,21,mistral_markdown,mistral_table,no
482,RIO VERDE,132,688,417,52 407,671 711,242 405,97,107,1 133,619,12 309 263,251 246 116,66 989 039,20,21,mistral_markdown,mistral_table,no
483,RUBIATABA,44,151,71,7 053,38 647,16 380,57,59,140,53,595 476,4 388 457,1 801 219,20,21,mistral_markdown,mistral_table,no
484,SANCLERLANDIA,36,129,84,6 800,100 402,37 337,30,32,115,67,470 025,14 742 584,3 702 895,20,21,mistral_markdown,mistral_table,no
485,SANTA BARBARA DE GOIAS,10,54,37,3 144,11 793,7 896,7,8,30,17,89 914,422 015,250 880,20,21,mistral_markdown,mistral_table,no
486,SANTA CRUZ DE GOIAS,2,(B),(B),(X),(A),(X),-,1,(A),(A),(X),(A),(X),20,21,mistral_markdown,mistral_table,no
487,SANTA HELENA DE GOIAS,44,406 288,33 797,1,283 054,490 171,46,51,579,475,6 586 476,237 578 203,83 996 087,20,21,mistral_markdown,mistral_table,no
488,SANTA ISABEL,,,,,,,1,1,(A),(A),(X),(A),(X),20,21,mistral_markdown_partial,mistral_table,yes
489,SANTA RITA DO ARAGUAIA,13,49,21,2 372,30 580,8 848,13,13,42,21,325 460,2 237 866,1 004 725,20,21,mistral_markdown,mistral_table,no
490,SANTA ROSA DE GOIAS,8,56,32,2 774,47 430,8 517,6,6,8,-,12 700,301 837,138 359,20,21,mistral_markdown,mistral_table,no
491,SANTA TEREZA DE GOIAS,15,490,2,858,1,490,11,11,29,11,69 460,483 505,179 388,20,21,pdf_text_tokens,mistral_table,no
492,SANTA TEREZINHA DE GOIAS,25,44,16,1 824,5 647,3 593,24,26,91,54,418 658,5 183 533,408 147,20,21,mistral_markdown,mistral_table,no
493,SANTO ANTONIO DO DESCOB. RTO,-,-,-,-,-,-,5,5,24,11,184 064,817 284,677 139,20,21,tesseract_por_review,mistral_table,no
494,SÃO DOMINGOS,11,39,28,2 877,7 000,4 436,4,4,20,14,119 397,298 454,92 539,20,21,mistral_markdown,mistral_table,no
495,SÃO FRANCISCO DE GOIAS,10,11,3,627,2 722,1 704,6,6,135,106,858 123,7 232 431,1 827 951,20,21,mistral_markdown,mistral_table,no
496,SÃO JOÃO D'ALIANÇA,3,8,2,226,2 150,1 430,4,4,68,63,284 534,4 192 287,3 345 883,20,21,mistral_markdown,mistral_table,no
497,SÃO LUIS DE MONTES BELOS,69,302,171,15 440,337 687,177 128,71,76,370,250,2 005 562,32 871 942,6 515 161,20,21,mistral_markdown,mistral_table,no
498,SÃO MIQUEL DO ARAGUAIA,39,125,62,15 028,125 924,42 888,32,35,125,75,688 502,6 686 524,2 516 785,20,21,mistral_markdown,mistral_table,no
499,SÃO SIMÃO,25,92,57,6 422,30 020,16 813,27,28,99,53,362 233,1 132 117,594 408,20,21,mistral_markdown,mistral_table,no
500,SERRANOPOLIS,7,14,7,816,4 028,1 661,8,9,175,166,2 587 315,38 980 650,20 992 499,20,21,mistral_markdown,mistral_table,no
501,SILVANIA,21,125,92,7 172,43 070,31 996,18,19,116,84,596 746,3 087 775,1 922 470,20,21,mistral_markdown,mistral_table,no
502,SITIO D'ABADIA,1,(A),(A),(X),(B),(X),-,-,-,-,-,-,-,20,21,mistral_markdown,mistral_table,no
503,TAQUARAL DE GOIAS,21,53,23,5 625,24 274,12 944,24,25,82,34,717 120,7 382 632,1 940 621,20,21,mistral_markdown,mistral_table,no
504,TRES RANCHOS,5,21,13,1 519,4 019,2 743,7,7,1,-,85 500,181 508,144 288,20,21,mistral_markdown,mistral_table,no
505,TRINDADE,79,630,423,45 221,540 167,116 703,57,60,377,265,2 428 668,54 903 802,10 710 519,20,21,mistral_markdown,mistral_table,no
506,TURVANIA,14,48,18,2 664,10 322,5 282,11,12,26,13,129 994,579 392,392 467,20,21,mistral_markdown,mistral_table,no
507,URUAÇU,56,249,138,13 418,56 681,38 090,52,53,236,158,1 873 914,9 358 537,4 165 709,20,21,mistral_markdown,mistral_table,no
508,URUANA,39,106,55,4 272,20 370,10 607,28,28,76,44,452 889,4 198 069,2 497 805,20,21,mistral_markdown,mistral_table,no
509,URUTAI,4,8,2,249,717,391,7,7,11,4,59 365,195 602,154 166,20,21,mistral_markdown,mistral_table,no
510,VARJÃO,11,27,13,2 263,6 282,3 868,14,15,56,33,371 836,1 086 710,637 707,20,21,mistral_markdown,mistral_table,no
511,VIANOPOLIS,17,58,28,1 910,11 638,6 511,12,13,37,15,143 589,773 406,383 419,20,21,mistral_markdown,mistral_table,no
512,VICENTINOPOLIS,-,-,-,-,-,-,4,5,16,11,57 114,135 554,113 813,20,21,mistral_markdown,mistral_table,no
513,DISTRITO FEDERAL,,,,,,,783,1 066,15 548,10 299,246 051 284,1 718 887 690,985 346 112,22,23,mistral_table_partial,mistral_table,yes
514,EXTRATIVA MINERAL,26,293,169,83,522 206,933 151,3,8,157,148,1 989 746,29 244 715,20 589 407,22,23,mistral_table,mistral_table,no
515,TR~NSFORMAÇÂO,1 171,1 5 247,9 700,2 857 406,14 690 71~,893 639,780,1 058,16 391,10 151,246 061 538,1 689 642 975,964 756 705,22,23,pdf_text_layout,mistral_table,no
516,MECANICA,68,1 E16,1 220,365 720,677 803,578 276,52,75,1 250,735,17 697 998,273 616 501,160 727 763,22,23,pdf_text_layout,mistral_table,no
517,METALÚRGICA,,,,,,,138,155,1 083,632,12 095 351,69 930 899,44 018 772,22,23,mistral_table_partial,mistral_table,yes
518,MECÂNICA,68,1 616,1 220,365 720,677 803,578 278,35,61,1 329,1 054,19 741 454,58 429 211,48 083 536,22,23,mistral_table,mistral_table,no
519,MATERIAL ELÉTRICO,38,662,382,235,042 644,927 479,22,53,1 566,930,48 059 540,230 699 037,194 685 762,22,23,mistral_table,mistral_table,no
520,TRANSPORTE,20,297,183,123,452 219,105 117,16,29,264,179,4 702 807,9 075 748,7 787 923,22,23,mistral_table,mistral_table,no
521,MADEIRA,23,272,173,62,577 221,700 145,10,12,206,142,2 710 192,12 380 608,7 533 138,22,23,mistral_table,mistral_table,no
522,MOBILIÁRIO,74,979,679,130 895,1 269,000 796,70,78,175,917,9 227 223,73 137 180,25 895 467,22,23,mistral_table,mistral_table,no
523,PAPEL E PAPELÃO,6,27,10,11 970,6 663,2,5,11,103,45,3 140 069,17 763 421,14 444 501,22,23,mistral_table,mistral_table,no
524,BORRACHA,8,80,57,22 638,98 062,71,4,8,120,77,2 582 170,12 233 644,6 655 201,22,23,mistral_table,mistral_table,no
525,COUROS E PELES,,,,,,,5,22,220,51,8 182 426,25 708 390,19 224 860,22,23,mistral_table_partial,mistral_table,yes
526,QUÍMICA,20,211,15,86,914 209,409 124,5,22 220,S1,182 426,2S,708 360,19 224 860,22,23,mistral_table,pdf_text_layout,no
527,F ARMACEUT! CA,7,(E),(A),(X),(AI,(X),-,4,85,-,1 957 559,-,-,22,23,pdf_text_layout,mistral_table,no
528,PERFUMÁRIA,5,25,5,10 690,80 267,78,2,5,44,6,1 497 262,4 822 810,4 553 689,22,23,mistral_table,mistral_table,no
529,MATS. PLÁSTICAS,9,81,53,12 042,51 981,19,8,10,164,110,1 272 975,32 707 535,19 852 635,22,23,mistral_table,mistral_table,no
530,TEXT I L,1,(A),(A),(X),(A),(X),3,3,7,3,39 940,123 775,81 334,22,23,pdf_text_tokens,mistral_table,no
531,VESTUÁRIO,102,471,286,49 739,156 179,96,92,97,733,468,7 546 285,26 882 086,11 628 835,22,23,mistral_table,mistral_table,no
532,ALIMENTARES,,,,,,,183,227,3 913,2 437,39 592 475,597 800 777,246 566 180,22,23,mistral_table_partial,mistral_table,yes
533,BEBIDAS,13,621,421,101,055 712,151 330,4,9,577,403,8 501 630,78 186 658,40 900 916,22,23,mistral_table,mistral_table,no
534,FUMO,4,86,15,36 671,2 467,2,-,2,(E),(A),(X),(B),(X),22,23,mistral_table,tesseract_por_review,no
535,GRAFICA,1 56,2 278,1 068,590 547,1 791 364,1 177 810,98,156,3 269,1 851,52 730 001,159 220 740,107 465 690,22,23,pdf_text_layout,mistral_table,no
536,DIVERSAS,55,303,177,32,307 152,731 113,31,38,235,110,2 455 187,6 341 841,4 084 139,22,23,mistral_table,mistral_table,no
