source_image,page,table_id,row_type,rank_1960_12_31,rank_1960_06_30,rank_1959_12_31,rank_1959_06_30,bank,bank_footnote_marks,deposits_millions_cruzeiros_raw,deposits_millions_cruzeiros,rank_or_amount_marked_x
bank_depost_1_1960.jpg,1,tbl-0.md,bank,1,1,1,1,Banco do Brasil S.A.,,244.335,244335,no
bank_depost_1_1960.jpg,1,tbl-0.md,bank,2,2,2,2,Banco do Estado de São Paulo S.A.,,42.336,42336,no
bank_depost_1_1960.jpg,1,tbl-0.md,bank,3,3,3,3,Banco da Lavoura de Minas Gerais S.A.,,29.487,29487,no
bank_depost_1_1960.jpg,1,tbl-0.md,bank,4,4,4,4,Banco Nacional de Minas Gerais S.A.,,22.002,22002,no
bank_depost_1_1960.jpg,1,tbl-0.md,bank,5,5,5,5,Banco de Crédito Real de Minas Gerais S.A.,,20.159,20159,no
bank_depost_1_1960.jpg,1,tbl-0.md,bank,6,7,7,7,Banco Moreira Salles S.A.,,17.466,17466,no
bank_depost_1_1960.jpg,1,tbl-0.md,bank,7,6,6,6,Banco Mercantil de São Paulo S.A.,,16.540,16540,no
bank_depost_1_1960.jpg,1,tbl-0.md,bank,8,8,8,11,Banco Brasileiro de Descontos S.A.,,16.179,16179,no
bank_depost_1_1960.jpg,1,tbl-0.md,bank,9,10,11,8,Banco Comércio e Indústria de Minas Gerais S.A.,,12.809,12809,no
bank_depost_1_1960.jpg,1,tbl-0.md,bank,10,11,9,9,Banco do Comércio e Indústria de São Paulo S.A.,,12.524,12524,no
bank_depost_1_1960.jpg,1,tbl-0.md,bank,11,13,12,10,Banco Comercial do Estado de São Paulo S.A.,,12.216,12216,no
bank_depost_1_1960.jpg,1,tbl-0.md,bank,12,9,10,12,The First National City Bank of New York,,12.145,12145,no
bank_depost_1_1960.jpg,1,tbl-0.md,bank,13,12,13,13,Banco Mineiro da Produção S.A.,,12.079,12079,no
bank_depost_1_1960.jpg,1,tbl-0.md,bank,14,14,14,14,Banco Boavista S.A.,,9.595,9595,no
bank_depost_1_1960.jpg,1,tbl-0.md,bank,15,17,17,21,Banco Noroeste do Estado de São Paulo S.A.,,8.033,8033,no
bank_depost_1_1960.jpg,1,tbl-0.md,bank,16,20,18,19,Banco de São Paulo S.A.,,7.780,7780,no
bank_depost_1_1960.jpg,1,tbl-0.md,bank,17,18,20,17,Banco Hipot. e Agrícola do Est. de Minas Gerais S.A.,,6.979,6979,no
bank_depost_1_1960.jpg,1,tbl-0.md,bank,18,15,16,16,Banco da Província do Rio Grande do Sul S.A.,,6.921,6921,no
bank_depost_1_1960.jpg,1,tbl-0.md,bank,19,16,15,15,Banco Hipotecário Lar Brasileiro S.A.,,6.669,6669,no
bank_depost_1_1960.jpg,1,tbl-0.md,bank,20,19,22,18,Banco de Minas Gerais S.A.,,6.584,6584,no
bank_depost_1_1960.jpg,1,tbl-0.md,bank,21,34,23,33,Banco Comercial do Paraná S.A.,,6.310,6310,no
bank_depost_1_1960.jpg,1,tbl-0.md,bank,22,24,29,20,Banco Indústria e Comércio de Santa Catarina S.A.,,5.862,5862,no
bank_depost_1_1960.jpg,1,tbl-0.md,bank,23,21,19,25,Banco da Bahia S.A.,,5.827,5827,no
bank_depost_1_1960.jpg,1,tbl-0.md,bank,24,22,21,28,Banco Econômico da Bahia S.A.,,5.656,5656,no
bank_depost_1_1960.jpg,1,tbl-0.md,bank,25,25,25,22,Banco do Nordeste do Brasil S.A.,,5.550,5550,no
bank_depost_1_1960.jpg,1,tbl-0.md,bank,26,33,33,32,Banco Predial do Estado do Rio de Janeiro S.A.,,5.425,5425,no
bank_depost_1_1960.jpg,1,tbl-0.md,bank,27,28,31,24,Banco Novo Mundo S.A.,,5.343,5343,no
bank_depost_1_1960.jpg,1,tbl-0.md,bank,28,26,27,31,Banco Português do Brasil S.A.,,5.301,5301,no
bank_depost_1_1960.jpg,1,tbl-0.md,bank,29,31,24,26,Banco Brasul de São Paulo S.A.,,5.266,5266,no
bank_depost_1_1960.jpg,1,tbl-0.md,bank,30,27,26,27,Banco da América S.A.,,5.217,5217,no
bank_depost_1_1960.jpg,1,tbl-0.md,bank,31,32,36,35,Banco Francês e Italiano para a América do Sul S.A.,,5.150,5150,no
bank_depost_1_1960.jpg,1,tbl-0.md,bank,32,30,28,30,Bank of London & South America Ltd.,,5.082,5082,no
bank_depost_1_1960.jpg,1,tbl-0.md,bank,33,23,32,23,Banco do Estado do Rio Grande do Sul S.A.,,4.999,4999,no
bank_depost_1_1960.jpg,1,tbl-0.md,bank,34,35,30,36,Banco Itaú S.A.,,4.956,4956,no
bank_depost_1_1960.jpg,1,tbl-0.md,bank,35,29,34,29,Banco Nacional do Comércio S.A.,,4.940,4940,no
bank_depost_1_1960.jpg,1,tbl-0.md,bank,36,37,40,41,Banco Mercantil de Minas Gerais S.A.,,4.367,4367,no
bank_depost_1_1960.jpg,1,tbl-0.md,bank,37,36,37,39,Banco Francês e Brasileiro S.A.,,4.342,4342,no
bank_depost_1_1960.jpg,1,tbl-0.md,bank,38,38,38,34,Banco Irmãos Guimarães S.A.,,4.210,4210,no
bank_depost_1_1960.jpg,1,tbl-0.md,bank,39,42,49,50,Banco do Povo S.A.,,3.808,3808,no
bank_deposit_2_1960.jpg,1,tbl-0.md,bank,40,39,39,38,Banco Auxiliar de São Paulo S.A.,,3.772,3772,yes
bank_deposit_2_1960.jpg,1,tbl-0.md,bank,41,40,41,45,Banco América do Sul S.A.,,3.683,3683,no
bank_deposit_2_1960.jpg,1,tbl-0.md,bank,42,44,43,40,Banco do Estado da Guanabara S.A.,,3.559,3559,no
bank_deposit_2_1960.jpg,1,tbl-0.md,bank,43,48,45,53,Banco Mercantil e Industrial do Paraná S.A.,,3.488,3488,no
bank_deposit_2_1960.jpg,1,tbl-0.md,bank,44,41,35,37,Banco Bandeirantes do Comércio S.A.,*,3.387,3387,no
bank_deposit_2_1960.jpg,1,tbl-0.md,bank,45,43,44,42,Banco Industrial e Comercial do Sul S.A.,,3.212,3212,yes
bank_deposit_2_1960.jpg,1,tbl-0.md,bank,46,45,42,51,Banco Paulista do Comércio S.A.,,3.016,3016,no
bank_deposit_2_1960.jpg,1,tbl-0.md,bank,47,47,54,56,The First National Bank of Boston,,2.820,2820,no
bank_deposit_2_1960.jpg,1,tbl-0.md,bank,48,52,46,44,Banco Andrade Arnaud S.A.,,2.803,2803,no
bank_deposit_2_1960.jpg,1,tbl-0.md,bank,49,51,53,55,Banco Nacional do Norte S.A.,,2.662,2662,no
bank_deposit_2_1960.jpg,1,tbl-0.md,bank,50,46,50,47,Banco Agrícola Mercantil S.A.,,2.568,2568,yes
bank_deposit_2_1960.jpg,1,tbl-0.md,bank,51,50,47,49,Banco do Comércio S.A.,,2.535,2535,no
bank_deposit_2_1960.jpg,1,tbl-0.md,bank,52,54,56,58,Banco Federal de Crédito S.A.,,2.535,2535,no
bank_deposit_2_1960.jpg,1,tbl-0.md,bank,53,49,48,52,Banco Nacional do Comércio de São Paulo S.A.,,2.438,2438,no
bank_deposit_2_1960.jpg,1,tbl-0.md,bank,54,53,52,46,Banco Ultramarino Brasileiro S.A.,,2.317,2317,no
bank_deposit_2_1960.jpg,1,tbl-0.md,bank,55,55,51,48,Banco Sul Americano do Brasil S.A.,,2.164,2164,yes
bank_deposit_2_1960.jpg,1,tbl-0.md,bank,56,57,55,57,Banco Nacional de Pernambuco S.A.,**,2.068,2068,no
bank_deposit_2_1960.jpg,1,tbl-0.md,bank,57,58,59,,Banco Mogiano do Comércio e Indústria S.A.,***,1.777,1777,no
bank_deposit_2_1960.jpg,1,tbl-0.md,bank,58,56,57,54,The Royal Bank of Canada,,1.674,1674,no
bank_deposit_2_1960.jpg,1,tbl-0.md,bank,59,59,60,,Banco Ribeiro Junqueira S.A.,,1.531,1531,no
bank_deposit_2_1960.jpg,1,tbl-0.md,bank,60,61,,,Banco A.E. Carvalho S.A.,,1.496,1496,yes
bank_deposit_2_1960.jpg,1,tbl-0.md,bank,61,63,,,Banco Comércio e Indústria de Pernambuco S.A.,,1.411,1411,no
bank_deposit_2_1960.jpg,1,tbl-0.md,bank,62,60,58,,Banco do Estado do Paraná S.A.,,1.409,1409,no
bank_deposit_2_1960.jpg,1,tbl-0.md,bank,63,62,61,,Banco Crédito e Com. de Minas Gerais S.A.,***,1.327,1327,no
bank_deposit_2_1960.jpg,1,tbl-0.md,bank,64,64,,,Banco Mercantil de Niterói S.A.,,1.283,1283,no
bank_deposit_2_1960.jpg,1,tbl-0.md,bank,65,65,,,Banco de Crédito Nacional S.A.,,1.202,1202,yes
bank_deposit_2_1960.jpg,1,tbl-0.md,bank,66,,,,Banco Faro S.A.,,1.132,1132,no
bank_deposit_2_1960.jpg,1,tbl-0.md,bank,67,,,,Banco Belo Horizonte S.A.,,1.077,1077,no
bank_deposit_2_1960.jpg,1,tbl-0.md,bank,68,,,,Banco do Estado do Rio de Janeiro S.A.,,1.071,1071,no
bank_deposit_2_1960.jpg,1,tbl-0.md,bank,69,,,,Banco Holandês Unido S.A.,,1.051,1051,no
bank_deposit_2_1960.jpg,1,tbl-0.md,bank,70,,,,Banco F. Barretto S.A.,,1.043,1043,no
bank_deposit_2_1960.jpg,1,tbl-0.md,bank,71,,,,Banco Lowndes S.A.,,1.011,1011,no
bank_deposit_2_1960.jpg,1,tbl-0.md,total,,,,,TOTAL,,688.970,688970,no
