source_file,section,spread_index,left_page,right_page,left_table_id,right_table_id,pair_record_index,right_subrow_index,alignment_status,state,company,municipality,plant,installation_year,energy_source,primary_motor_type,primary_motor_number,primary_motor_hp,transmission_line_km,distribution_line_km,transmission_voltage,distribution_voltage,current_type,phases,cycles,transformer_stations,personnel,municipality_plant_location,electrical_installation_capacity_hp,total_waterfall_capacity_hp,waterfall_height_m,extension_m,adduction_material,pipe_diameter_mm,pipe_thickness_mm,watercourse_used,reservoir_capacity_m3,raw_left_cells_json,raw_right_cells_json
table_1_all.pdf,section_ii,1,33,34,tbl-93.md,tbl-95.md,1,1,matched,Bahia,Companhia Brasileira de Energia Eléctrica,,Bananeiras,,,,,,110,—,44000,110,,,,1,,Cachoeira,15600,30000,35,1500,Aço e cimento.,3800,20,Rio Paraguassú.,—,"[""Companhia Brasileira de Energia Eléctrica"", ""Cachoeira"", ""Bananeiras"", ""15 600"", ""30 000"", ""35"", ""1 500""]","[""Aço e cimento."", ""3.800"", ""20"", ""110"", ""—"", ""44.000"", ""110"", ""1"", ""Rio Paraguassú."", ""—""]"
table_1_all.pdf,section_ii,1,33,34,tbl-93.md,tbl-95.md,2,1,matched,Bahia,Companhia Luz e Força,,—,,,,,,59,9,21500,220,,,,1,,Ilhéos,900,—,21,163,Aço.,1200,6,Rio Itahype ou Almada.,—,"[""Companhia Luz e Força"", ""Ilhéos"", ""—"", ""900"", ""—"", ""21"", ""163""]","[""Aço."", ""1.200"", ""6"", ""59"", ""9"", ""21.500"", ""220"", ""1"", ""Rio Itahype ou Almada."", ""—""]"
table_1_all.pdf,section_ii,1,33,34,tbl-93.md,tbl-95.md,3,1,matched,Bahia,Companhia Valença Industrial,,Nossa Senhora do Amparo,,,,,,5,—,220,220,,,,—,,Valença,100,1000,5,—,—,—,—,Rio Una.,—,"[""Companhia Valença Industrial"", ""Valença"", ""Nossa Senhora do Amparo"", ""100"", ""1 000"", ""5"", ""—""]","[""—"", ""—"", ""—"", ""5"", ""—"", ""220"", ""220"", ""—"", ""Rio Una."", ""—""]"
table_1_all.pdf,section_ii,1,33,34,tbl-93.md,tbl-96.md,4,1,matched,Espírito Santo,"C Força e Luz, Limitada, de Affonso Claudio",,Barra do Rio do Peixe,,,,,,2,3,2200,220,,,,—,,Affonso Claudio,20,2000,10,—,Canal.,—,—,Rio do Peixe.,—,"[""C Força e Luz, Limitada, de Affonso Claudio"", ""Affonso Claudio"", ""Barra do Rio do Peixe"", ""20"", ""2 000"", ""10"", ""—""]","[""Canal."", ""—"", ""—"", ""2"", ""3"", ""2.200"", ""220"", ""—"", ""Rio do Peixe."", ""—""]"
table_1_all.pdf,section_ii,1,33,34,tbl-93.md,tbl-96.md,5,1,matched,Espírito Santo,Empresa Força e Luz Alegre-Veado,,—,,,,,,20,12,6600,220,,,,—,,Alegre,300,300,100,240,Aço doce.,60,5,Rio Alegre.,—,"[""Empresa Força e Luz Alegre-Veado"", ""Alegre"", ""—"", ""300"", ""300"", ""100"", ""240""]","[""Aço doce."", ""60"", ""5"", ""20"", ""12"", ""6.600"", ""220"", ""—"", ""Rio Alegre."", ""—""]"
table_1_all.pdf,section_ii,1,33,34,tbl-93.md,tbl-96.md,6,1,matched,Espírito Santo,André Carloni,,—,,,,,,1,4,2300,220,,,,1,,Cachoeiro de Santa Leopoldina,120,—,5,—,Canal.,—,—,Rio Santa Maria.,3000,"[""André Carloni"", ""Cachoeiro de Santa Leopoldina"", ""—"", ""120"", ""—"", ""5"", ""—""]","[""Canal."", ""—"", ""—"", ""1"", ""4"", ""2.300"", ""220"", ""1"", ""Rio Santa Maria."", ""3.000""]"
table_1_all.pdf,section_ii,1,33,34,tbl-93.md,tbl-96.md,7,1,matched,Espírito Santo,Comp Serviços Reunidos do Itapemirim,,Fructeiras,,,,,,42,—,30000,3000,,,,2,,Cachoeiro do Itapemirim,4077,4100,220,900,Aço.,900,10,Rio Fructeiras.,—,"[""Comp Serviços Reunidos do Itapemirim"", ""Cachoeiro do Itapemirim"", ""Fructeiras"", ""4 077"", ""4 100"", ""220"", ""900""]","[""Aço."", ""900"", ""10"", ""42"", ""—"", ""30.000"", ""3.000"", ""2"", ""Rio Fructeiras."", ""—""]"
table_1_all.pdf,section_ii,1,33,34,tbl-93.md,tbl-96.md,8,1,matched,Espírito Santo,Municipalidade de Cachoeiro do Itapemirim,,Ilha da Luz,,,,,,4,6,2200,220,,,,—,,Cachoeiro do Itapemirim,135,400,6,—,Canal.,—,—,Rio Itapemirim.,—,"[""Municipalidade de Cachoeiro do Itapemirim"", ""Cachoeiro do Itapemirim"", ""Ilha da Luz"", ""135"", ""400"", ""6"", ""—""]","[""Canal."", ""—"", ""—"", ""4"", ""6"", ""2.200"", ""220"", ""—"", ""Rio Itapemirim."", ""—""]"
table_1_all.pdf,section_ii,1,33,34,tbl-93.md,tbl-96.md,9,1,matched,Espírito Santo,De Biase & Companhia,,—,,,,,,1,1,110,110,,,,—,,Espírito Santo do Rio Pardo,8,8,2,—,Canal.,—,—,Rio Vargem Grande.,—,"[""De Biase & Companhia"", ""Espírito Santo do Rio Pardo"", ""—"", ""8"", ""8"", ""2"", ""—""]","[""Canal."", ""—"", ""—"", ""1"", ""1"", ""110"", ""110"", ""—"", ""Rio Vargem Grande."", ""—""]"
table_1_all.pdf,section_ii,1,33,34,tbl-93.md,tbl-96.md,10,1,matched,Espírito Santo,"Duarte, Beiriz & Companhia",,Pedra d'Agua,,,,,,6,2,2000,120,,,,1,,Piúma,56,70,7,—,Canal.,—,—,Rio Iconha.,—,"[""Duarte, Beiriz & Companhia"", ""Piúma"", ""Pedra d'Agua"", ""56"", ""70"", ""7"", ""—""]","[""Canal."", ""—"", ""—"", ""6"", ""2"", ""2.000"", ""120"", ""1"", ""Rio Iconha."", ""—""]"
table_1_all.pdf,section_ii,1,33,34,tbl-93.md,tbl-96.md,11,1,matched,Espírito Santo,Governo do Estado do Espírito Santo,,Jucú,,,,,,25,32,20000,2000,,,,1,,Santa Isabel,2226,25000,52,87,Aço.,1100,10,Rio Jucú.,—,"[""Governo do Estado do Espírito Santo"", ""Santa Isabel"", ""Jucú"", ""2 226"", ""25 000"", ""52"", ""87""]","[""Aço."", ""1.100"", ""10"", ""25"", ""32"", ""20.000"", ""2.000"", ""1"", ""Rio Jucú."", ""—""]"
table_1_all.pdf,section_ii,1,33,34,tbl-93.md,tbl-96.md,12,1,matched,Espírito Santo,Sociedade Anonyma de Melhoramentos,,Santa Thereza,,,,,,1,1,220,220,,,,—,,Santa Thereza,32,40,10,110,Ferro batido.,500,3,Rio Timbohy.,—,"[""Sociedade Anonyma de Melhoramentos"", ""Santa Thereza"", ""Santa Thereza"", ""32"", ""40"", ""10"", ""110""]","[""Ferro batido."", ""500"", ""3"", ""1"", ""1"", ""220"", ""220"", ""—"", ""Rio Timbohy."", ""—""]"
table_1_all.pdf,section_ii,1,33,34,tbl-93.md,tbl-96.md,13,1,matched,Espírito Santo,Companhia de Electricidade Muquy do Sul,,Apparecida,,,,,,31,3,6600,220,,,,2,,São Pedro do Itabapoana,460,980,17,220,Chapas de aço.,997,12,Rio Muquy do Sul.,—,"[""Companhia de Electricidade Muquy do Sul"", ""São Pedro do Itabapoana"", ""Apparecida"", ""460"", ""980"", ""17"", ""220""]","[""Chapas de aço."", ""997"", ""12"", ""31"", ""3"", ""6.600"", ""220"", ""2"", ""Rio Muquy do Sul."", ""—""]"
table_1_all.pdf,section_ii,1,33,34,tbl-93.md,tbl-97.md,14,1,matched,Matto Grosso,"Companhia Mattogrossense de Electricidade, Limitada (1)",,—,,,,,,9,7,11000,220,,,,1,,Campo Grande,350,800,76,120,Ferro.,550,12,Corrego Ceroulas.,—,"[""Companhia Mattogrossense de Electricidade, Limitada (1)"", ""Campo Grande"", ""—"", ""350"", ""800"", ""76"", ""120""]","[""Ferro."", ""550"", ""12"", ""9"", ""7"", ""11.000"", ""220"", ""1"", ""Corrego Ceroulas."", ""—""]"
table_1_all.pdf,section_ii,2,35,36,tbl-99.md,tbl-101.md,1,1,matched,Minas Geraes,José Ernesto Komel,,—,,,,,,1,4,220,220,,,,-,,Abre Campo,30,50,20,—,Ferro e madeira...,-,-,Rio Sant'Anna.,-,"[""José Ernesto Komel"", ""Abre Campo"", ""—"", ""30"", ""50"", ""20"", ""—""]","[""Ferro e madeira..."", ""-"", ""-"", ""1"", ""4"", ""220"", ""220"", ""-"", ""Rio Sant'Anna."", ""-""]"
table_1_all.pdf,section_ii,2,35,36,tbl-99.md,tbl-101.md,2,1,matched,Minas Geraes,Empresa Força e Luz de Araguary,,Prada,,,,,,13,10,10000,2200,,,,1,,Araguary,1000,2000,50,84,Chapas de aço...,800,18,Rio Pissarrão.,-,"[""Empresa Força e Luz de Araguary"", ""Araguary"", ""Prada"", ""1 000"", ""2 000"", ""50"", ""84""]","[""Chapas de aço..."", ""800"", ""18"", ""13"", ""10"", ""10.000"", ""2.200"", ""1"", ""Rio Pissarrão."", ""-""]"
table_1_all.pdf,section_ii,2,35,36,tbl-99.md,tbl-101.md,3,1,matched,Minas Geraes,Municipalidade de Aiaxá,,—,,,,,,11,40,3300,110,,,,1,,Araxá,170,350,10,120,Ferro...,1000,10,Rio Tamanduá.,-,"[""Municipalidade de Aiaxá"", ""Araxá"", ""—"", ""170"", ""350"", ""10"", ""120""]","[""Ferro..."", ""1.000"", ""10"", ""11"", ""40"", ""3.300"", ""110"", ""1"", ""Rio Tamanduá."", ""-""]"
table_1_all.pdf,section_ii,2,35,36,tbl-99.md,tbl-101.md,4,1,matched,Minas Geraes,Municipalidade de Barbacena,,Bias Fortes,,,,,,14,-,16000,220,,,,1,,Barbacena,2000,4000,37,602,Aço...,1800,20,Rio das Mortes.,-,"[""Municipalidade de Barbacena"", ""Barbacena"", ""Bias Fortes"", ""2 000"", ""4 000"", ""37"", ""602""]","[""Aço..."", ""1.800"", ""20"", ""14"", ""-"", ""16.000"", ""220"", ""1"", ""Rio das Mortes."", ""-""]"
table_1_all.pdf,section_ii,2,35,36,tbl-99.md,tbl-101.md,5,1,matched,Minas Geraes,Sociedade Carandahyense de Electricidade,,—,,,,,,12,4,4400,220,,,,1,,Barbacena,120,800,20,27,Chapas de ferro...,750,8,Rio Piranga.,-,"[""Sociedade Carandahyense de Electricidade"", ""Barbacena"", ""—"", ""120"", ""800"", ""20"", ""27""]","[""Chapas de ferro..."", ""750"", ""8"", ""12"", ""4"", ""4.400"", ""220"", ""1"", ""Rio Piranga."", ""-""]"
table_1_all.pdf,section_ii,2,35,36,tbl-99.md,tbl-101.md,6,1,matched,Minas Geraes,Municipalidade de Cabo Verde,,Municipal,,,,,,2,2,110,110,,,,-,,Cabo Verde,14,42,30,100,Ferro batido...,-,-,Ribeirão Assumpção.,-,"[""Municipalidade de Cabo Verde"", ""Cabo Verde"", ""Municipal"", ""14"", ""42"", ""30"", ""100""]","[""Ferro batido..."", ""-"", ""-"", ""2"", ""2"", ""110"", ""110"", ""-"", ""Ribeirão Assumpção."", ""-""]"
table_1_all.pdf,section_ii,2,35,36,tbl-99.md,tbl-101.md,7,1,matched,Minas Geraes,Municipalidade de Caché,,Funil,,,,,,4,6,3200,220,,,,1,,Caché,107,170,19,60,Aço doce...,500,6,Ribeirão Caethé.,-,"[""Municipalidade de Caché"", ""Caché"", ""Funil"", ""107"", ""170"", ""19"", ""60""]","[""Aço doce..."", ""500"", ""6"", ""4"", ""6"", ""3.200"", ""220"", ""1"", ""Ribeirão Caethé."", ""-""]"
table_1_all.pdf,section_ii,2,35,36,tbl-99.md,tbl-101.md,8,1,matched,Minas Geraes,Empresa Sul Mineira de Força e Luz,,Rio Verde,,,,,,58,-,11400,220,,,,1,,Caldas,320,1800,27,27,Ferro batido...,1000,6,Rio Verde.,-,"[""Empresa Sul Mineira de Força e Luz"", ""Caldas"", ""Rio Verde"", ""320"", ""1 800"", ""27"", ""27""]","[""Ferro batido..."", ""1.000"", ""6"", ""58"", ""-"", ""11.400"", ""220"", ""1"", ""Rio Verde."", ""-""]"
table_1_all.pdf,section_ii,2,35,36,tbl-99.md,tbl-101.md,9,1,matched,Minas Geraes,"The Conquista — Xicão Gold Mines Company, Limited",,—,,,,,,18,17,11000,220,,,,1,,Campanha,1300,2000,106,1300,Aço...,1000,7,Correço Palmella.,-,"[""The Conquista — Xicão Gold Mines Company, Limited"", ""Campanha"", ""—"", ""1 300"", ""2 000"", ""106"", ""1 300""]","[""Aço..."", ""1.000"", ""7"", ""18"", ""17"", ""11.000"", ""220"", ""1"", ""Correço Palmella."", ""-""]"
table_1_all.pdf,section_ii,2,35,36,tbl-99.md,tbl-101.md,10,1,matched,Minas Geraes,Municipalidade de Campo Bello,,Municipal,,,,,,4,8,3000,120,,,,1,,Campo Bello,60,80,30,200,Ferro batido...,-,-,Correço da Cachoeira.,-,"[""Municipalidade de Campo Bello"", ""Campo Bello"", ""Municipal"", ""60"", ""80"", ""30"", ""200""]","[""Ferro batido..."", ""-"", ""-"", ""4"", ""8"", ""3.000"", ""120"", ""1"", ""Correço da Cachoeira."", ""-""]"
table_1_all.pdf,section_ii,2,35,36,tbl-99.md,tbl-101.md,11,1,matched,Minas Geraes,Empresa Força e Luz de Campos Geraes,,—,,,,,,9,-,220,110,,,,1,,Campos Geraes,170,250,4,—,Canal...,-,-,Ribeirão Araras.,-,"[""Empresa Força e Luz de Campos Geraes"", ""Campos Geraes"", ""—"", ""170"", ""250"", ""4"", ""—""]","[""Canal..."", ""-"", ""-"", ""9"", ""-"", ""220"", ""110"", ""1"", ""Ribeirão Araras."", ""-""]"
table_1_all.pdf,section_ii,2,35,36,tbl-99.md,tbl-101.md,12,1,matched,Minas Geraes,"Companhia Brasileira de Tramways, Luz e Força",,Tombos,,,,,,200,120,4000,4000,,,,1,,Carangula,4000,12000,75,200,Aço...,1800,15,Rio Carangola.,-,"[""Companhia Brasileira de Tramways, Luz e Força"", ""Carangula"", ""Tombos"", ""4 000"", ""12 000"", ""75"", ""200""]","[""Aço..."", ""1.800"", ""15"", ""200"", ""120"", ""4.000"", ""4.000"", ""1"", ""Rio Carangola."", ""-""]"
table_1_all.pdf,section_ii,2,35,36,tbl-99.md,tbl-101.md,13,1,matched,Minas Geraes,Companhia Industrial de Caratinga,,Cachoeira do Lage,,,,,,6,4,2300,120,,,,1,,Caratinga,120,300,170,700,Aço...,300,-,Rio Lage.,-,"[""Companhia Industrial de Caratinga"", ""Caratinga"", ""Cachoeira do Lage"", ""120"", ""300"", ""170"", ""700""]","[""Aço..."", ""300"", ""-"", ""6"", ""4"", ""2.300"", ""120"", ""1"", ""Rio Lage."", ""-""]"
table_1_all.pdf,section_ii,2,35,36,tbl-99.md,tbl-101.md,14,1,matched,Minas Geraes,S A Força e Luz de Carmo do Rio Claro,,Santa Quitéria,,,,,,27,50,11000,110,,,,-,,Carmo do Rio Claro,100,300,30,18,Aço...,400,20,Rio Santa Quiteria.,-,"[""S A Força e Luz de Carmo do Rio Claro"", ""Carmo do Rio Claro"", ""Santa Quitéria"", ""100"", ""300"", ""30"", ""18""]","[""Aço..."", ""400"", ""20"", ""27"", ""50"", ""11.000"", ""110"", ""-"", ""Rio Santa Quiteria."", ""-""]"
table_1_all.pdf,section_ii,2,35,36,tbl-99.md,tbl-101.md,15,1,matched,Minas Geraes,Municipalidade de Caxambú,,Furnas,,,,,,12,-,5600,220,,,,1,,Caxambú,160,270,15,30,Ferro batido...,900,4,Ribeirão das Furnas.,-,"[""Municipalidade de Caxambú"", ""Caxambú"", ""Furnas"", ""160"", ""270"", ""15"", ""30""]","[""Ferro batido..."", ""900"", ""4"", ""12"", ""-"", ""5.600"", ""220"", ""1"", ""Ribeirão das Furnas."", ""-""]"
table_1_all.pdf,section_ii,2,35,36,tbl-99.md,tbl-101.md,16,1,matched,Minas Geraes,Municipalidade de Christina,,Godefredo Fonseca,,,,,,1,3,3000,220,,,,-,,Christina,116,116,54,350,Ferro batido...,230,2,Rio do Bóde.,-,"[""Municipalidade de Christina"", ""Christina"", ""Godefredo Fonseca"", ""116"", ""116"", ""54"", ""350""]","[""Ferro batido..."", ""230"", ""2"", ""1"", ""3"", ""3.000"", ""220"", ""-"", ""Rio do Bóde."", ""-""]"
table_1_all.pdf,section_ii,2,35,36,tbl-99.md,tbl-101.md,17,1,matched,Minas Geraes,Carneiro Junqueira & Companhia,,—,,,,,,10,3,4000,110,,,,-,,Conceição do Rio Verde,125,125,18,20,Chapas de aço...,600,2,Correço Lambaryzinho.,-,"[""Carneiro Junqueira & Companhia"", ""Conceição do Rio Verde"", ""—"", ""125"", ""125"", ""18"", ""20""]","[""Chapas de aço..."", ""600"", ""2"", ""10"", ""3"", ""4.000"", ""110"", ""-"", ""Correço Lambaryzinho."", ""-""]"
table_1_all.pdf,section_ii,2,35,36,tbl-99.md,tbl-101.md,18,1,matched,Minas Geraes,Companhia Codro e Cachoeira,,Fabrica da Cachoeira,,,,,,1,1,270,220,,,,-,,Curvello,200,200,16,100,Aço...,1000,5,Ribeirão Santo Antonio.,80000,"[""Companhia Codro e Cachoeira"", ""Curvello"", ""Fabrica da Cachoeira"", ""200"", ""200"", ""16"", ""100""]","[""Aço..."", ""1.000"", ""5"", ""1"", ""1"", ""270"", ""220"", ""-"", ""Ribeirão Santo Antonio."", ""80.000""]"
table_1_all.pdf,section_ii,2,35,36,tbl-99.md,tbl-101.md,19,1,matched,Minas Geraes,"Ramos, Guerra & Companhia",,Santa Maria,,,,,,11,10,10000,220,,,,1,,Diamantina,300,450,108,1600,Chapas de ferro...,500,6,Rio Santa Maria.,1000,"[""Ramos, Guerra & Companhia"", ""Diamantina"", ""Santa Maria"", ""300"", ""450"", ""108"", ""1 600""]","[""Chapas de ferro..."", ""500"", ""6"", ""11"", ""10"", ""10.000"", ""220"", ""1"", ""Rio Santa Maria."", ""1.000""]"
table_1_all.pdf,section_ii,3,37,38,tbl-102.md,tbl-104.md,1,1,matched,Minas Geraes,Miranda & Gomes,,—,,,,,,2,1,220,220,,,,—,,Diamantina,12,12,6,12,Aço.,650,6,Ribeirão Chiqueiro.,—,"[""Miranda & Gomes"", ""Diamantina"", ""—"", ""12"", ""12"", ""6"", ""12""]","[""Aço."", ""650"", ""6"", ""2"", ""1"", ""220"", ""220"", ""—"", ""Ribeirão Chiqueiro."", ""—""]"
table_1_all.pdf,section_ii,3,37,38,tbl-102.md,tbl-104.md,2,1,matched,Minas Geraes,Empresa Dorense de Electricidade,,—,,,,,,9,10,6600,220,,,,—,,Dóres da Bôa Esperança,55,75,11,70,Cimento.,600,50,Rio São Pedro.,64,"[""Empresa Dorense de Electricidade"", ""Dóres da Bôa Esperança"", ""—"", ""55"", ""75"", ""11"", ""70""]","[""Cimento."", ""600"", ""50"", ""9"", ""10"", ""6.600"", ""220"", ""—"", ""Rio São Pedro."", ""64""]"
table_1_all.pdf,section_ii,3,37,38,tbl-102.md,tbl-104.md,3,1,matched,Minas Geraes,Empresa Lus Electrica de Entre-Rios,,—,,,,,,3,3,2100,110,,,,1,,Entre-Rios,81,250,9,—,—,—,—,Rio Camapuam.,—,"[""Empresa Lus Electrica de Entre-Rios"", ""Entre-Rios"", ""—"", ""81"", ""250"", ""9"", ""—""]","[""—"", ""—"", ""—"", ""3"", ""3"", ""2.100"", ""110"", ""1"", ""Rio Camapuam."", ""—""]"
table_1_all.pdf,section_ii,3,37,38,tbl-102.md,tbl-104.md,4,1,matched,Minas Geraes,Municipalidade de Formiga,,Santa Maria,,,,,,2,—,2200,110,,,,1,,Formiga,200,200,11,28,Aço.,750,4,Rios Formiga e Matacavallos.,—,"[""Municipalidade de Formiga"", ""Formiga"", ""Santa Maria"", ""200"", ""200"", ""11"", ""28""]","[""Aço."", ""750"", ""4"", ""2"", ""—"", ""2.200"", ""110"", ""1"", ""Rios Formiga e Matacavallos."", ""—""]"
table_1_all.pdf,section_ii,3,37,38,tbl-102.md,tbl-104.md,5,1,matched,Minas Geraes,Municipalidade de Fructal,,—,,,,,,18,3,6000,220,,,,—,,Fructal,22,195,4,—,—,—,—,Ribeirão do Maribondo.,—,"[""Municipalidade de Fructal"", ""Fructal"", ""—"", ""22"", ""195"", ""4"", ""—""]","[""—"", ""—"", ""—"", ""18"", ""3"", ""6.000"", ""220"", ""—"", ""Ribeirão do Maribondo."", ""—""]"
table_1_all.pdf,section_ii,3,37,38,tbl-102.md,tbl-104.md,6,1,matched,Minas Geraes,Empresa Nacional de Electricidade,,Santa Cleonice,,,,,,6,16,6600,110,,,,1,,Guaranesia,600,1500,19,40,Aço.,1000,7,Rio Canôas.,600000,"[""Empresa Nacional de Electricidade"", ""Guaranesia"", ""Santa Cleonice"", ""600"", ""1 500"", ""19"", ""40""]","[""Aço."", ""1.000"", ""7"", ""6"", ""16"", ""6.600"", ""110"", ""1"", ""Rio Canôas."", ""600.000""]"
table_1_all.pdf,section_ii,3,37,38,tbl-102.md,tbl-104.md,7,1,matched,Minas Geraes,,,Santa Nair,,,,,,4,12,6600,110,,,,—,,Muzambinho,500,500,46,210,Aço.,600,7,Rio Muzambinho.,400000,"["""", ""Muzambinho"", ""Santa Nair"", ""500"", ""500"", ""46"", ""210""]","[""Aço."", ""600"", ""7"", ""4"", ""12"", ""6.600"", ""110"", ""—"", ""Rio Muzambinho."", ""400.000""]"
table_1_all.pdf,section_ii,3,37,38,tbl-102.md,tbl-104.md,8,1,matched,Minas Geraes,Companhia Industrial Sul Mineira,,Lourenço Velho,,,,,,34,70,15000,4000,,,,2,,Itajubá,2100,3000,28,200,Ferro fundido.,1500,6,Rio Lourenço Velho.,4000,"[""Companhia Industrial Sul Mineira"", ""Itajubá"", ""Lourenço Velho"", ""2 100"", ""3 000"", ""28"", ""200""]","[""Ferro fundido."", ""1.500"", ""6"", ""34"", ""70"", ""15.000"", ""4.000"", ""2"", ""Rio Lourenço Velho."", ""4.000""]"
table_1_all.pdf,section_ii,3,37,38,tbl-102.md,tbl-104.md,9,1,matched,Minas Geraes,Municipalidade de Itapecerica,,—,,,,,,10,10,6600,2200,,,,1,,Itapecerica,75,90,36,100,Chapas de ferro.,400,4,Rio Cafôfo.,150,"[""Municipalidade de Itapecerica"", ""Itapecerica"", ""—"", ""75"", ""90"", ""36"", ""100""]","[""Chapas de ferro."", ""400"", ""4"", ""10"", ""10"", ""6.600"", ""2.200"", ""1"", ""Rio Cafôfo."", ""150""]"
table_1_all.pdf,section_ii,3,37,38,tbl-102.md,tbl-104.md,10,1,matched,Minas Geraes,Companhia Industrial Itaúnense,,—,,,,,,4,15,5000,220,,,,2,,Itaúna,560,1300,50,200,Aço.,500,3,Rio São João.,—,"[""Companhia Industrial Itaúnense"", ""Itaúna"", ""—"", ""560"", ""1 300"", ""50"", ""200""]","[""Aço."", ""500"", ""3"", ""4"", ""15"", ""5.000"", ""220"", ""2"", ""Rio São João."", ""—""]"
table_1_all.pdf,section_ii,3,37,38,tbl-102.md,tbl-104.md,11,1,matched,Minas Geraes,"Siqueira, Meirelles, Junqueira & Companhia",,—,,,,,,18,4,11000,110,,,,1,,Jacuhy,190,4500,25,30,Ferro batido.,500,5,Rio São João.,—,"[""Siqueira, Meirelles, Junqueira & Companhia"", ""Jacuhy"", ""—"", ""190"", ""4 500"", ""25"", ""30""]","[""Ferro batido."", ""500"", ""5"", ""18"", ""4"", ""11.000"", ""110"", ""1"", ""Rio São João."", ""—""]"
table_1_all.pdf,section_ii,3,37,38,tbl-102.md,tbl-104.md,12,1,matched,Minas Geraes,,,,,,,,,50,6,11000,220,,,,—,,,300,4000,19,20,Aço.,800,5,Rio Sant'Anna.,—,"["""", """", """", ""300"", ""4 000"", ""19"", ""20""]","[""Aço."", ""800"", ""5"", ""50"", ""6"", ""11.000"", ""220"", ""—"", ""Rio Sant'Anna."", ""—""]"
table_1_all.pdf,section_ii,3,37,38,tbl-102.md,tbl-104.md,13,1,matched,Minas Geraes,Municipalidade de Jaguary,,Municipal,,,,,,1,5,2000,120,,,,—,,Jaguary,100,100,13,20,Ferro batido.,800,12,Rio Camanducaia.,—,"[""Municipalidade de Jaguary"", ""Jaguary"", ""Municipal"", ""100"", ""100"", ""13"", ""20""]","[""Ferro batido."", ""800"", ""12"", ""1"", ""5"", ""2.000"", ""120"", ""—"", ""Rio Camanducaia."", ""—""]"
table_1_all.pdf,section_ii,3,37,38,tbl-102.md,tbl-104.md,14,1,matched,Minas Geraes,Companhia Mineira de Electricidade,,Marmellos,,,,,,28,—,6600,220,,,,—,,Juiz de Fóra,6150,6580,51,40,Ferro fundido.,1500,6,Rio Parahybuna.,—,"[""Companhia Mineira de Electricidade"", ""Juiz de Fóra"", ""Marmellos"", ""6 150"", ""6 580"", ""51"", ""40""]","[""Ferro fundido."", ""1.500"", ""6"", ""28"", ""—"", ""6.600"", ""220"", ""—"", ""Rio Parahybuna."", ""—""]"
table_1_all.pdf,section_ii,3,37,38,tbl-102.md,tbl-104.md,15,1,matched,Minas Geraes,Municipalidade de Lavras e Estrada de Ferro Oeste de Minas,,—,,,,,,24,12,10000,3000,,,,1,,Lavras,555,800,18,96,Aço laminado.,800,9,Rio Cervo.,—,"[""Municipalidade de Lavras e Estrada de Ferro Oeste de Minas"", ""Lavras"", ""—"", ""555"", ""800"", ""18"", ""96""]","[""Aço laminado."", ""800"", ""9"", ""24"", ""12"", ""10.000"", ""3.000"", ""1"", ""Rio Cervo."", ""—""]"
table_1_all.pdf,section_ii,3,37,38,tbl-102.md,tbl-104.md,16,1,matched,Minas Geraes,,,Mauricio,,,,,,490,300,22000,2000,,,,11,,Leopoldina,3000,12000,60,309,Aço.,1960,4,Rio Novo.,5000,"["""", ""Leopoldina"", ""Mauricio"", ""3 000"", ""12 000"", ""60"", ""309""]","[""Aço."", ""1.960"", ""4"", ""490"", ""300"", ""22.000"", ""2.000"", ""11"", ""Rio Novo."", ""5.000""]"
table_1_all.pdf,section_ii,3,37,38,tbl-102.md,tbl-104.md,17,1,matched,Minas Geraes,Companhia Força e Lus Cataguazes—Leopoldina,,Santo Antonio,,,,,,3,—,6600,220,,,,—,,Pomba,150,1000,12,11,Alvenaria.,2000,1000,Rio Pomba.,3000,"[""Companhia Força e Lus Cataguazes—Leopoldina"", ""Pomba"", ""Santo Antonio"", ""150"", ""1 000"", ""12"", ""11""]","[""Alvenaria."", ""2.000"", ""1.000"", ""3"", ""—"", ""6.600"", ""220"", ""—"", ""Rio Pomba."", ""3.000""]"
table_1_all.pdf,section_ii,3,37,38,tbl-102.md,tbl-104.md,18,1,matched,Minas Geraes,,,Coronel Domiciano,,,,,,41,50,10000,2200,,,,2,,São Paulo do Muriahé,400,3000,150,100,Aço.,750,7,Rio Preto.,—,"["""", ""São Paulo do Muriahé"", ""Coronel Domiciano"", ""400"", ""3 000"", ""150"", ""100""]","[""Aço."", ""750"", ""7"", ""41"", ""50"", ""10.000"", ""2.200"", ""2"", ""Rio Preto."", ""—""]"
table_1_all.pdf,section_ii,4,39,40,tbl-105.md,tbl-107.md,1,1,matched,Minas Geraes,Companhia Regional de Força e Luz,,—,,,,,,9,5,10000,220,,,,-,,Iima Duarte,125,1100,48,105,Aço.,500,10,Rio Brumado.,-,"[""Companhia Regional de Força e Luz"", ""Iima Duarte"", ""—"", ""125"", ""1 100"", ""48"", ""105""]","[""Aço."", ""500"", ""10"", ""9"", ""5"", ""10.000"", ""220"", ""-"", ""Rio Brumado."", ""-""]"
table_1_all.pdf,section_ii,4,39,40,tbl-105.md,tbl-107.md,2,1,matched,Minas Geraes,"The Ouro Preto Gold Mines of Brazil, Limited",,—,,,,,,3,5,2200,220,,,,1,,Matianna,43,1800,50,80,Aço.,400,4,Rio Carmo.,-,"[""The Ouro Preto Gold Mines of Brazil, Limited"", ""Matianna"", ""—"", ""43"", ""1 800"", ""50"", ""80""]","[""Aço."", ""400"", ""4"", ""3"", ""5"", ""2.200"", ""220"", ""1"", ""Rio Carmo."", ""-""]"
table_1_all.pdf,section_ii,4,39,40,tbl-105.md,tbl-107.md,3,1,matched,Minas Geraes,Rossetti & Centola,,—,,,,,,,,220,,,,,,,Monte Santo,40,1800,33,60,Aço.,250,4,,,"[""Rossetti & Centola"", ""Monte Santo"", ""—"", ""40"", ""1 800"", ""33"", ""60""]","[""Aço."", ""250"", ""4"", """", """", ""220"", """", """", """", """"]"
table_1_all.pdf,section_ii,4,39,40,tbl-105.md,tbl-107.md,4,1,matched,Minas Geraes,Municipalidade de Oliveira,,Jacaré,,,,,,54,-,10500,220,,,,1,,Oliveira.,660,1200,27,110,Ferro.,1000,12,Ribeirão Pinheirinho.,14000,"[""Municipalidade de Oliveira"", ""Oliveira."", ""Jacaré"", ""660"", ""1 200"", ""27"", ""110""]","[""Ferro."", ""1.000"", ""12"", ""54"", ""-"", ""10.500"", ""220"", ""1"", ""Ribeirão Pinheirinho."", ""14.000""]"
table_1_all.pdf,section_ii,4,39,40,tbl-105.md,tbl-107.md,5,1,matched,Minas Geraes,Companhia Sol Mineira de Electricidade,,—,,,,,,20,5,10000,2000,,,,1,,Ouro Fino,700,700,49,160,Aço.,800,5,Rio Jacaré.,-,"[""Companhia Sol Mineira de Electricidade"", ""Ouro Fino"", ""—"", ""700"", ""700"", ""49"", ""160""]","[""Aço."", ""800"", ""5"", ""20"", ""5"", ""10.000"", ""2.000"", ""1"", ""Rio Jacaré."", ""-""]"
table_1_all.pdf,section_ii,4,39,40,tbl-105.md,tbl-107.md,6,1,matched,Minas Geraes,,,Rio Dourado,,,,,,34,-,5000,220,,,,1,,São Gonçalo do Sapucahy,1000,1500,17,100,Ferro batido.,700,10,Ribeirão São Paulo.,-,"["""", ""São Gonçalo do Sapucahy"", ""Rio Dourado"", ""1 000"", ""1 500"", ""17"", ""100""]","[""Ferro batido."", ""700"", ""10"", ""34"", ""-"", ""5.000"", ""220"", ""1"", ""Ribeirão São Paulo."", ""-""]"
table_1_all.pdf,section_ii,4,39,40,tbl-105.md,tbl-107.md,7,1,matched,Minas Geraes,,,Rio Verde,,,,,,123,135,10500,220,,,,1,,Varginha,1250,2000,8,34,Ferro batido.,1225,7,Rio Dourado.,5000,"["""", ""Varginha"", ""Rio Verde"", ""1 250"", ""2 000"", ""8"", ""34""]","[""Ferro batido."", ""1.225"", ""7"", ""123"", ""135"", ""10.500"", ""220"", ""1"", ""Rio Dourado."", ""5.000""]"
table_1_all.pdf,section_ii,4,39,40,tbl-105.md,tbl-107.md,8,1,matched,Minas Geraes,,,Dr Bueno de Paiva,,,,,,150,185,10000,220,,,,1,,Pataisopolis,460,700,150,666,Ferro batido.,2500,8,Rio Verde.,-,"["""", ""Pataisopolis"", ""Dr Bueno de Paiva"", ""460"", ""700"", ""150"", ""666""]","[""Ferro batido."", ""2.500"", ""8"", ""150"", ""185"", ""10.000"", ""220"", ""1"", ""Rio Verde."", ""-""]"
table_1_all.pdf,section_ii,4,39,40,tbl-105.md,tbl-107.md,9,1,matched,Minas Geraes,Companhia de Electricidade e Viação Urbana de Minas Gerais,,Rio de Pedras,,,,,,50,76,10000,220,,,,1,,Ouro Preto,2450,3800,50,—,Ferro batido.,-400,3,Ribeirão Vermelho.,-,"[""Companhia de Electricidade e Viação Urbana de Minas Gerais"", ""Ouro Preto"", ""Rio de Pedras"", ""2 450"", ""3 800"", ""50"", ""—""]","[""Ferro batido."", ""-400"", ""3"", ""50"", ""76"", ""10.000"", ""220"", ""1"", ""Ribeirão Vermelho."", ""-""]"
table_1_all.pdf,section_ii,4,39,40,tbl-105.md,tbl-107.md,10,1,matched,Minas Geraes,Companhia Ouropretana de Electricidade,,Tombadouro,,,,,,47,-,45000,220,,,,1,,Ouro Preto,320,370,25,22,Aço.,-,-,"Rio de Pedras, Rio das Velhas e Rio Maracujá.",-,"[""Companhia Ouropretana de Electricidade"", ""Ouro Preto"", ""Tombadouro"", ""320"", ""370"", ""25"", ""22""]","[""Aço."", ""-"", ""-"", ""47"", ""-"", ""45.000"", ""220"", ""1"", ""Rio de Pedras, Rio das Velhas e Rio Maracujá."", ""-""]"
table_1_all.pdf,section_ii,4,39,40,tbl-105.md,tbl-107.md,11,1,matched,Minas Geraes,Companhia Brasileira de Carbureto de Calcio,,Guaiy,,,,,,3,15,2300,220,,,,1,,Palmyra,7800,9000,72,660,Aço.,1000,6,Rio Funil.,100,"[""Companhia Brasileira de Carbureto de Calcio"", ""Palmyra"", ""Guaiy"", ""7 800"", ""9 000"", ""72"", ""660""]","[""Aço."", ""1.000"", ""6"", ""3"", ""15"", ""2.300"", ""220"", ""1"", ""Rio Funil."", ""100""]"
table_1_all.pdf,section_ii,4,39,40,tbl-105.md,tbl-107.md,12,1,matched,Minas Geraes,Municipalidade de Passa Quatro,,—,,,,,,16,-,25000,-,,,,1,,Passa Quatro,160,160,104,300,Aço.,1200,6,Rio Pinho ou Formoso.,-,"[""Municipalidade de Passa Quatro"", ""Passa Quatro"", ""—"", ""160"", ""160"", ""104"", ""300""]","[""Aço."", ""1.200"", ""6"", ""16"", ""-"", ""25.000"", ""-"", ""1"", ""Rio Pinho ou Formoso."", ""-""]"
table_1_all.pdf,section_ii,4,39,40,tbl-105.md,tbl-107.md,13,1,matched,Minas Geraes,Municipalidade de Patos,,—,,,,,,14,4,5000,220,,,,1,,Patos,120,125,—,—,Ferro.,200,3,Rio Passa Quatro.,25,"[""Municipalidade de Patos"", ""Patos"", ""—"", ""120"", ""125"", ""—"", ""—""]","[""Ferro."", ""200"", ""3"", ""14"", ""4"", ""5.000"", ""220"", ""1"", ""Rio Passa Quatro."", ""25""]"
table_1_all.pdf,section_ii,4,39,40,tbl-105.md,tbl-107.md,14,1,matched,Minas Geraes,Municipalidade de Perdões,,—,,,,,,12,9,6600,110,,,,1,,Perdões,120,120,46,600,-,-,-,Ribeirão da Matta.,-,"[""Municipalidade de Perdões"", ""Perdões"", ""—"", ""120"", ""120"", ""46"", ""600""]","[""-"", ""-"", ""-"", ""12"", ""9"", ""6.600"", ""110"", ""1"", ""Ribeirão da Matta."", ""-""]"
table_1_all.pdf,section_ii,4,39,40,tbl-105.md,tbl-107.md,15,1,matched,Minas Geraes,Companhia Industria e Viação de Pirapora (1),,—,,,,,,7,6,6600,110,,,,1,,Pirapora,180,15000,6,—,Ferro.,600,6,Ribeirão dos Coelhos.,-,"[""Companhia Industria e Viação de Pirapora (1)"", ""Pirapora"", ""—"", ""180"", ""15 000"", ""6"", ""—""]","[""Ferro."", ""600"", ""6"", ""7"", ""6"", ""6.600"", ""110"", ""1"", ""Ribeirão dos Coelhos."", ""-""]"
table_1_all.pdf,section_ii,4,39,40,,tbl-107.md,16,1,right_only,Minas Geraes,,,,,,,,,2,10,110,110,,,,-,,,,,,,Canal.,-,-,Rio São Francisco.,-,,"[""Canal."", ""-"", ""-"", ""2"", ""10"", ""110"", ""110"", ""-"", ""Rio São Francisco."", ""-""]"
table_1_all.pdf,section_ii,5,41,42,tbl-108.md,tbl-110.md,1,1,matched,Minas Geraes,Companhia Industrial Pitanguyense,,—,,,,,,9,10,5000,220,,,,2,,Pitanguy,400,3000,8,—,Canal.,-,-,Rio Pará.,-,"[""Companhia Industrial Pitanguyense"", ""Pitanguy"", ""—"", ""400"", ""3 000"", ""8"", ""—""]","[""Canal."", ""-"", ""-"", ""9"", ""10"", ""5.000"", ""220"", ""2"", ""Rio Pará."", ""-""]"
table_1_all.pdf,section_ii,5,41,42,tbl-108.md,tbl-110.md,2,1,matched,Minas Geraes,Municipalidade de Piumhy,,—,,,,,,34,8,6600,110,,,,1,,Piumhy,60,180,30,35,Ferro e cimento.,800,20,Ribeirão das Araras.,-,"[""Municipalidade de Piumhy"", ""Piumhy"", ""—"", ""60"", ""180"", ""30"", ""35""]","[""Ferro e cimento."", ""800"", ""20"", ""34"", ""8"", ""6.600"", ""110"", ""1"", ""Ribeirão das Araras."", ""-""]"
table_1_all.pdf,section_ii,5,41,42,tbl-108.md,tbl-110.md,3,1,matched,Minas Geraes,Luiz José Dias & Companhia,,—,,,,,,5,20,2300,110,,,,1,,Poços de Caldas,930,4000,90,250,Chapas de aço.,930,6,Rio das Antas.,-,"[""Luiz José Dias & Companhia"", ""Poços de Caldas"", ""—"", ""930"", ""4 000"", ""90"", ""250""]","[""Chapas de aço."", ""930"", ""6"", ""5"", ""20"", ""2.300"", ""110"", ""1"", ""Rio das Antas."", ""-""]"
table_1_all.pdf,section_ii,5,41,42,tbl-108.md,tbl-110.md,4,1,matched,Minas Geraes,Municipalidade de Ponte Nova,,—,,,,,,12,6,10000,220,,,,1,,Ponte Nova,516,900,8,280,Aço e cimento.,-,-,Rio Piranga.,-,"[""Municipalidade de Ponte Nova"", ""Ponte Nova"", ""—"", ""516"", ""900"", ""8"", ""280""]","[""Aço e cimento."", ""-"", ""-"", ""12"", ""6"", ""10.000"", ""220"", ""1"", ""Rio Piranga."", ""-""]"
table_1_all.pdf,section_ii,5,41,42,tbl-108.md,tbl-110.md,5,1,matched,Minas Geraes,Municipalidade de Pouso Alegre,,Ponte de Pedras,,,,,,29,18,15000,220,,,,1,,Pouso Alegre,150,150,12,15,Ferro batido.,1400,8,Rio Mogy.,120000,"[""Municipalidade de Pouso Alegre"", ""Pouso Alegre"", ""Ponte de Pedras"", ""150"", ""150"", ""12"", ""15""]","[""Ferro batido."", ""1.400"", ""8"", ""29"", ""18"", ""15.000"", ""220"", ""1"", ""Rio Mogy."", ""120.000""]"
table_1_all.pdf,section_ii,5,41,42,tbl-108.md,tbl-110.md,6,1,matched,Minas Geraes,Baêta & Mello,,Hydrodina,,,,,,15,32,22000,3000,,,,1,,Qusluz,543,1200,86,236,Aço.,900,6,Ribeirão Pé do Morro.,-,"[""Baêta & Mello"", ""Qusluz"", ""Hydrodina"", ""543"", ""1 200"", ""86"", ""236""]","[""Aço."", ""900"", ""6"", ""15"", ""32"", ""22.000"", ""3.000"", ""1"", ""Ribeirão Pé do Morro."", ""-""]"
table_1_all.pdf,section_ii,5,41,42,tbl-108.md,tbl-110.md,7,1,matched,Minas Geraes,W T Atherton,,Lages,,,,,,,,,220,,,,,,Rio Piracicaba,7,30,15,62,,600,,,,"[""W T Atherton"", ""Rio Piracicaba"", ""Lages"", ""7"", ""30"", ""15"", ""62""]","["""", ""600"", """", """", """", """", ""220"", """", """", """"]"
table_1_all.pdf,section_ii,5,41,42,tbl-108.md,tbl-110.md,8,1,matched,Minas Geraes,Empresa Hydro Electrica Nacional,,Ronea,,,,,,2,3,250,250,,,,-,,Rio Preto,200,1000,19,40,Ferro.,250,7,Ribeirão Diogo de Oliveira.,240000,"[""Empresa Hydro Electrica Nacional"", ""Rio Preto"", ""Ronea"", ""200"", ""1 000"", ""19"", ""40""]","[""Ferro."", ""250"", ""7"", ""2"", ""3"", ""250"", ""250"", ""-"", ""Ribeirão Diogo de Oliveira."", ""240.000""]"
table_1_all.pdf,section_ii,5,41,42,tbl-108.md,tbl-110.md,9,1,matched,Minas Geraes,Municipalidade de Sabará (I),,—,,,,,,4,7,6000,220,,,,-,,Sabará,115,1000,6,—,Ferro batido.,800,5,Correço do Bananal.,-,"[""Municipalidade de Sabará (I)"", ""Sabará"", ""—"", ""115"", ""1 000"", ""6"", ""—""]","[""Ferro batido."", ""800"", ""5"", ""4"", ""7"", ""6.000"", ""220"", ""-"", ""Correço do Bananal."", ""-""]"
table_1_all.pdf,section_ii,5,41,42,tbl-108.md,tbl-110.md,10,1,matched,Minas Geraes,Municipalidade de Santa Luzia do Rio das Velhas,,—,,,,,,4,9,4000,120,,,,-,,Sabará,200,220,50,100,-,-,-,Rio Sabará.,-,"[""Municipalidade de Santa Luzia do Rio das Velhas"", ""Sabará"", ""—"", ""200"", ""220"", ""50"", ""100""]","[""-"", ""-"", ""-"", ""4"", ""9"", ""4.000"", ""120"", ""-"", ""Rio Sabará."", ""-""]"
table_1_all.pdf,section_ii,5,41,42,tbl-108.md,tbl-110.md,11,1,matched,Minas Geraes,Municipalidade de Conquista,,Sacramento,,,,,,12,4,6000,220,,,,1,,Sacramento,679,1200,16,20,Aço.,800,5,Rio Vermelho.,-,"[""Municipalidade de Conquista"", ""Sacramento"", ""Sacramento"", ""679"", ""1 200"", ""16"", ""20""]","[""Aço."", ""800"", ""5"", ""12"", ""4"", ""6.000"", ""220"", ""1"", ""Rio Vermelho."", ""-""]"
table_1_all.pdf,section_ii,5,41,42,tbl-108.md,tbl-110.md,12,1,matched,Minas Geraes,Companhia Industrial Bello Horizonte,,—,,,,,,13,8,10500,220,,,,1,,Santa Luzia do Rio das Velhas,256,1000,21,—,Ferro.,800,20,Ribeirão Borá.,11,"[""Companhia Industrial Bello Horizonte"", ""Santa Luzia do Rio das Velhas"", ""—"", ""256"", ""1 000"", ""21"", ""—""]","[""Ferro."", ""800"", ""20"", ""13"", ""8"", ""10.500"", ""220"", ""1"", ""Ribeirão Borá."", ""11""]"
table_1_all.pdf,section_ii,5,41,42,tbl-108.md,tbl-110.md,13,1,matched,Minas Geraes,Dr Estevão Leite de Magalhães Pinto,,—,,,,,,1,-,220,220,,,,1,,Santa Quiteria,380,5000,75,440,-,-,-,Ribeirão da Matta.,-,"[""Dr Estevão Leite de Magalhães Pinto"", ""Santa Quiteria"", ""—"", ""380"", ""5 000"", ""75"", ""440""]","[""-"", ""-"", ""-"", ""1"", ""-"", ""220"", ""220"", ""1"", ""Ribeirão da Matta."", ""-""]"
table_1_all.pdf,section_ii,5,41,42,tbl-108.md,tbl-110.md,14,1,matched,Minas Geraes,Companhia Poça e Luz Minas Sul,,Delfim Moreira,,,,,,4,4,6000,220,,,,-,,Santa Rita do Sapucahy,500,1000,60,64,Aço.,550,4,Ribeirão Betim.,5,"[""Companhia Poça e Luz Minas Sul"", ""Santa Rita do Sapucahy"", ""Delfim Moreira"", ""500"", ""1 000"", ""60"", ""64""]","[""Aço."", ""550"", ""4"", ""4"", ""4"", ""6.000"", ""220"", ""-"", ""Ribeirão Betim."", ""5""]"
table_1_all.pdf,section_ii,5,41,42,tbl-108.md,tbl-110.md,15,1,matched,Minas Geraes,Municipalidade de Santo Antonio do Monte,,—,,,,,,36,20,22000,3000,,,,1,,Santo Antonio do Monte,150,250,31,52,Ferro fundido.,610,5,Rio Turvo.,800,"[""Municipalidade de Santo Antonio do Monte"", ""Santo Antonio do Monte"", ""—"", ""150"", ""250"", ""31"", ""52""]","[""Ferro fundido."", ""610"", ""5"", ""36"", ""20"", ""22.000"", ""3.000"", ""1"", ""Rio Turvo."", ""800""]"
table_1_all.pdf,section_ii,5,41,42,tbl-108.md,tbl-110.md,16,1,matched,Minas Geraes,Municipalidade de São Domingos do Prata,,—,,,,,,4,6,2200,120,,,,1,,São Domingos do Prata,160,250,10,15,Ferro.,600,5,Ribeirão dos Borges.,6,"[""Municipalidade de São Domingos do Prata"", ""São Domingos do Prata"", ""—"", ""160"", ""250"", ""10"", ""15""]","[""Ferro."", ""600"", ""5"", ""4"", ""6"", ""2.200"", ""120"", ""1"", ""Ribeirão dos Borges."", ""6""]"
table_1_all.pdf,section_ii,5,41,42,,tbl-110.md,17,1,right_only,Minas Geraes,,,,,,,,,2,2,5100,220,,,,1,,,,,,,Ferro.,400,10,Rio Prata.,20,,"[""Ferro."", ""400"", ""10"", ""2"", ""2"", ""5.100"", ""220"", ""1"", ""Rio Prata."", ""20""]"
table_1_all.pdf,section_ii,6,43,44,tbl-111.md,tbl-114.md,1,1,matched,Minas Geraes,,,,,,,,,1,7,220,220120,,,,-,,,HPCapacitédel'installationélectriqueHP,MétrosHauteurdelachuted'eauCompriscettedelapartiedéjàcaptéeHP,,,Ferro fundido...,600,3,Correço Confusão...,-,"["""", """", """", ""H P Capacité de l'installation électrique H P"", ""Métros Hauteur de la chute d'eau Compris cette de la partie déjà captée H P"", """", """"]","[""Ferro fundido..."", ""600"", ""3"", ""1"", ""7"", ""220"", ""220 120"", ""-"", ""Correço Confusão..."", ""-""]"
table_1_all.pdf,section_ii,6,43,44,tbl-112.md,tbl-114.md,2,1,matched,Minas Geraes,Municipalidade de São Gothardo,,Cachoeira da Confusão,,,,,,3,9,3000,220110,,,,-,,São Gothardo,45,51,12,12,-,500,8,Rio Angú...,-,"[""Municipalidade de São Gothardo"", ""São Gothardo"", ""Cachoeira da Confusão"", ""45"", ""51"", ""12"", ""12""]","[""-"", ""500"", ""8"", ""3"", ""9"", ""3.000"", ""220 110"", ""-"", ""Rio Angú..."", ""-""]"
table_1_all.pdf,section_ii,6,43,44,tbl-112.md,tbl-114.md,3,1,matched,Minas Geraes,Villela & Companhia,,—,,,,,,7,70,6000,220120,,,,1,,São José d'Além Parahyba,135,800,32,38,Chapas de ferro...,600,12,Rio dos Aventureiros...,-,"[""Villela & Companhia"", ""São José d'Além Parahyba"", ""—"", ""135"", ""800"", ""32"", ""38""]","[""Chapas de ferro..."", ""600"", ""12"", ""7"", ""70"", ""6.000"", ""220 120"", ""1"", ""Rio dos Aventureiros..."", ""-""]"
table_1_all.pdf,section_ii,6,43,44,tbl-112.md,tbl-114.md,4,1,matched,Minas Geraes,Adão Pereira de Araujo,,Rio dos Aventureiros,,,,,,18,13,5000,220,,,,3,,São José d'Além Parahyba,1300,1400,60,290,Ferro fundido...,1000,20,Correço do Carmo...,-,"[""Adão Pereira de Araujo"", ""São José d'Além Parahyba"", ""Rio dos Aventureiros"", ""1 300"", ""1 400"", ""60"", ""290""]","[""Ferro fundido..."", ""1.000"", ""20"", ""18"", ""13"", ""5.000"", ""220"", ""3"", ""Correço do Carmo..."", ""-""]"
table_1_all.pdf,section_ii,6,43,44,tbl-112.md,tbl-114.md,5,1,matched,Minas Geraes,Empresa Força e Luz de Silvestre Ferraz,,Força e Luz,,,,,,11,72,6600,1000110,,,,1,,Silvestre Ferraz,150,150,12,10,Aço...,105,10,Rio Carandahy...,-,"[""Empresa Força e Luz de Silvestre Ferraz"", ""Silvestre Ferraz"", ""Força e Luz"", ""150"", ""150"", ""12"", ""10""]","[""Aço..."", ""105"", ""10"", ""11"", ""72"", ""6.600"", ""1.000 110"", ""1"", ""Rio Carandahy..."", ""-""]"
table_1_all.pdf,section_ii,6,43,44,tbl-112.md,tbl-114.md,6,1,matched,Minas Geraes,Municipalidade de São João d'El-Rey,,—,,,,,,9,8,6000,110,,,,1,,Tiradentes,700,1200,48,80,Ferro...,800,3,Rio Tapanhús...,-,"[""Municipalidade de São João d'El-Rey"", ""Tiradentes"", ""—"", ""700"", ""1 200"", ""48"", ""80""]","[""Ferro..."", ""800"", ""3"", ""9"", ""8"", ""6.000"", ""110"", ""1"", ""Rio Tapanhús..."", ""-""]"
table_1_all.pdf,section_ii,6,43,44,tbl-112.md,tbl-114.md,7,1,matched,Minas Geraes,Companhia Turvense de Luz e Força,,—,,,,,,6,25,4000,220,,,,-,,Turvo,130,300,50,100,Chapas de ferro...,1250,20,Rio Uberabinha...,-,"[""Companhia Turvense de Luz e Força"", ""Turvo"", ""—"", ""130"", ""300"", ""50"", ""100""]","[""Chapas de ferro..."", ""1.250"", ""20"", ""6"", ""25"", ""4.000"", ""220"", ""-"", ""Rio Uberabinha..."", ""-""]"
table_1_all.pdf,section_ii,6,43,44,tbl-112.md,tbl-114.md,8,1,matched,Minas Geraes,Companhia Luz e Força de Uberabinha,,—,,,,,,4,(1),110,(1)110,,,,-,,Uberabinha,1500,12000,27,64,Ferro...,-,-,Rio Turvo Sujo...,-,"[""Companhia Luz e Força de Uberabinha"", ""Uberabinha"", ""—"", ""1 500"", ""12 000"", ""27"", ""64""]","[""Ferro..."", ""-"", ""-"", ""4"", ""(1)"", ""110"", ""(1) 110"", ""-"", ""Rio Turvo Sujo..."", ""-""]"
table_1_all.pdf,section_ii,6,43,44,tbl-112.md,tbl-114.md,9,1,matched,Minas Geraes,Companhia Fiação e Tecidos São Sylvestre,,São Sylvestre,,,,,,7,-,6600,110,,,,-,,Viçosa,150,150,8,—,-,-,-,Correço Grande ou Bagre...,-,"[""Companhia Fiação e Tecidos São Sylvestre"", ""Viçosa"", ""São Sylvestre"", ""150"", ""150"", ""8"", ""—""]","[""-"", ""-"", ""-"", ""7"", ""-"", ""6.600"", ""110"", ""-"", ""Correço Grande ou Bagre..."", ""-""]"
table_1_all.pdf,section_ii,6,43,44,tbl-112.md,tbl-114.md,10,1,matched,Minas Geraes,Empresa Força e Luz Hervalense,,—,,,,,,,,30000,5000,,,,1,,Viçosa,150,150,—,—,Aço...,800,4,Rio do Peixe...,4100000,"[""Empresa Força e Luz Hervalense"", ""Viçosa"", ""—"", ""150"", ""150"", ""—"", ""—""]","[""Aço..."", ""800"", ""4"", """", """", ""30.000"", ""5.000"", ""1"", ""Rio do Peixe..."", ""4.100.000""]"
table_1_all.pdf,section_ii,6,43,44,tbl-112.md,tbl-114.md,11,1,matched,Minas Geraes,St John del Rey Mining Company Limited,,A,,,,,,50,68,15000,380,,,,,,Villa Nova de Lima,335,720,34,1770,,1020,8,Rio de Veiga...,,"[""St John del Rey Mining Company Limited"", ""Villa Nova de Lima"", ""A"", ""335"", ""720"", ""34"", ""1 770""]","["""", ""1.020"", ""8"", ""50"", ""68"", ""15.000"", ""380"", """", ""Rio de Veiga..."", """"]"
table_1_all.pdf,section_ii,6,43,44,tbl-112.md,tbl-114.md,12,1,matched,Minas Geraes,,,B,,,,,,,,5000,220,,,,,,,402,560,26,,,1090,10,Rio de Veiga dos Macacos...,,"["""", """", ""B"", ""402"", ""560"", ""26"", """"]","["""", ""1.090"", ""10"", """", """", ""5.000"", ""220"", """", ""Rio de Veiga dos Macacos..."", """"]"
table_1_all.pdf,section_ii,6,43,44,tbl-112.md,tbl-114.md,13,1,matched,Minas Geraes,,,C,,,,,,,,,,,,,,,,911,1120,53,,,1120,,Rio de Veiga dos Crystaes...,,"["""", """", ""C"", ""911"", ""1 120"", ""53"", """"]","["""", ""1.120"", """", """", """", """", """", """", ""Rio de Veiga dos Crystaes..."", """"]"
table_1_all.pdf,section_ii,6,43,44,tbl-112.md,tbl-114.md,14,1,matched,Minas Geraes,,,D,,,,,,,,,,,,,,,,1876,1950,78,,,,,Rio de Veiga do Retiro...,,"["""", """", ""D"", ""1 876"", ""1 950"", ""78"", """"]","["""", """", """", """", """", """", """", """", ""Rio de Veiga do Retiro..."", """"]"
table_1_all.pdf,section_ii,6,43,44,tbl-112.md,tbl-114.md,15,1,matched,Minas Geraes,,,E,,,,,,10,5,2200,110,,,,1,,,1876,1950,78,,Ferro...,300,2,Rio de Veiga Cardoso...,-,"["""", """", ""E"", ""1 876"", ""1 950"", ""78"", """"]","[""Ferro..."", ""300"", ""2"", ""10"", ""5"", ""2.200"", ""110"", ""1"", ""Rio de Veiga Cardoso..."", ""-""]"
table_1_all.pdf,section_ii,6,43,44,tbl-112.md,tbl-114.md,16,1,matched,Minas Geraes,,,Gaya,,,,,,3,4,2200,10,,,,1,,,402,600,25,,Madeira...,-,-,Rio Conquista ou das Almas...,-,"["""", """", ""Gaya"", ""402"", ""600"", ""25"", """"]","[""Madeira..."", ""-"", ""-"", ""3"", ""4"", ""2.200"", ""10"", ""1"", ""Rio Conquista ou das Almas..."", ""-""]"
table_1_all.pdf,section_ii,6,43,44,tbl-112.md,,17,1,left_only,Minas Geraes,,,Crystacs,,,,,,,,,,,,,,,,154,450,21,,,,,,,"["""", """", ""Crystacs"", ""154"", ""450"", ""21"", """"]",
table_1_all.pdf,section_ii,6,43,44,tbl-112.md,,18,1,left_only,Minas Geraes,,,Retiro,,,,,,,,,,,,,,,,67,260,13,,,,,,,"["""", """", ""Retiro"", ""67"", ""260"", ""13"", """"]",
table_1_all.pdf,section_ii,6,43,44,tbl-112.md,,19,1,left_only,Minas Geraes,Municipalidade de Villa Nova de Rezende,,Oso,,,,,,,,,,,,,,,Villa Nova de Rezende,15,300,17,30,,,,,,"[""Municipalidade de Villa Nova de Rezende"", ""Villa Nova de Rezende"", ""Oso"", ""15"", ""300"", ""17"", ""30""]",
table_1_all.pdf,section_ii,6,43,44,tbl-112.md,,20,1,left_only,Minas Geraes,,,Conquista,,,,,,,,,,,,,,,,20,20,7,8,,,,,,"["""", """", ""Conquista"", ""20"", ""20"", ""7"", ""8""]",
table_1_all.pdf,section_ii,7,45,46,tbl-115.md,tbl-121.md,1,1,matched,Parahyba,,,,,,,,,16,18,2000,120,,,,3,,,HPCapacitédel'installationélectriqueHP,MPCapacitétotaledelachuted'eauycompriscelledelapartiedéjàcaptéeHP,,,Ferro e cimento.,500,9,Rio Camuçá.,500,"["""", """", """", ""H P Capacité de l'installation électrique H P"", ""M P Capacité totale de la chute d'eau y compris celle de la partie déjà captée H P"", """", """"]","[""Ferro e cimento."", ""500"", ""9"", ""16"", ""18"", ""2.000"", ""120"", ""3"", ""Rio Camuçá."", ""500""]"
table_1_all.pdf,section_ii,7,45,46,tbl-116.md,tbl-121.md,2,1,matched,Parahyba,Empresa Hydro-Electrica Borborema,,—,,,,,,,,,,,,,,,Bananeiras,50,200,130,200,PARANÁ,,,,,"[""Empresa Hydro-Electrica Borborema"", ""Bananeiras"", ""—"", ""50"", ""200"", ""130"", ""200""]","[""PARANÁ"", """", """", """", """", """", """", """", """", """"]"
table_1_all.pdf,section_ii,7,45,46,tbl-117.md,tbl-121.md,3,1,matched,Parahyba,Antonio Meirelles Sobrinho,,Irahysinho,,,,,,-,2,-,220,,,,-,,Dendoro,12,15,4,—,-,-,-,Rio Irahyzinho.,10000,"[""Antonio Meirelles Sobrinho"", ""Dendoro"", ""Irahysinho"", ""12"", ""15"", ""4"", ""—""]","[""-"", ""-"", ""-"", ""-"", ""2"", ""-"", ""220"", ""-"", ""Rio Irahyzinho."", ""10.000""]"
table_1_all.pdf,section_ii,7,45,46,tbl-117.md,tbl-121.md,4,1,matched,Parahyba,Municipalidade de Palmeira,,—,,,,,,12,4,5000,110,,,,1,,Palmeira,90,180,14,40,Ferro.,800,20,Rio do Salto.,40,"[""Municipalidade de Palmeira"", ""Palmeira"", ""—"", ""90"", ""180"", ""14"", ""40""]","[""Ferro."", ""800"", ""20"", ""12"", ""4"", ""5.000"", ""110"", ""1"", ""Rio do Salto."", ""40""]"
table_1_all.pdf,section_ii,7,45,46,tbl-117.md,tbl-121.md,5,1,matched,Parahyba,E de Melhoramentos Urbanos de Paranaguá,,Rio Miranda,,,,,,16,20,11000,220,,,,1,,Paranaguá,750,1500,96,300,Aço.,600,20,Rio Miranda.,-,"[""E de Melhoramentos Urbanos de Paranaguá"", ""Paranaguá"", ""Rio Miranda"", ""750"", ""1 500"", ""96"", ""300""]","[""Aço."", ""600"", ""20"", ""16"", ""20"", ""11.000"", ""220"", ""1"", ""Rio Miranda."", ""-""]"
table_1_all.pdf,section_ii,7,45,46,tbl-117.md,tbl-121.md,6,1,matched,Parahyba,José Fanchin,,—,,,,,,16,20,11000,110,,,,1,,Pirahy,20,—,4,—,-,300,10,Rio Miranda.,-,"[""José Fanchin"", ""Pirahy"", ""—"", ""20"", ""—"", ""4"", ""—""]","[""-"", ""300"", ""10"", ""16"", ""20"", ""11.000"", ""110"", ""1"", ""Rio Miranda."", ""-""]"
table_1_all.pdf,section_ii,7,45,46,tbl-117.md,tbl-121.md,7,1,matched,Parahyba,Martins & Carvalho,,Pitanguy,,,,,,-,4,-,220,,,,-,,Ponta Grossa,600,1200,15,74,-,-,-,Ribeirão Pirahy.,4000,"[""Martins & Carvalho"", ""Ponta Grossa"", ""Pitanguy"", ""600"", ""1 200"", ""15"", ""74""]","[""-"", ""-"", ""-"", ""-"", ""4"", ""-"", ""220"", ""-"", ""Ribeirão Pirahy."", ""4.000""]"
table_1_all.pdf,section_ii,7,45,46,tbl-117.md,tbl-121.md,8,1,matched,Parahyba,Dursky & Companhia,,—,,,,,,8,17,10000,220,,,,1,,Prudentopolis,60,1000,21,50,Aço.,900,7,Rio Pitanguy.,-,"[""Dursky & Companhia"", ""Prudentopolis"", ""—"", ""60"", ""1 000"", ""21"", ""50""]","[""Aço."", ""900"", ""7"", ""8"", ""17"", ""10.000"", ""220"", ""1"", ""Rio Pitanguy."", ""-""]"
table_1_all.pdf,section_ii,7,45,46,tbl-117.md,tbl-121.md,9,1,matched,Parahyba,Heraclito de Magalhães,,—,,,,,,7,-,3200,120,,,,1,,São José da Bôa Vista,5,5,6,8,Aço.,550,5,Rio dos Patos.,-,"[""Heraclito de Magalhães"", ""São José da Bôa Vista"", ""—"", ""5"", ""5"", ""6"", ""8""]","[""Aço."", ""550"", ""5"", ""7"", ""-"", ""3.200"", ""120"", ""1"", ""Rio dos Patos."", ""-""]"
table_1_all.pdf,section_ii,7,45,46,tbl-118.md,tbl-121.md,10,1,matched,Parahyba,Empresa de Luz Cabense,,—,,,,,,1,-,220,220,,,,-,,Cabo,45,(1),—,—,Madeira.,440,50,Ribeirão da Pescaria.,-,"[""Empresa de Luz Cabense"", ""Cabo"", ""—"", ""45"", ""(1)"", ""—"", ""—""]","[""Madeira."", ""440"", ""50"", ""1"", ""-"", ""220"", ""220"", ""-"", ""Ribeirão da Pescaria."", ""-""]"
table_1_all.pdf,section_ii,7,45,46,tbl-119.md,tbl-121.md,11,1,matched,Parahyba,Empresa Fluminense de Força e Luz,,Quirino,,,,,,,,,,,,,,,Barra do Pirahy,200,250,105,2000,PERNAMBUCO,,,,,"[""Empresa Fluminense de Força e Luz"", ""Barra do Pirahy"", ""Quirino"", ""200"", ""250"", ""105"", ""2 000""]","[""PERNAMBUCO"", """", """", """", """", """", """", """", """", """"]"
table_1_all.pdf,section_ii,7,45,46,tbl-119.md,tbl-121.md,12,1,matched,Parahyba,Companhia Fiação e Tecidos São José,,Chalet,,,,,,-,-,-,220,,,,-,,Barra Mansa,120,120,25,90,-,-,-,(1),-,"[""Companhia Fiação e Tecidos São José"", ""Barra Mansa"", ""Chalet"", ""120"", ""120"", ""25"", ""90""]","[""-"", ""-"", ""-"", ""-"", ""-"", ""-"", ""220"", ""-"", ""(1)"", ""-""]"
table_1_all.pdf,section_ii,7,45,46,tbl-119.md,tbl-121.md,13,1,matched,Parahyba,Luiz Corrêa da Rocha Sobrinho,,Banquete,,,,,,,,,,,,,,,Bom Jardim,60,900,6,240,RIO DE JANEIRO,,,,,"[""Luiz Corrêa da Rocha Sobrinho"", ""Bom Jardim"", ""Banquete"", ""60"", ""900"", ""6"", ""240""]","[""RIO DE JANEIRO"", """", """", """", """", """", """", """", """", """"]"
table_1_all.pdf,section_ii,7,45,46,tbl-119.md,tbl-121.md,14,1,matched,Parahyba,Herdeiros de José Constancio Monnerat,,Santo Antonio,,,,,,31,6,13200,2300,,,,1,,Cantagallo,200,200,9,30,Ferro fundido.,600,7,Ribeirão do Quirino.,-,"[""Herdeiros de José Constancio Monnerat"", ""Cantagallo"", ""Santo Antonio"", ""200"", ""200"", ""9"", ""30""]","[""Ferro fundido."", ""600"", ""7"", ""31"", ""6"", ""13.200"", ""2.300"", ""1"", ""Ribeirão do Quirino."", ""-""]"
table_1_all.pdf,section_ii,7,45,46,tbl-119.md,tbl-121.md,15,1,matched,Parahyba,Empresa Força e Luz Ibero-Americana,,Chave do Vaz,,,,,,6,4,3300,220,,,,1,,Cantagallo,1500,1500,70,120,Ferro batido.,400,3,Rio da Bocaina.,-,"[""Empresa Força e Luz Ibero-Americana"", ""Cantagallo"", ""Chave do Vaz"", ""1 500"", ""1 500"", ""70"", ""120""]","[""Ferro batido."", ""400"", ""3"", ""6"", ""4"", ""3.300"", ""220"", ""1"", ""Rio da Bocaina."", ""-""]"
table_1_all.pdf,section_ii,7,45,46,tbl-119.md,tbl-121.md,16,1,matched,Parahyba,Municipalidade de Carmo,,Emboque,,,,,,19,-,2200,220,,,,4,,Carmo,150,150,36,150,Aço e cimento.,450,3,Rio Grande.,1600,"[""Municipalidade de Carmo"", ""Carmo"", ""Emboque"", ""150"", ""150"", ""36"", ""150""]","[""Aço e cimento."", ""450"", ""3"", ""19"", ""-"", ""2.200"", ""220"", ""4"", ""Rio Grande."", ""1.600""]"
table_1_all.pdf,section_ii,7,45,46,,tbl-121.md,17,1,right_only,Parahyba,,,,,,,,,18,12,6600,220,,,,3,,,,,,,Ferro.,400,3,Rio Negro.,-,,"[""Ferro."", ""400"", ""3"", ""18"", ""12"", ""6.600"", ""220"", ""3"", ""Rio Negro."", ""-""]"
table_1_all.pdf,section_ii,7,45,46,,tbl-121.md,18,1,right_only,Parahyba,,,,,,,,,39,8,11000,220,,,,2,,,,,,,Chapas de ferro.,500,4,Rio Negro.,60,,"[""Chapas de ferro."", ""500"", ""4"", ""39"", ""8"", ""11.000"", ""220"", ""2"", ""Rio Negro."", ""60""]"
table_1_all.pdf,section_ii,7,45,46,,tbl-121.md,19,1,right_only,Parahyba,,,,,,,,,1,6,3000,220,,,,1,,,,,,,Ferro batido.,800,3,Rio Emboque.,-,,"[""Ferro batido."", ""800"", ""3"", ""1"", ""6"", ""3.000"", ""220"", ""1"", ""Rio Emboque."", ""-""]"
table_1_all.pdf,section_ii,8,47,48,tbl-122.md,tbl-124.md,1,1,matched,Parahyba,Regino Monastat,,São José,,,,,,3,3,1500,220,,,,1,,Duas Barras,25,50,12,,Ferro.,400,3,Rio Negro.,-,"[""Regino Monastat"", ""Duas Barras"", ""São José"", ""25"", ""50"", ""12"", """"]","[""Ferro."", ""400"", ""3"", ""3"", ""3"", ""1.500"", ""220"", ""1"", ""Rio Negro."", ""-""]"
table_1_all.pdf,section_ii,8,47,48,tbl-122.md,tbl-124.md,2,1,matched,Parahyba,Julius Alp & Companhia,,—,,,,,,7,50,5000,220,,,,1,,Nova Friburgo,500,500,57,,Ferro.,900,15,Rio Santo Antonio.,-,"[""Julius Alp & Companhia"", ""Nova Friburgo"", ""—"", ""500"", ""500"", ""57"", """"]","[""Ferro."", ""900"", ""15"", ""7"", ""50"", ""5 000"", ""220"", ""1"", ""Rio Santo Antonio."", ""-""]"
table_1_all.pdf,section_ii,8,47,48,tbl-122.md,tbl-124.md,3,1,matched,Parahyba,Companhia Brasileira de Energia Eléctrica,,Alberto Torres,,,,,,98,-,44000,220,,,,1,,Parahyba do Sul,18000,18000,50,,Aço.,2500,20,Rios Piabanha e Fagundes,2000,"[""Companhia Brasileira de Energia Eléctrica"", ""Parahyba do Sul"", ""Alberto Torres"", ""18 000"", ""18 000"", ""50"", """"]","[""Aço."", ""2.500"", ""20"", ""98"", ""-"", ""44.000"", ""220"", ""1"", ""Rios Piabanha e Fagundes"", ""2.000""]"
table_1_all.pdf,section_ii,8,47,48,tbl-122.md,tbl-124.md,4,1,matched,Parahyba,"The Rio de Janeiro Tramway, Light and Power Company, Limited",,Parahybuna,,,,,,120,62,30000,220,,,,1,,Parahyba do Sul,1200,1200,7,,Madeira.,-,-,Rio Parahybuna.,-,"[""The Rio de Janeiro Tramway, Light and Power Company, Limited"", ""Parahyba do Sul"", ""Parahybuna"", ""1 200"", ""1 200"", ""7"", """"]","[""Madeira."", ""-"", ""-"", ""120"", ""62"", ""30.000"", ""220"", ""1"", ""Rio Parahybuna."", ""-""]"
table_1_all.pdf,section_ii,8,47,48,tbl-122.md,tbl-124.md,5,1,matched,Parahyba,,,Ribeirão das Lages,,,,,,81,7474,88000,217,,,,3,,Pirahy,60000,80000,310,,Aço.,2450,10,Rio Pirahy.,192000000,"["""", ""Pirahy"", ""Ribeirão das Lages"", ""60 000"", ""80 000"", ""310"", """"]","[""Aço."", ""2.450"", ""10"", ""81"", ""7.474"", ""88.000"", ""217"", ""3"", ""Rio Pirahy."", ""192.000.000""]"
table_1_all.pdf,section_ii,8,47,48,tbl-122.md,tbl-124.md,6,1,matched,Parahyba,Empresa Industrial Santa Theresa,,—,,,,,,6,22,2200,216,,,,2,,Pariaty,120,1000,27,,Canal.,-,-,Rio Piqué-assé.,-,"[""Empresa Industrial Santa Theresa"", ""Pariaty"", ""—"", ""120"", ""1 000"", ""27"", """"]","[""Canal."", ""-"", ""-"", ""6"", ""22"", ""2.200"", ""216"", ""2"", ""Rio Piqué-assé."", ""-""]"
table_1_all.pdf,section_ii,8,47,48,tbl-122.md,tbl-124.md,7,1,matched,Parahyba,Companhia Força e Luz Norte Fluminense,,—,,,,,,200,100,15750,220,,,,1,,Santo Antonio de Padua,700,3000,16,,Canal.,-,-,Rio Muriahé.,-,"[""Companhia Força e Luz Norte Fluminense"", ""Santo Antonio de Padua"", ""—"", ""700"", ""3 000"", ""16"", """"]","[""Canal."", ""-"", ""-"", ""200"", ""100"", ""15.750"", ""220"", ""1"", ""Rio Muriahé."", ""-""]"
table_1_all.pdf,section_ii,8,47,48,tbl-122.md,tbl-124.md,8,1,matched,Parahyba,J Moraes,,—,,,,,,1,1,120,120,,,,-,,São Francisco de Paula,40,—,11,,Aço.,450,3,Ribeirão das Neves.,-,"[""J Moraes"", ""São Francisco de Paula"", ""—"", ""40"", ""—"", ""11"", """"]","[""Aço."", ""450"", ""3"", ""1"", ""1"", ""120"", ""120"", ""-"", ""Ribeirão das Neves."", ""-""]"
table_1_all.pdf,section_ii,8,47,48,tbl-122.md,tbl-124.md,9,1,matched,Parahyba,Municipalidade de Sumidouro,,Sumidouro,,,,,,2,2,220,220,,,,-,,Sumidouro,30,50,3,,Ferro.,800,16,Rio Paquequer.,-,"[""Municipalidade de Sumidouro"", ""Sumidouro"", ""Sumidouro"", ""30"", ""50"", ""3"", """"]","[""Ferro."", ""800"", ""16"", ""2"", ""2"", ""220"", ""220"", ""-"", ""Rio Paquequer."", ""-""]"
table_1_all.pdf,section_ii,8,47,48,tbl-122.md,tbl-125.md,10,1,matched,Rio Grande do Sul,Municipalidade de Alfredo Chaves,,—,,,,,,-,5,-,220,,,,-,,Alfredo Chaves,42,52,12,,Aço.,500,6,Rio Retiro.,-,"[""Municipalidade de Alfredo Chaves"", ""Alfredo Chaves"", ""—"", ""42"", ""52"", ""12"", """"]","[""Aço."", ""500"", ""6"", ""-"", ""5"", ""-"", ""220"", ""-"", ""Rio Retiro."", ""-""]"
table_1_all.pdf,section_ii,8,47,48,tbl-122.md,tbl-125.md,11,1,matched,Rio Grande do Sul,Salathiel Soares de Barros & Companhia,,—,,,,,,14,13,10000,220,,,,2,,Cruz Alta,200,300,7,,Ferro.,1100,15,Arroio Ingles.,120000,"[""Salathiel Soares de Barros & Companhia"", ""Cruz Alta"", ""—"", ""200"", ""300"", ""7"", """"]","[""Ferro."", ""1.100"", ""15"", ""14"", ""13"", ""10.000"", ""220"", ""2"", ""Arroio Ingles."", ""120.000""]"
table_1_all.pdf,section_ii,8,47,48,tbl-122.md,tbl-125.md,12,1,matched,Rio Grande do Sul,Ruschel & Irmãos,,—,,,,,,6,24,3300,220,,,,1,,Estrella,80,80,16,,Ferro.,500,6,Arroio Estrella.,-,"[""Ruschel & Irmãos"", ""Estrella"", ""—"", ""80"", ""80"", ""16"", """"]","[""Ferro."", ""500"", ""6"", ""6"", ""24"", ""3.300"", ""220"", ""1"", ""Arroio Estrella."", ""-""]"
table_1_all.pdf,section_ii,8,47,48,tbl-122.md,tbl-125.md,13,1,matched,Rio Grande do Sul,Guilherme Mollmann,,—,,,,,,1,1,1250,220,,,,-,,Garibaldi,6,14,5,,-,-,-,Arroio da Sella.,-,"[""Guilherme Mollmann"", ""Garibaldi"", ""—"", ""6"", ""14"", ""5"", """"]","[""-"", ""-"", ""-"", ""1"", ""1"", ""1.250"", ""220"", ""-"", ""Arroio da Sella."", ""-""]"
table_1_all.pdf,section_ii,8,47,48,tbl-122.md,tbl-125.md,14,1,matched,Rio Grande do Sul,Municipalidade de Passo Fundo,,Municipal,,,,,,21,22,10000,220,,,,-,,Passo Fundo,560,600,18,,Ferro.,700,6,Rio Taquary.,9000,"[""Municipalidade de Passo Fundo"", ""Passo Fundo"", ""Municipal"", ""560"", ""600"", ""18"", """"]","[""Ferro."", ""700"", ""6"", ""21"", ""22"", ""10.000"", ""220"", ""-"", ""Rio Taquary."", ""9.000""]"
table_1_all.pdf,section_ii,8,47,48,tbl-122.md,tbl-125.md,15,1,matched,Rio Grande do Sul,Irmãos Corso & Companhia (1),,—,,,,,,-,1,-,250,,,,-,,São Francisco de Paula de Cima da Serra,16,20,5,,-,-,-,-,-,"[""Irmãos Corso & Companhia (1)"", ""São Francisco de Paula de Cima da Serra"", ""—"", ""16"", ""20"", ""5"", """"]","[""-"", ""-"", ""-"", ""-"", ""1"", ""-"", ""250"", ""-"", ""-"", ""-""]"
table_1_all.pdf,section_ii,8,47,48,tbl-122.md,tbl-125.md,16,1,matched,Rio Grande do Sul,Municipalidade de São Leopoldo,,Picada 48,,,,,,30,30,5250,220,,,,8,,São Leopoldo,300,300,48,,Ferro e cimento.,800,15,Arroio Feitoria.,-,"[""Municipalidade de São Leopoldo"", ""São Leopoldo"", ""Picada 48"", ""300"", ""300"", ""48"", """"]","[""Ferro e cimento."", ""800"", ""15"", ""30"", ""30"", ""5.250"", ""220"", ""8"", ""Arroio Feitoria."", ""-""]"
table_1_all.pdf,section_ii,9,49,50,tbl-126.md,tbl-130.md,1,1,matched,Rio Grande do Sul,,,,,,,,,130,43,220008500,220,,,,6,,,HP,HP,Haute-delachuted'eauMètres,Mètres,Water-castle,-,-,Rio Itajahy-assú.,-,"["""", """", """", ""H P"", ""H P"", ""Haute- de la chute d'eau Mètres"", ""Mètres""]","[""Water-castle"", ""-"", ""-"", ""130"", ""43"", ""22.000 8.500"", ""220"", ""6"", ""Rio Itajahy-assú."", ""-""]"
table_1_all.pdf,section_ii,9,49,50,tbl-127.md,tbl-130.md,2,1,matched,Rio Grande do Sul,Empresa Força e Luz de Santa Catharina,,—,,,,,,3,3,220,220,,,,-,,Blumenau,5000,20000,15,—,Canal,-,-,Rio Turvo.,3000,"[""Empresa Força e Luz de Santa Catharina"", ""Blumenau"", ""—"", ""5 000"", ""20 000"", ""15"", ""—""]","[""Canal"", ""-"", ""-"", ""3"", ""3"", ""220"", ""220"", ""-"", ""Rio Turvo."", ""3.000""]"
table_1_all.pdf,section_ii,9,49,50,tbl-127.md,tbl-130.md,3,1,matched,Rio Grande do Sul,Izabel Knonz Duarte,,Santa Izabel,,,,,,17,35,11000,400200,,,,1,,Campo Alegre,12,100,24,—,Ferro,650,10,Rio Imaroim.,11000,"[""Izabel Knonz Duarte"", ""Campo Alegre"", ""Santa Izabel"", ""12"", ""100"", ""24"", ""—""]","[""Ferro"", ""650"", ""10"", ""17"", ""35"", ""11.000"", ""400 200"", ""1"", ""Rio Imaroim."", ""11.000""]"
table_1_all.pdf,section_ii,9,49,50,tbl-127.md,tbl-130.md,4,1,matched,Rio Grande do Sul,Governo do Estado de Santa Catharina,,Maroim,,,,,,17,34,20000,220,,,,1,,Florianopolis,900,1200,35,225,Aço,500,168,Rio Pirahy.,3000,"[""Governo do Estado de Santa Catharina"", ""Florianopolis"", ""Maroim"", ""900"", ""1 200"", ""35"", ""225""]","[""Aço"", ""500"", ""16 8"", ""17"", ""34"", ""20.000"", ""220"", ""1"", ""Rio Pirahy."", ""3.000""]"
table_1_all.pdf,section_ii,9,49,50,tbl-127.md,tbl-130.md,5,1,matched,Rio Grande do Sul,"E Joinvillense de Electricidade, Luz e Força",,Pirahy,,,,,,18,-,10000,214,,,,-,,Joinville,900,2000,335,961,-,-,-,-,-,"[""E Joinvillense de Electricidade, Luz e Força"", ""Joinville"", ""Pirahy"", ""900"", ""2 000"", ""335"", ""961""]","[""-"", ""-"", ""-"", ""18"", ""-"", ""10.000"", ""214"", ""-"", ""-"", ""-""]"
table_1_all.pdf,section_ii,9,49,50,tbl-127.md,tbl-130.md,6,1,matched,Rio Grande do Sul,Empresa de Electricidade de Lages,,—,,,,,,15,30,60002000,2000220,,,,2,,Lages,150,1500,—,—,Ferro,1000800750,3,Rio São Lourenço.,10000,"[""Empresa de Electricidade de Lages"", ""Lages"", ""—"", ""150"", ""1 500"", ""—"", ""—""]","[""Ferro"", ""1.000 800 750"", ""3"", ""15"", ""30"", ""6.000 2.000"", ""2.000 220"", ""2"", ""Rio São Lourenço."", ""10.000""]"
table_1_all.pdf,section_ii,9,49,50,tbl-127.md,tbl-130.md,7,1,matched,Rio Grande do Sul,N Bley Netto,,São Lourenço,,,,,,5,5,220,220110,,,,-,,Mafra,480,1200,38,80,-,-,-,Ribeirão Alferes.,-,"[""N Bley Netto"", ""Mafra"", ""São Lourenço"", ""480"", ""1 200"", ""38"", ""80""]","[""-"", ""-"", ""-"", ""5"", ""5"", ""220"", ""220 110"", ""-"", ""Ribeirão Alferes."", ""-""]"
table_1_all.pdf,section_ii,9,49,50,tbl-127.md,tbl-130.md,8,1,matched,Rio Grande do Sul,João Bauer,,—,,,,,,7,4,3600,220,,,,1,,Nova Trento,12,50,10,120,Ferro e cimento,900,18,Rio Humboldt ou Vermelho,-,"[""João Bauer"", ""Nova Trento"", ""—"", ""12"", ""50"", ""10"", ""120""]","[""Ferro e cimento"", ""900"", ""18"", ""7"", ""4"", ""3.600"", ""220"", ""1"", ""Rio Humboldt ou Vermelho"", ""-""]"
table_1_all.pdf,section_ii,9,49,50,tbl-127.md,tbl-130.md,9,1,matched,Rio Grande do Sul,Henrique Moeller & Companhia,,—,,,,,,1,-,220,220,,,,-,,São Bento,120,350,37,230,Canal,-,-,Rio Urussanga.,-,"[""Henrique Moeller & Companhia"", ""São Bento"", ""—"", ""120"", ""350"", ""37"", ""230""]","[""Canal"", ""-"", ""-"", ""1"", ""-"", ""220"", ""220"", ""-"", ""Rio Urussanga."", ""-""]"
table_1_all.pdf,section_ii,9,49,50,tbl-127.md,tbl-131.md,10,1,matched,São Paulo,Antonio Ferraro & Angelo Antonio Nichel,,—,,,,,,12,180,187506000,2200220110,,,,4,,Urussanga,7,—,4,—,Ferro,1000800,7,Ribeirão do Chibarro.,40000,"[""Antonio Ferraro & Angelo Antonio Nichel"", ""Urussanga"", ""—"", ""7"", ""—"", ""4"", ""—""]","[""Ferro"", ""1.000 800"", ""7"", ""12"", ""180"", ""18.750 6.000"", ""2.200 220 110"", ""4"", ""Ribeirão do Chibarro."", ""40.000""]"
table_1_all.pdf,section_ii,9,49,50,tbl-128.md,tbl-131.md,11,1,matched,São Paulo,Empresa de Electricidade de Araraquara,,Chibarro,,,,,,32,-,30000,6000220,,,,3,,Araraquara,2500,3000,75,163,Ferro,2800,5,Rio Jacaré-guassú.,-,"[""Empresa de Electricidade de Araraquara"", ""Araraquara"", ""Chibarro"", ""2 500"", ""3 000"", ""75"", ""163""]","[""Ferro"", ""2.800"", ""5"", ""32"", ""-"", ""30.000"", ""6.000 220"", ""3"", ""Rio Jacaré-guassú."", ""-""]"
table_1_all.pdf,section_ii,9,49,50,tbl-128.md,tbl-131.md,12,1,matched,São Paulo,Empresa Força e Luz do Jahú,,Gavião Peixoto,,,,,,32,-,30000,6000220,,,,5,,Araraquara,6000,10000,13,50,-,-,-,Rio Jahú.,-,"[""Empresa Força e Luz do Jahú"", ""Araraquara"", ""Gavião Peixoto"", ""6 000"", ""10 000"", ""13"", ""50""]","[""-"", ""-"", ""-"", ""32"", ""-"", ""30.000"", ""6.000 220"", ""5"", ""Rio Jahú."", ""-""]"
table_1_all.pdf,section_ii,9,49,50,tbl-128.md,tbl-131.md,13,1,matched,São Paulo,,,—,,,,,,38,-,10000,110,,,,1,,Jahú,500,—,—,—,Aço,600,8,Rio Novo.,-,"["""", ""Jahú"", ""—"", ""500"", ""—"", ""—"", ""—""]","[""Aço"", ""600"", ""8"", ""38"", ""-"", ""10.000"", ""110"", ""1"", ""Rio Novo."", ""-""]"
table_1_all.pdf,section_ii,9,49,50,tbl-128.md,tbl-131.md,14,1,matched,São Paulo,Empresa de Electricidade de Avaré,,—,,,,,,9,-,1800,110,,,,1,,Avaré,200,800,15,200,Ferro,250,20,Rio Bananal.,-,"[""Empresa de Electricidade de Avaré"", ""Avaré"", ""—"", ""200"", ""800"", ""15"", ""200""]","[""Ferro"", ""250"", ""20"", ""9"", ""-"", ""1.800"", ""110"", ""1"", ""Rio Bananal."", ""-""]"
table_1_all.pdf,section_ii,9,49,50,tbl-128.md,tbl-131.md,15,1,matched,São Paulo,Empresa Força e Luz de Bananal,,—,,,,,,15,15,6000,120,,,,1,,Bananal,330,500,220,50,Ferro,650,15,Ribeirão Batataes.,-,"[""Empresa Força e Luz de Bananal"", ""Bananal"", ""—"", ""330"", ""500"", ""220"", ""50""]","[""Ferro"", ""650"", ""15"", ""15"", ""15"", ""6.000"", ""120"", ""1"", ""Ribeirão Batataes."", ""-""]"
table_1_all.pdf,section_ii,9,49,50,tbl-128.md,tbl-131.md,16,1,matched,São Paulo,Companhia de Melhoramentos de Batataes,,—,,,,,,27,14,6000,205120,,,,1,,Batataes,200,600,22,50,Ferro,900,5,Corrego Bebedouro.,600000,"[""Companhia de Melhoramentos de Batataes"", ""Batataes"", ""—"", ""200"", ""600"", ""22"", ""50""]","[""Ferro"", ""900"", ""5"", ""27"", ""14"", ""6.000"", ""205 120"", ""1"", ""Corrego Bebedouro."", ""600.000""]"
table_1_all.pdf,section_ii,9,49,50,tbl-128.md,,17,1,left_only,São Paulo,Empresa Electrica de Bebedouro,,—,,,,,,,,,,,,,,,Bebedouro,200,—,7,12,,,,,,"[""Empresa Electrica de Bebedouro"", ""Bebedouro"", ""—"", ""200"", ""—"", ""7"", ""12""]",
table_1_all.pdf,section_ii,10,51,52,tbl-133.md,tbl-135.md,1,1,matched,São Paulo,Companhia Paulista de Força e Luz,,Rio Pardo,,,,,,12,15,6000,220,,,,1,,Botucatá,200,200,16,30,-,-,-,Rio Pardo.,-,"[""Companhia Paulista de Força e Luz"", ""Botucatá"", ""Rio Pardo"", ""200"", ""200"", ""16"", ""30""]","[""-"", ""-"", ""-"", ""12"", ""15"", ""6.000"", ""220"", ""1"", ""Rio Pardo."", ""-""]"
table_1_all.pdf,section_ii,10,51,52,tbl-133.md,tbl-135.md,2,1,matched,São Paulo,,,—,,,,,,3,18,15000,220,,,,3,,Dous Corregos,250,250,—,—,-,-,-,Rio Jahú.,-,"["""", ""Dous Corregos"", ""—"", ""250"", ""250"", ""—"", ""—""]","[""-"", ""-"", ""-"", ""3"", ""18"", ""15.000"", ""220"", ""3"", ""Rio Jahú."", ""-""]"
table_1_all.pdf,section_ii,10,51,52,tbl-133.md,tbl-135.md,3,1,matched,São Paulo,,,Central,,,,,,30,72,11000,220,,,,3,,Lenções,2000,3000,24,120,Ferro.,1000,6,Rio Lenções.,-,"["""", ""Lenções"", ""Central"", ""2 000"", ""3 000"", ""24"", ""120""]","[""Ferro."", ""1.000"", ""6"", ""30"", ""72"", ""11.000"", ""220"", ""3"", ""Rio Lenções."", ""-""]"
table_1_all.pdf,section_ii,10,51,52,tbl-133.md,tbl-135.md,4,1,matched,São Paulo,,,Avanhandava,,,,,,160,150,30000,220,,,,1,,Pennapolis,3000,60000,18,—,-,-,-,Rio Tieté.,-,"["""", ""Pennapolis"", ""Avanhandava"", ""3 000"", ""60 000"", ""18"", ""—""]","[""-"", ""-"", ""-"", ""160"", ""150"", ""30.000"", ""220"", ""1"", ""Rio Tieté."", ""-""]"
table_1_all.pdf,section_ii,10,51,52,tbl-133.md,tbl-135.md,5,1,matched,São Paulo,Empresa Electrica Bragantina,,Guaraciaba,,,,,,16,45,22500,8000,,,,4,,Bragança,900,1200,12,90,Aço.,1800,8,Rio Jaguary.,300,"[""Empresa Electrica Bragantina"", ""Bragança"", ""Guaraciaba"", ""900"", ""1 200"", ""12"", ""90""]","[""Aço."", ""1.800"", ""8"", ""16"", ""45"", ""22.500"", ""8.000"", ""4"", ""Rio Jaguary."", ""300""]"
table_1_all.pdf,section_ii,10,51,52,tbl-133.md,tbl-135.md,6,1,matched,São Paulo,,,Flôtes,,,,,,,,13000,200,,,,,,»,1500,2500,23,82,Aço.,2000,8,,800,"["""", ""»"", ""Flôtes"", ""1 500"", ""2 500"", ""23"", ""82""]","[""Aço."", ""2.000"", ""8"", """", """", ""13.000"", ""200"", """", """", ""800""]"
table_1_all.pdf,section_ii,10,51,52,tbl-133.md,tbl-135.md,7,1,matched,São Paulo,Companhia Força e Luz de Brotas,,—,,,,,,,,8000,114,,,,,,Brotas,1500,1500,18,20,,,,,,"[""Companhia Força e Luz de Brotas"", ""Brotas"", ""—"", ""1 500"", ""1 500"", ""18"", ""20""]","["""", """", """", """", """", ""8.000"", ""114"", """", """", """"]"
table_1_all.pdf,section_ii,10,51,52,tbl-133.md,tbl-135.md,8,1,matched,São Paulo,Empresa Força e Luz de Buquira,,Odette,,,,,,48,53,15000,220,,,,2,,Buquira,20,1000,20,—,Aço.,-,-,Rio Jacaré-pepira.,-,"[""Empresa Força e Luz de Buquira"", ""Buquira"", ""Odette"", ""20"", ""1 000"", ""20"", ""—""]","[""Aço."", ""-"", ""-"", ""48"", ""53"", ""15.000"", ""220"", ""2"", ""Rio Jacaré-pepira."", ""-""]"
table_1_all.pdf,section_ii,10,51,52,tbl-133.md,tbl-135.md,9,1,matched,São Paulo,Emilio Kunch & Companhia,,Guazinduba,,,,,,2,3,220,220,,,,-,,Cabreúva,125,1000,80,800,-,-,-,Rio Ferrão.,-,"[""Emilio Kunch & Companhia"", ""Cabreúva"", ""Guazinduba"", ""125"", ""1 000"", ""80"", ""800""]","[""-"", ""-"", ""-"", ""2"", ""3"", ""220"", ""220"", ""-"", ""Rio Ferrão."", ""-""]"
table_1_all.pdf,section_ii,10,51,52,tbl-133.md,tbl-135.md,10,1,matched,São Paulo,E Hydro-Electrica da Serra da Bocaina,,Patmos,,,,,,30,20,6000,110,,,,-,,Cachoeira,400,3000,250,460,Ferro.,600,20,Ribeirão Guaxinduha.,12000,"[""E Hydro-Electrica da Serra da Bocaina"", ""Cachoeira"", ""Patmos"", ""400"", ""3 000"", ""250"", ""460""]","[""Ferro."", ""600"", ""20"", ""30"", ""20"", ""6.000"", ""110"", ""-"", ""Ribeirão Guaxinduha."", ""12.000""]"
table_1_all.pdf,section_ii,10,51,52,tbl-133.md,tbl-135.md,11,1,matched,São Paulo,Empresa Nacional de Electricidade (1),,Santa Celida,,,,,,24,250,6000,220,,,,2,,Caconde,600,15000,15,25,Aço.,1000,5,Arroio do Bravo.,-,"[""Empresa Nacional de Electricidade (1)"", ""Caconde"", ""Santa Celida"", ""600"", ""15 000"", ""15"", ""25""]","[""Aço."", ""1.000"", ""5"", ""24"", ""250"", ""6.000"", ""220"", ""2"", ""Arroio do Bravo."", ""-""]"
table_1_all.pdf,section_ii,10,51,52,tbl-133.md,tbl-135.md,12,1,matched,São Paulo,"Companhia Campineira de Tracção, Luz e Força",,Salto Grande,,,,,,5,9,6600,110,,,,1,,Campinas,5000,6000,24,100,Aço.,1600,7,Rio Pardo.,-,"[""Companhia Campineira de Tracção, Luz e Força"", ""Campinas"", ""Salto Grande"", ""5 000"", ""6 000"", ""24"", ""100""]","[""Aço."", ""1.600"", ""7"", ""5"", ""9"", ""6.600"", ""110"", ""1"", ""Rio Pardo."", ""-""]"
table_1_all.pdf,section_ii,10,51,52,tbl-133.md,tbl-135.md,13,1,matched,São Paulo,,,Jaguary,,,,,,18,-,11000,2080,,,,4,,»,7000,21000,50,120,Aço.,2004,12,Rio Atibaia.,1600,"["""", ""»"", ""Jaguary"", ""7 000"", ""21 000"", ""50"", ""120""]","[""Aço."", ""2.004"", ""12"", ""18"", ""-"", ""11.000"", ""2.080"", ""4"", ""Rio Atibaia."", ""1.600""]"
table_1_all.pdf,section_ii,10,51,52,tbl-133.md,tbl-135.md,14,1,matched,São Paulo,"Rawlinson, Muller & Companhia",,Salto Grande,,,,,,20,-,,230,,,,,,Campinas,4000,5000,15,23,Aço.,2010,14,Rio Jaguary.,-,"[""Rawlinson, Muller & Companhia"", ""Campinas"", ""Salto Grande"", ""4 000"", ""5 000"", ""15"", ""23""]","[""Aço."", ""2.010"", ""14"", ""20"", ""-"", """", ""230"", """", ""Rio Jaguary."", ""-""]"
table_1_all.pdf,section_ii,10,51,52,tbl-133.md,tbl-135.md,15,1,matched,São Paulo,Companhia Força e Luz de Casa Branca,,Santa Rita,,,,,,,,115,,,,,,,Casa Branca,250,300,30,75,,,,,,"[""Companhia Força e Luz de Casa Branca"", ""Casa Branca"", ""Santa Rita"", ""250"", ""300"", ""30"", ""75""]","["""", """", """", """", """", ""115"", """", """", """", """"]"
table_1_all.pdf,section_ii,10,51,52,tbl-133.md,tbl-135.md,16,1,matched,São Paulo,Companhia Mogyana de Luz e Força,,Salto Grande,,,,,,40,30,20000,220,,,,6,,Espírito Santo do Pinhal,1250,2500,13,14,Aço.,2200,7,Rio Atibaia.,-,"[""Companhia Mogyana de Luz e Força"", ""Espírito Santo do Pinhal"", ""Salto Grande"", ""1 250"", ""2 500"", ""13"", ""14""]","[""Aço."", ""2.200"", ""7"", ""40"", ""30"", ""20.000"", ""220"", ""6"", ""Rio Atibaia."", ""-""]"
table_1_all.pdf,section_ii,10,51,52,,tbl-135.md,17,1,right_only,São Paulo,,,,,,,,,,,8000,,,,,,,,,,,,,,,,,,"["""", """", """", """", """", ""8.000"", """", """", """", """"]"
table_1_all.pdf,section_ii,10,51,52,,tbl-135.md,18,1,right_only,São Paulo,,,,,,,,,26,11,6500,220,,,,2,,,,,,,Aço.,750,6,Rio Congonhas.,200,,"[""Aço."", ""750"", ""6"", ""26"", ""11"", ""6.500"", ""220"", ""2"", ""Rio Congonhas."", ""200""]"
table_1_all.pdf,section_ii,10,51,52,,tbl-135.md,19,1,right_only,São Paulo,,,,,,,,,,,,110,,,,,,,,,,,,,,,,,"["""", """", """", """", """", """", ""110"", """", """", """"]"
table_1_all.pdf,section_ii,10,51,52,,tbl-135.md,20,1,right_only,São Paulo,,,,,,,,,85,37,6000,2000,,,,2,,,,,,,Aço.,2300,15,Rio Mogy-Guassú.,-,,"[""Aço."", ""2.300"", ""15"", ""85"", ""37"", ""6.000"", ""2.000"", ""2"", ""Rio Mogy-Guassú."", ""-""]"
table_1_all.pdf,section_ii,10,51,52,,tbl-135.md,21,1,right_only,São Paulo,,,,,,,,,,,,220,,,,,,,,,,,,,,,,,"["""", """", """", """", """", """", ""220"", """", """", """"]"
table_1_all.pdf,section_ii,10,51,52,,tbl-135.md,22,1,right_only,São Paulo,,,,,,,,,,,,110,,,,,,,,,,,,,,,,,"["""", """", """", """", """", """", ""110"", """", """", """"]"
table_1_all.pdf,section_ii,11,53,54,tbl-137.md,tbl-139.md,1,1,matched,São Paulo,Empresa Luz e Força Meridional Paulista,,—,,,,,,95,50,33000,220,,,,5,,Faxina,205,—,22,43,Ferro,390,5,Rio Apiahy,-,"[""Empresa Luz e Força Meridional Paulista"", ""Faxina"", ""—"", ""205"", ""—"", ""22"", ""43""]","[""Ferro"", ""390"", ""5"", ""95"", ""50"", ""33.000"", ""220"", ""5"", ""Rio Apiahy"", ""-""]"
table_1_all.pdf,section_ii,11,53,54,tbl-137.md,tbl-139.md,2,1,matched,São Paulo,Companhia Força e Luz Jacarêhy-Guararema,,Putim,,,,,,6,8,6600,110,,,,,,Guararema,800,900,19,70,Ferro,900,20,,,"[""Companhia Força e Luz Jacarêhy-Guararema"", ""Guararema"", ""Putim"", ""800"", ""900"", ""19"", ""70""]","[""Ferro"", ""900"", ""20"", ""6"", ""8"", ""6.600"", ""110"", """", """", """"]"
table_1_all.pdf,section_ii,11,53,54,tbl-137.md,tbl-139.md,3,1,matched,São Paulo,Companhia Luz e Força de Guaratinguetá (1),,Sodré,,,,,,22,24,5250,220,,,,-,,Guaratinguetá,1110,1200,127,1500,Aço,914,10,Rio Putim,-,"[""Companhia Luz e Força de Guaratinguetá (1)"", ""Guaratinguetá"", ""Sodré"", ""1 110"", ""1 200"", ""127"", ""1 500""]","[""Aço"", ""914"", ""10"", ""22"", ""24"", ""5.250"", ""220"", ""-"", ""Rio Putim"", ""-""]"
table_1_all.pdf,section_ii,11,53,54,tbl-137.md,tbl-139.md,4,1,matched,São Paulo,Emp Força e Luz de Ribeirão Preto (2),,Buritys,,,,,,,,,,,,,,,Igarapava,1360,2660,150,250,,,6,,,"[""Emp Força e Luz de Ribeirão Preto (2)"", ""Igarapava"", ""Buritys"", ""1 360"", ""2 660"", ""150"", ""250""]","["""", """", ""6"", """", """", """", """", """", """", """"]"
table_1_all.pdf,section_ii,11,53,54,tbl-137.md,tbl-139.md,5,1,matched,São Paulo,,,Evangelina,,,,,,,,,,,,,,,Ituverava,5000,10000,18,55,,,3,,,"["""", ""Ituverava"", ""Evangelina"", ""5 000"", ""10 000"", ""18"", ""55""]","["""", """", ""3"", """", """", """", """", """", """", """"]"
table_1_all.pdf,section_ii,11,53,54,tbl-137.md,tbl-139.md,6,1,matched,São Paulo,Empresa de Electricidade Sul Paulista,,Turvinho,,,,,,75,350,30000,6000,,,,14,,Itapetininga,500,1000,38,23,Aço,650,10,Rio Piaguy,4000,"[""Empresa de Electricidade Sul Paulista"", ""Itapetininga"", ""Turvinho"", ""500"", ""1 000"", ""38"", ""23""]","[""Aço"", ""650"", ""10"", ""75"", ""350"", ""30.000"", ""6.000"", ""14"", ""Rio Piaguy"", ""4.000""]"
table_1_all.pdf,section_ii,11,53,54,tbl-137.md,tbl-139.md,7,1,matched,São Paulo,Companhia Paulista de Energia Eléctrica (3),,São Lourenço,,,,,,,,,2200,,,,,,Itapolia,300,500,7,—,,,,,,"[""Companhia Paulista de Energia Eléctrica (3)"", ""Itapolia"", ""São Lourenço"", ""300"", ""500"", ""7"", ""—""]","["""", """", """", """", """", """", ""2.200"", """", """", """"]"
table_1_all.pdf,section_ii,11,53,54,tbl-137.md,tbl-139.md,8,1,matched,São Paulo,,,Santa Alice,,,,,,55,,,220,,,,,,São José do Rio Pardo,1000,—,—,—,Aço,2700,5,Rio Sequecahy,-,"["""", ""São José do Rio Pardo"", ""Santa Alice"", ""1 000"", ""—"", ""—"", ""—""]","[""Aço"", ""2.700"", ""5"", ""55"", """", """", ""220"", """", ""Rio Sequecahy"", ""-""]"
table_1_all.pdf,section_ii,11,53,54,tbl-137.md,tbl-139.md,9,1,matched,São Paulo,,,Soccorro,,,,,,,,,,,,,,,Soccorro,150,1000,11,25,,2000,6,,,"["""", ""Soccorro"", ""Soccorro"", ""150"", ""1 000"", ""11"", ""25""]","["""", ""2.000"", ""6"", """", """", """", """", """", """", """"]"
table_1_all.pdf,section_ii,11,53,54,tbl-137.md,tbl-139.md,10,1,matched,São Paulo,"Novaes, Ribas & Companhia",,Symphoroso Queiroz,,,,,,54,15,22000,2000,,,,1,,Itaraté,90,220,32,29,Ferro,1000,12,Rio Turvinho,-,"[""Novaes, Ribas & Companhia"", ""Itaraté"", ""Symphoroso Queiroz"", ""90"", ""220"", ""32"", ""29""]","[""Ferro"", ""1.000"", ""12"", ""54"", ""15"", ""22.000"", ""2.000"", ""1"", ""Rio Turvinho"", ""-""]"
table_1_all.pdf,section_ii,11,53,54,tbl-137.md,tbl-139.md,11,1,matched,São Paulo,Companhia Força e Luz de Jaboticabal,,Corrego Rico,,,,,,,,,220,,,,,,Jaboticabal,475,—,7,—,,,,,,"[""Companhia Força e Luz de Jaboticabal"", ""Jaboticabal"", ""Corrego Rico"", ""475"", ""—"", ""7"", ""—""]","["""", """", """", """", """", """", ""220"", """", """", """"]"
table_1_all.pdf,section_ii,11,53,54,tbl-137.md,tbl-139.md,12,1,matched,São Paulo,Empresa Electrica Curcalinhense,,—,,,,,,27,-,5250,220,,,,1,,Joanopolis,100,—,14,114,-,-,-,Rio São Lourenço,450000,"[""Empresa Electrica Curcalinhense"", ""Joanopolis"", ""—"", ""100"", ""—"", ""14"", ""114""]","[""-"", ""-"", ""-"", ""27"", ""-"", ""5.250"", ""220"", ""1"", ""Rio São Lourenço"", ""450.000""]"
table_1_all.pdf,section_ii,11,53,54,tbl-137.md,tbl-139.md,13,1,matched,São Paulo,Governo do Estado de São Paulo,,Hospício,,,,,,3,-,5300,220,,,,1,,Juquery (4),300,300,25,55,-,-,-,Rio Fartura,-,"[""Governo do Estado de São Paulo"", ""Juquery (4)"", ""Hospício"", ""300"", ""300"", ""25"", ""55""]","[""-"", ""-"", ""-"", ""3"", ""-"", ""5.300"", ""220"", ""1"", ""Rio Fartura"", ""-""]"
table_1_all.pdf,section_ii,11,53,54,tbl-137.md,tbl-139.md,14,1,matched,São Paulo,Municipalidade de Mogy-Mirim,,—,,,,,,3,-,5300,220,,,,1,,Mogy-Mirim,540,1200,3,—,Aço,1500,6,Rio do Peixe,-,"[""Municipalidade de Mogy-Mirim"", ""Mogy-Mirim"", ""—"", ""540"", ""1 200"", ""3"", ""—""]","[""Aço"", ""1.500"", ""6"", ""3"", ""-"", ""5.300"", ""220"", ""1"", ""Rio do Peixe"", ""-""]"
table_1_all.pdf,section_ii,11,53,54,tbl-137.md,tbl-139.md,15,1,matched,São Paulo,Empresa Força e Luz Parahybanense,,—,,,,,,3,8,3000,220,,,,-,,Parahybanu,100,200,40,60,Ferro,2300,6,Rio Tres Barras,-,"[""Empresa Força e Luz Parahybanense"", ""Parahybanu"", ""—"", ""100"", ""200"", ""40"", ""60""]","[""Ferro"", ""2.300"", ""6"", ""3"", ""8"", ""3.000"", ""220"", ""-"", ""Rio Tres Barras"", ""-""]"
table_1_all.pdf,section_ii,11,53,54,,tbl-139.md,16,1,right_only,São Paulo,,,,,,,,,75,89,30000,220,,,,3,,,,,,,-,-,-,Correço Rico,-,,"[""-"", ""-"", ""-"", ""75"", ""89"", ""30.000"", ""220"", ""3"", ""Correço Rico"", ""-""]"
table_1_all.pdf,section_ii,11,53,54,,tbl-139.md,17,1,right_only,São Paulo,,,,,,,,,6,3,6000,110,,,,-,,,,,,,Ferro,660,6,Ribeirão da Moenda,-,,"[""Ferro"", ""660"", ""6"", ""6"", ""3"", ""6.000"", ""110"", ""-"", ""Ribeirão da Moenda"", ""-""]"
table_1_all.pdf,section_ii,11,53,54,,tbl-139.md,18,1,right_only,São Paulo,,,,,,,,,9,7,2000,125,,,,-,,,,,,,Ferro,600,5,Correço Itahim,-,,"[""Ferro"", ""600"", ""5"", ""9"", ""7"", ""2.000"", ""125"", ""-"", ""Correço Itahim"", ""-""]"
table_1_all.pdf,section_ii,11,53,54,,tbl-139.md,19,1,right_only,São Paulo,,,,,,,,,42,22,10000,2000,,,,3,,,,,,,-,-,-,Rio Mogy-Guassú,-,,"[""-"", ""-"", ""-"", ""42"", ""22"", ""10.000"", ""2.000"", ""3"", ""Rio Mogy-Guassú"", ""-""]"
table_1_all.pdf,section_ii,11,53,54,,tbl-139.md,20,1,right_only,São Paulo,,,,,,,,,8,4,4000,120,,,,-,,,,,,,Ferro,500,5,Ribeirão Itapéra,37000,,"[""Ferro"", ""500"", ""5"", ""8"", ""4"", ""4.000"", ""120"", ""-"", ""Ribeirão Itapéra"", ""37.000""]"
table_1_all.pdf,section_ii,12,55,56,tbl-140.md,tbl-142.md,1,1,matched,São Paulo,"The São Paulo Tramway, Light and Power Company, Limited (1)",,Parnahyba,,,,,,30,2422,8800040000,2300,,,,(2),,Parnahyba,21500,32000,23,2740,Aço,36584572,1195,Rio Tieté,202000000,"[""The São Paulo Tramway, Light and Power Company, Limited (1)"", ""Parnahyba"", ""Parnahyba"", ""21 500"", ""32 000"", ""23"", ""2 740""]","[""Aço"", ""3.658 4.572"", ""11 9 5"", ""30"", ""2.422"", ""88.000 40.000"", ""2.300"", ""(2)"", ""Rio Tieté"", ""202.000.000""]"
table_1_all.pdf,section_ii,12,55,56,tbl-140.md,tbl-142.md,2,1,matched,São Paulo,São Paulo Electric Company Limited (3),,Sorocaba,,,,,,63,192,8800024000,2080,,,,(2),,Sorocaba,71400,71400,202,2760,Aço,17301500,2010,Rio Sorocaba,23008200,"[""São Paulo Electric Company Limited (3)"", ""Sorocaba"", ""Sorocaba"", ""71 400"", ""71 400"", ""202"", ""2 760""]","[""Aço"", ""1.730 1.500"", ""20 10"", ""63"", ""192"", ""88.000 24.000"", ""2.080"", ""(2)"", ""Rio Sorocaba"", ""230.082.00""]"
table_1_all.pdf,section_ii,12,55,56,tbl-140.md,tbl-142.md,3,1,matched,São Paulo,Companhia Francana de Electricidade,,Esmeril,,,,,,80,50,16500,220110,,,,1,,Patrocinio do Sapucahy,2500,2500,62,120,Aço,750,5,Rio Esmeril,—,"[""Companhia Francana de Electricidade"", ""Patrocinio do Sapucahy"", ""Esmeril"", ""2 500"", ""2 500"", ""62"", ""120""]","[""Aço"", ""750"", ""5"", ""80"", ""50"", ""16.500"", ""220 110"", ""1"", ""Rio Esmeril"", ""—""]"
table_1_all.pdf,section_ii,12,55,56,tbl-140.md,tbl-142.md,4,1,matched,São Paulo,Rosa & Companhia,,—,,,,,,3,3,2000,220114,,,,—,,Piedade,105,150,27,35,Aço,530,10,Rio Cutiano,80000,"[""Rosa & Companhia"", ""Piedade"", ""—"", ""105"", ""150"", ""27"", ""35""]","[""Aço"", ""530"", ""10"", ""3"", ""3"", ""2.000"", ""220 114"", ""—"", ""Rio Cutiano"", ""80.000""]"
table_1_all.pdf,section_ii,12,55,56,tbl-140.md,tbl-142.md,5,1,matched,São Paulo,Companhia Nacional de Estampatia,,Baptista,,,,,,50,5,30000,2000,,,,1,,Pilar,1770,1770,32,90,Aço,2600,8,Rio Turvo,—,"[""Companhia Nacional de Estampatia"", ""Pilar"", ""Baptista"", ""1 770"", ""1 770"", ""32"", ""90""]","[""Aço"", ""2.600"", ""8"", ""50"", ""5"", ""30.000"", ""2.000"", ""1"", ""Rio Turvo"", ""—""]"
table_1_all.pdf,section_ii,12,55,56,tbl-140.md,tbl-142.md,6,1,matched,São Paulo,Empresa de Electricidade São Paulo e Rio,,Izabel,,,,,,100,37,30000,220110,,,,4,,Pindamonhangaba,4075,4075,9,2500,Aço,500400,256,Corrego Saccatrapó,400000,"[""Empresa de Electricidade São Paulo e Rio"", ""Pindamonhangaba"", ""Izabel"", ""4 075"", ""4 075"", ""9"", ""2 500""]","[""Aço"", ""500 400"", ""25 6"", ""100"", ""37"", ""30.000"", ""220 110"", ""4"", ""Corrego Saccatrapó"", ""400.000""]"
table_1_all.pdf,section_ii,12,55,56,tbl-140.md,tbl-142.md,7,1,matched,São Paulo,Matheus & Companhia,,Lagrado,,,,,,6,5,4000,200,,,,—,,Pitacais,110,200,5,70,Aço,14001300,7,Rio Cachoeira,—,"[""Matheus & Companhia"", ""Pitacais"", ""Lagrado"", ""110"", ""200"", ""5"", ""70""]","[""Aço"", ""1.400 1.300"", ""7"", ""6"", ""5"", ""4.000"", ""200"", ""—"", ""Rio Cachoeira"", ""—""]"
table_1_all.pdf,section_ii,12,55,56,tbl-140.md,tbl-142.md,8,1,matched,São Paulo,Empresa Electrica de Piracicaba,,—,,,,,,—,35,4000,2300110,,,,—,,Piracicaba,1150,6000,12,110,Ferro,2500,6,Rio Piracicaba,—,"[""Empresa Electrica de Piracicaba"", ""Piracicaba"", ""—"", ""1 150"", ""6 000"", ""12"", ""110""]","[""Ferro"", ""2.500"", ""6"", ""—"", ""35"", ""4.000"", ""2.300 110"", ""—"", ""Rio Piracicaba"", ""—""]"
table_1_all.pdf,section_ii,12,55,56,tbl-140.md,tbl-142.md,9,1,matched,São Paulo,Municipalidade de Pirassununga,,Central Electrica,,,,,,12,10,5050,100,,,,1,,Pirassununga,90,90,29,80,Aço,500,5,Ribeirão do Bebedouro,2000,"[""Municipalidade de Pirassununga"", ""Pirassununga"", ""Central Electrica"", ""90"", ""90"", ""29"", ""80""]","[""Aço"", ""500"", ""5"", ""12"", ""10"", ""5.050"", ""100"", ""1"", ""Ribeirão do Bebedouro"", ""2.000""]"
table_1_all.pdf,section_ii,12,55,56,tbl-140.md,tbl-142.md,10,1,matched,São Paulo,S A Central Electrica de Rio Claro,,Corumbatahy (4),,,,,,90,200,120004500,220120,,,,2,,Rio Claro,450,—,25,—,—,—,—,Rio Corumbatahy,—,"[""S A Central Electrica de Rio Claro"", ""Rio Claro"", ""Corumbatahy (4)"", ""450"", ""—"", ""25"", ""—""]","[""—"", ""—"", ""—"", ""90"", ""200"", ""12.000 4.500"", ""220 120"", ""2"", ""Rio Corumbatahy"", ""—""]"
table_1_all.pdf,section_ii,12,55,56,tbl-140.md,tbl-142.md,11,1,matched,São Paulo,,,Nova Mogy-Guassú,,,,,,—,—,—,—,,,,—,,» »,2870,—,8,—,—,—,—,Rio Mogy-Guassú,—,"["""", ""» »"", ""Nova Mogy-Guassú"", ""2 870"", ""—"", ""8"", ""—""]","[""—"", ""—"", ""—"", ""—"", ""—"", ""—"", ""—"", ""—"", ""Rio Mogy-Guassú"", ""—""]"
table_1_all.pdf,section_ii,12,55,56,tbl-140.md,tbl-142.md,12,1,matched,São Paulo,Companhia Fosca e Luz Norte de São Paulo,,—,,,,,,84,16,11000,220,,,,1,,Sallesopolis,3000,3000,75,85,Aço,1000,5,Rio Tietê,25000000,"[""Companhia Fosca e Luz Norte de São Paulo"", ""Sallesopolis"", ""—"", ""3 000"", ""3 000"", ""75"", ""85""]","[""Aço"", ""1.000"", ""5"", ""84"", ""16"", ""11.000"", ""220"", ""1"", ""Rio Tietê"", ""25.000.000""]"
table_1_all.pdf,section_ii,13,57,58,tbl-144.md,tbl-146.md,1,1,matched,São Paulo,Companhia Ituana Força e Luz,,Lavras,,,,,,40,22,6600,220,,,,1,,Salto,2200,2200,8,—,Alvenaria,-,-,Rio Tieté,-,"[""Companhia Ituana Força e Luz"", ""Salto"", ""Lavras"", ""2 200"", ""2 200"", ""8"", ""—""]","[""Alvenaria"", ""-"", ""-"", ""40"", ""22"", ""6.600"", ""220"", ""1"", ""Rio Tieté"", ""-""]"
table_1_all.pdf,section_ii,13,57,58,tbl-144.md,tbl-146.md,2,1,matched,São Paulo,Companhia Força e Luz Santa Cruz,,Santa Cruz,,,,,,24,9,2200,110,,,,-,,Santa Cruz do Rio Pardo,1200,1500,—,—,-,-,-,Rio Pardo,-,"[""Companhia Força e Luz Santa Cruz"", ""Santa Cruz do Rio Pardo"", ""Santa Cruz"", ""1 200"", ""1 500"", ""—"", ""—""]","[""-"", ""-"", ""-"", ""24"", ""9"", ""2.200"", ""110"", ""-"", ""Rio Pardo"", ""-""]"
table_1_all.pdf,section_ii,13,57,58,tbl-144.md,tbl-146.md,3,1,matched,São Paulo,Germano Feha,,—,,,,,,1,6,10000,220,,,,-,,Santa Izabel,120,200,5,30,Ferro,1000,10,-,-,"[""Germano Feha"", ""Santa Izabel"", ""—"", ""120"", ""200"", ""5"", ""30""]","[""Ferro"", ""1.000"", ""10"", ""1"", ""6"", ""10.000"", ""220"", ""-"", ""-"", ""-""]"
table_1_all.pdf,section_ii,13,57,58,tbl-144.md,tbl-146.md,4,1,matched,São Paulo,Companhia Força e Luz São Valentim,,São Valentim,,,,,,40,300,2000,110,,,,-,,Santa Rita do Passa Quatro,1000,1000,70,104,Ferro,800,15,Rio Claro,1000000,"[""Companhia Força e Luz São Valentim"", ""Santa Rita do Passa Quatro"", ""São Valentim"", ""1 000"", ""1 000"", ""70"", ""104""]","[""Ferro"", ""800"", ""15"", ""40"", ""300"", ""2.000"", ""110"", ""-"", ""Rio Claro"", ""1.000.000""]"
table_1_all.pdf,section_ii,13,57,58,tbl-144.md,tbl-146.md,5,1,matched,São Paulo,Companhia de Electricidade São Simão-Cajurú,,Itaipava,,,,,,60,-,8500,220,,,,1,,Santa Rosa,2000,4000,8,—,-,-,-,Rio Pardo,-,"[""Companhia de Electricidade São Simão-Cajurú"", ""Santa Rosa"", ""Itaipava"", ""2 000"", ""4 000"", ""8"", ""—""]","[""-"", ""-"", ""-"", ""60"", ""-"", ""8.500"", ""220"", ""1"", ""Rio Pardo"", ""-""]"
table_1_all.pdf,section_ii,13,57,58,tbl-144.md,tbl-146.md,6,1,matched,São Paulo,Companhia Dócas de Santos,,Itatinga,,,,,,28,53,8000,220,,,,1,,Santos,20000,20000,664,10300,Aço,900,32,Rio Itatinga,-,"[""Companhia Dócas de Santos"", ""Santos"", ""Itatinga"", ""20 000"", ""20 000"", ""664"", ""10 300""]","[""Aço"", ""900"", ""32"", ""28"", ""53"", ""8.000"", ""220"", ""1"", ""Rio Itatinga"", ""-""]"
table_1_all.pdf,section_ii,13,57,58,tbl-144.md,tbl-146.md,7,1,matched,São Paulo,Companhia Paulista de Electricidade,,Capão Preto,,,,,,,,,110,,,,,,São Carlos,4890,6000,74,203,,800,26,,,"[""Companhia Paulista de Electricidade"", ""São Carlos"", ""Capão Preto"", ""4 890"", ""6 000"", ""74"", ""203""]","["""", ""800"", ""26"", """", """", """", ""110"", """", """", """"]"
table_1_all.pdf,section_ii,13,57,58,tbl-144.md,tbl-146.md,8,1,matched,São Paulo,,,Moniclinho,,,,,,,,,110,,,,,,» »,800,800,76,215,,700,23,,,"["""", ""» »"", ""Moniclinho"", ""800"", ""800"", ""76"", ""215""]","["""", ""700"", ""23"", """", """", """", ""110"", """", """", """"]"
table_1_all.pdf,section_ii,13,57,58,tbl-144.md,tbl-146.md,9,1,matched,São Paulo,E. Força e Luz de São João da Bôa Vista (1),,Santa Ignez,,,,,,,,,110,,,,,,São João da Bôa Vista,1600,1900,7,—,,600,16,,,"[""E. Força e Luz de São João da Bôa Vista (1)"", ""São João da Bôa Vista"", ""Santa Ignez"", ""1 600"", ""1 900"", ""7"", ""—""]","["""", ""600"", ""16"", """", """", """", ""110"", """", """", """"]"
table_1_all.pdf,section_ii,13,57,58,tbl-144.md,tbl-146.md,10,1,matched,São Paulo,Empresa Força e Luz do Barreiro,,—,,,,,,72,368,10000,220,,,,3,,São José do Barreiro,15,—,50,65,Aço,1100,5,Rios Quilombo e Negrão,5356000,"[""Empresa Força e Luz do Barreiro"", ""São José do Barreiro"", ""—"", ""15"", ""—"", ""50"", ""65""]","[""Aço"", ""1.100"", ""5"", ""72"", ""368"", ""10.000"", ""220"", ""3"", ""Rios Quilombo e Negrão"", ""5.356.000""]"
table_1_all.pdf,section_ii,13,57,58,tbl-144.md,tbl-146.md,11,1,matched,São Paulo,Companhia Força e Luz São José,,—,,,,,,5,,2000,110,,,,,,São José dos Campos,200,1000,12,—,Aço,600,4,Rio Monjolinho,-,"[""Companhia Força e Luz São José"", ""São José dos Campos"", ""—"", ""200"", ""1 000"", ""12"", ""—""]","[""Aço"", ""600"", ""4"", ""5"", """", ""2.000"", ""110"", """", ""Rio Monjolinho"", ""-""]"
table_1_all.pdf,section_ii,13,57,58,tbl-144.md,tbl-146.md,12,1,matched,São Paulo,Municipalidade de Serra Negra (2),,Costas,,,,,,1,72,8000,220,,,,4,,Serra Negra,250,4500,15,30,-,-,-,Rio Taquary-mirim,-,"[""Municipalidade de Serra Negra (2)"", ""Serra Negra"", ""Costas"", ""250"", ""4 500"", ""15"", ""30""]","[""-"", ""-"", ""-"", ""1"", ""72"", ""8.000"", ""220"", ""4"", ""Rio Taquary-mirim"", ""-""]"
table_1_all.pdf,section_ii,13,57,58,tbl-144.md,tbl-146.md,13,1,matched,São Paulo,Companhia Luz e Força de Tatuhy,,Jurumirim,,,,,,4,4,6600,120,,,,1,,Tietê,2040,4000,11,75,Ferro,350,4,Rio Cachoeira,-,"[""Companhia Luz e Força de Tatuhy"", ""Tietê"", ""Jurumirim"", ""2 040"", ""4 000"", ""11"", ""75""]","[""Ferro"", ""350"", ""4"", ""4"", ""4"", ""6.600"", ""120"", ""1"", ""Rio Cachoeira"", ""-""]"
table_1_all.pdf,section_ii,13,57,58,tbl-144.md,tbl-146.md,14,1,matched,São Paulo,Empresa Luz e Força de Tietê,,—,,,,,,20,-,6000,220,,,,-,,Tietê,200,2000,5,—,Ferro,600,6,Rio Turvo,-,"[""Empresa Luz e Força de Tietê"", ""Tietê"", ""—"", ""200"", ""2 000"", ""5"", ""—""]","[""Ferro"", ""600"", ""6"", ""20"", ""-"", ""6.000"", ""220"", ""-"", ""Rio Turvo"", ""-""]"
table_1_all.pdf,section_ii,13,57,58,tbl-144.md,tbl-146.md,15,1,matched,São Paulo,Municipalidade de Villa Bella,,—,,,,,,14,10,2200,220,,,,-,,Villa Bella,4,8,18,1000,Ferro,1000,5,Rio do Peixe,20000,"[""Municipalidade de Villa Bella"", ""Villa Bella"", ""—"", ""4"", ""8"", ""18"", ""1 000""]","[""Ferro"", ""1.000"", ""5"", ""14"", ""10"", ""2.200"", ""220"", ""-"", ""Rio do Peixe"", ""20.000""]"
table_1_all.pdf,section_ii,13,57,58,,tbl-146.md,16,1,right_only,São Paulo,,,,,,,,,93,57,22000,2000,,,,3,,,,,,,Ferro,2000,8,Rio Sorocaba,-,,"[""Ferro"", ""2.000"", ""8"", ""93"", ""57"", ""22.000"", ""2.000"", ""3"", ""Rio Sorocaba"", ""-""]"
table_1_all.pdf,section_ii,13,57,58,,tbl-146.md,17,1,right_only,São Paulo,,,,,,,,,18,-,6000,220,,,,1,,,,,,,-,-,-,Rio Sorocaba,-,,"[""-"", ""-"", ""-"", ""18"", ""-"", ""6.000"", ""220"", ""1"", ""Rio Sorocaba"", ""-""]"
table_1_all.pdf,section_ii,13,57,58,,tbl-146.md,18,1,right_only,São Paulo,,,,,,,,,2,4,120,120,,,,-,,,,,,,Cimento,-,-,Cachoeira Nossa Senhora da Aluda,-,,"[""Cimento"", ""-"", ""-"", ""2"", ""4"", ""120"", ""120"", ""-"", ""Cachoeira Nossa Senhora da Aluda"", ""-""]"
