municipio,juros,salarios,terras,transporte
Annapolis (antigo Simao Dias),A taxa usual é de 1% a 2% ao mez.,"Cozinheira, ganha 8$000 a 10$000 mensaes; lavadeira, 8$000 a 10$000; carpinteiro, 2$000 a 2$500 diarios; feitor de fazenda, 25$000 a 30$000 mensaes; trabalhador rural, 1$000 diarios. Nao ha escrivaes de fazenda. Os salarios sao pagos e os contractos cumpridos.","Qualidades -Ha boas, regulares e inferiores, cm partes mais cu menos iguaes; em sua naioria arenosas, planas e pedregosas. A vegetacao é representada por muitos campos e capoeiras, poucos .cerrados, e raras mattas virgens. Precos - Um hectare de terra boa custa 50$000, mais ou menos.",O preco dos transportes dlas mercadorias é muito variavel.
Aquidaban,1% ao mez.,"Um trabalhador rural ganha 1$000 a 1$500 diarios ; administrador de fazenda,800$000 annuaes;nao ha escrivao defazenda;um carpinteiro, 3$000 diarios; cozinheiro, 10$000 mensaes; lavadeira, 6$000. Os salarios sao pagos.","Qualidades - Em sua maioria inferiores ; arenosas; s&ccas e planas, havendo algumas argillosas e regulares, c poucas, boas e misturadas. A vegetacac é representada por nuitas capoeiras, alguns campos, carrascaes, cerrados e poucas mattas. (Vide nota). Precos-- Um hectare de terra boa, custa mais ou menos, 150$000.","Para o mercado local custa o transporte de um litro de cereal cerca de 4o réis; c para cxportaqao o transporte varia, conforme a distancia a percorrer. O transporte s6 se effectua em carros de bois, ou em costas de aninaes, por falta de outros meios de conduccao."
Aracaju,De 1% a 2% ao mez.,"Um trabalhador rural ganha 1$000 a 1$500, diarios. Nao ha administradores nem.escrivaes de.fazenda.Um carpinteiro, 4$000 diarios; cozinheiro, 15$000 mensaes; lavadeira, 15$000 mensaes. Os contractos sao cumpridos.","Qualidades-Em sua maioria arenosas e inferiores, havendo um bom numero de boas e regulares. Na maior parte planas e seccas. Nao ha mattas virgens; ha muitas capoeiras, cerrados e campos e poucos carrascaes. Precos - O preco das terras é excessivamente variavel e conforme o logar, a qualidade, etc.; assim, um hectare de terra custa de 10$000 a 1:000$000.","O transporte é feito pelo rio Cotinguiba e por tropas; o preco varia sobremodo, principalmente nas embarcacoes a vela, e canoas."
Araua,Taxa de um a dois por cento ao mez.,"Trabalhador rural, 1$000 a 1$200 por dia; feitor, 30$000 a 40$000 mensaes; nao ha escrivaes nem administradores de fazenda : carpinteiro, 2$000 a 2$500 por dia; cozinleiro ou lavadeira, 10$000 mensaes. Os salarios sao pagos e os contractos cumpridos.","Qualidades - Em .sua maioria boas, havendo talvez partes iguaes de regulares e inferiores. Ora sao argillosas, ora arenosas; mais planas que montanhosas c en alguns lugares pedregosas. Ha muitas capoeiras, alguns campos e poucas mattas, cerrados e car- rascaes naoha. Pecos -- Um hectare de terra boa póde custar de 10$000. a 30$000. de.bois, sendo o preco muito variavel.","Os transportes sao feitos por cavallos e burros e carros de bois, sendo o preco muito variavel."
Buquim,Pagam 1% a 2% ao mez.,"Um trabalhador rural ganha 1$000 diarios; um feitor de fazenda, 30$000 a. 40$000 por mez; nao ha escrivaes de fazenda; uin carpinteiro, 2$000 a 2$500 diarios; cozinheira. e lavadeira ganham 8$000 a 10$000 mensaes. Os salarios sao pagos e os contractcs cunpridos, pontualmente.","Qualidades-O,municipio tem algumas terras böas, regulares e muitas inferiores. Umas sao argillosas, outras misturadas; em sua maior. parte montanhosas, poucas planas e pedregosas. Sua vegetacao é representada por poucas mattas, muitas capceiras, poucos cerrados e muitos campos. Precos - Um hectare de terra boa custa 10$000 a 30$000, mais ou menos.","Os transportes sao feitos em costas de animaes, ou carros de bois, por estradas accidentadas, ora argillosas, ora arenosas, mal conservadas e sem pontes, pelo que, na estacao invernosa, isto é, das chuvas, difficultando sobremodo o transito dos vehiculos e tropas, o preco do transporte se eleva."
Campo do Britto,Um e meio a dois por cento ao mez.,"O trabalhador rural ganha 1$000 diarios; carpinteiro, 2$000.a $500 diarios; cozinheira .e lavadeira ganham de 8$000 a 10$0n0 mensacs. Nao ha adninistrador nem escrivao de fazenda; ha feitores pagos a 25$000 e 30$000 mensacs. Os salarios sao pagos.","Qualidades-Ha boas, regulares e infcriores, talvez em partes nais ou menos eguaes; em sua maioria sao arenosas e accidentadas. A vegetacao é representada por campos, capoeiras e algumas mattas. Prccos - Un hectare de terra böa custa de 10$000 a 30$006.",O preco dos transportes é variavel.
Campos,A taxa é de um a dois por cento ao mez.,"O trabalhador rural ganha 1$000 por dia; o carpinteiro, 2$000 a 2$500 diarios; o cozinheiro e a lavadeira, 8$000 a 10$000 mensaes; os salarios sao pagos e os contractos cumpridlos.","Qualidades - Em sua maioria inferiores, arenosas e planas, havendo em menor numero böas, regulares, argillosas e misturadas. A vegetacao é representada por muitas capoeiras, alguns cerrados e.campos. Precos - Um hectare de terra boa custa de 10$000 a 20$000, mais ou menos.",O preco do transporte varia com a distancia e o peso.
Capella,"A' taxa de 1% ao mez, e, as vezes, mais.","O trabalhador rural ganha de 1$000 a2$000 liarios un administrador de fazenda ganha 100$000 mensaes,nas uzinas; nao ha escrivao de fazenda; um carpinteiro, 3$000 diarios; cozinhera e lavadeira, 6$000 a 10$000 mensaes. Sao pagus os salarios.","Qualidades-Na maioria regulares, sendo poucas, as boas. Sao geralmente arenosas, poucas.as. argillosas; mais planas que monta- nhosas e um, tanto. pedregosas. Nao. ha mattas, existen muitas: .capoeiras e cerrados e poucos.carrascaes e campos. . Precos.- De 500$000 para mais custa.o. hectare de terra böa, preco este exigindo terra especial,.um conjuncto de circumstancias de nuito valor. agricola","Pagam 8 a 10 réis por litro, para Maroim. Um sacco de assucar paga 500 réis, sendo o sacco de 60 kilos. Esse transporte é feito em costas de burros, e, por maos caminhos."
Divina Pastora,A taxa e de 2% ao mez.,"Um trabalhador rural ganha 1$000 diarios; um administrador de fazenda,60$000 mensaes; nao ha escrivaes de fazenda; um car- pinteiro gauha 2$500 a 3$000 diarios; uma cozinheira,10$000 a 15$000 mensaes; uma lavadeira, 8$000 mensaes.Os salarios sao pagos e os conttactos cunpridos.","Qualidades - As terras do municipio sao em sua maioria boas e argillosas, havendo algumas arenosas e misturadas; parte é plana, parte levemente accidentada; pedregosas em poucos lugares e seccas em grande parte. A vegetacao é representada por muitas capoeiras e alguns campos; nao ha mattas-virgens, cerrados e carrascaes. Precos - Um hectare de terra boa custa 300$000.",O transporte dos productos agricolas é feito por animaes e carros de boi. Os precos variam extraordinariamente.
Dores,Taxa de 1% ao mez.,"Trabalhador rural ganha de 1$000 a 2$000 diarios; adninistrador de fazenda,de 40$000 a 50$000 mensaes;.nao ha escrivaes de fazenda; carpinteiro, de 2$000 a 4$000 diarios; cozinheiro, de 6$000 a :10$000 mensaes; lavadeira, 5$000 a 8$000 mensaes. Os salarios sao pagos.","Qualidades-Em sua maioria inferiores e regulares; sao mistu radas e planas, havendo grande parte de arenosas. Ha nuitos campos, algunias capoeiras e poucos carrascaes e cerrados. Precos -Um hectare de terra böa póde custar 150$0s0.","O preco de transporte é muito variavel, sendo feito por tropas e carros de bois."
Espirito Santo,Taxa 1% a 2% ao mez.,"Um trabalhador rural ganha 1$000 diarios; un feitor de fazenda, 40$000 mensaes; nao ha escrivaes de fazenda; um carpinteiro, 2$000 a 2$500 diarios; uma cozinheira ou lavadeira, 8$000 mensaes. Os salarios sao pagos c os ccutractos cumpridos.","Qualidades--Em sua maioria inferiores e arenosas, existindo algumas regulares e misturadas, poucas boas, e argillosas. Mais ou nnos plauas, poucas as montanhosas. A vegetacao é representada por muitas capoeiras, alguns campos e pouccs cerrados, carrascaes e mattas virgens. Precos - Un hectare de terra boa póde custar de 5$000 a 30$000.",$-O custo dos transportes é muito variavel.
Estancia,A taxa de um a dois por cento ao mez.,"Un trabalhador rural ganha $000 a 1$500 diarios; nao ha administradores de fazenda, ha feitores que percebem na média, 50$000-mensaes. Nao ha escrivaes de fazenda; um carpinteiro ganha de 2$000 a 3$000 diarios; cozinheira, 10$000 a 12$000 men- saes; lavadeira, 12$000 mensaes. Os salarios sao pagos e os con- tractos cumpridos.","Qualidades -- Em sua maioria, boas. Ha argillosas, arenosas c misturadas. Mais onduladas do que planas e um tanto seccas. Possue muitas capoeiras, alguns campos e poucas mattas, cerrados e car- rascaes. Precos - Um hectare de terra boa custa de 10$000 a 30$000.",Variam com a distancia c o peso.
Gararu,Taxa de 2% e 3% mensaes.,"Trabalhador rural 1$000 por dia; nao ha, administradores nem escrivaes de fazenda; ha vaqueiros que tomam conta do gado e que por isso percebem 4 da produccao; carpinteiro, 2$500 por dia ; cozinheiro, de 6$000 a 10$000 mensaes; lavadeira, 10$000 mensaes Os salarios sao pagos.","Qualidades - No geral inferiores, misturadas, montanhosas, pedregosas e seccas, havendo algumas regulares e arenosas. A vegetacao é representada por muitas capoeiras e carrascaes, poucos cerrados, mattas e campos. Precos - Com excepcao das lagoas, onde se cultiva o arroz e que se vende em lotes, a terra nas catingas nao teem preco, por ser muito secca.","O transporte é feito por via fluvial e por via terrestre. Pelo rio S. Francisco que tem um porto na villa as mercadorias sao conduzidas em canoas em toda a sua extensao navegavel, para os centros consumidores."
Itabaiana,Pagam 1% a 2% ao mez.,"Um trabalhador rural ganha 1$000 diarios; um feitor de fazenda, de 2$000 a 2$500 diarios; nao ha escrivaes de fazenda; uma cozi- nheira, de 8$000 a 10$000 mensaes; uma lavadeira, de 8$000 a 10$000 mensacs; um carpinteiro, de 2$000 a 2$500 diarios. Os salarios sao pagos e os contractos cunpridos.","Qualidades-Ha terras boas, regulares e inferiores.. argillosas, arenosas c misturadas. A maior parte é nontanhosa, ha planas em pequena porcao, poucas séccas e pedregosas ; nao ha pantanos. A vegetacao é representada por muitas capoeiras, poucos carrascaes e cerrados e alguns campos. (Vide nota). Precos - Varia o preco segundo as circumstancias","Os transportes se fazem em carros de bois e costas de animaes. No inverno as estradas sao de transito difficil, elevando-se por causa disso, o preco do transporte."
Itabaianinha,A taxa usada é de 1% a 2% ao mez.,"Cozinheira ganha 8$000 a 10$000 por nez; lavadeira 8$000 a 10$000 mensaes carpinteiro,2$000 a 2$500 diarios;trabalhador rural, 1$000 diarios; feitor de fazenda, 30$000 mensaes. Nao ha escrivaes da fazenda. Os salarios sao pagos e os contractos cumpridcs.","Qualidades-Ha boas,regulares e inferiores,talvez em partes mais ou menos iguaes. Em. sua naioria arenosas, accidentadas. e pedregosas. Possue muitas capoeiras, alguns campos, poucos carrascaes e raras mattas virgens. Precos - Um hectare de terra böa custa de 10$000 a 30$000","O preco dos transportes das mercadorias é variavel, sendo mais elevado durante o inverno, por causa dos caminhos ficarem com o transito muito penoso com as chuvas."
Itaporanga,Nao ha prestamistas.,"O trabalhador rural ganha por dia na epoca das safras de Sco réis a 1$200; uma cozinheira, de 6$000 a 10$000 mensaes; uma lavadeira. de 6$000 a 8$000 mensaes; um carpinteiro, de 2$000 : a 3$000 diarios; nao ha administradores nem escrivaes de fazenda. Os salarios sao senpre pagos.","Qualiades-As terras sao na sua maioria böas e regulares; argillosas e accidc::adas, sem serem montanhcsas; ha poucas terras seccas, pedregosas e pantanosas. A vegetaqao & repersentada por nmattas virgens, capoeiras, cerrados, carrascaes e campos. Precos - Os precos sao muito variaveis e fixados na occasiao da venda; mas no geral o hectare, custa 10$000, mais ou menos.","Para a mercado local o transporte é quasi sempre fe:to pelo proprio vendedor. O sacco de assucar paga de Itaporanga .ao Rio de aneiro, 1$500."
Japaratuba,Taxa de um a dois por cento ao mez.,"Trabalhador rural, 1$500 por dia; administradores de engenho, 100$000 mensaes; nao ha escrivaes de fazenda; carpinteiro, 3$000 diarios: cozinheiro, 8$000 a 10$000 mensaes; lavadeira, 10$000 mensaes. Os salarios sao pagos.","Qualidades - Na maior parte boas, muito ferteis; ha poucas regu lares e inferiores; em sua maioria sao misturadas e planas. Nao ha mattas virgens c.cerrados; ha muitos campos e algumas capoeiras e carrascaes. Precos - Um hectare de terra böa custa 500$000 (mais ou menos), porém, ha precos bem inferiores.","TRAN'SPORTES - O preco de transporte de cereaes regula ser, por litro, de oito réis para Maroim; de assucar, regula ser de 3oo réis.por sacco de 6o kilos. O assucar.conduzido por carros e tropas regula pagar 3oo e mais por sacco, conforme a distancia."
Lagarto,Variam de 1% a 2% ao mez.,"Cosinhcira ganha de 8$000 a 10$000 mensaes; lavadeira, de 8$000 a 10$000 mensaes; carpinteiro,de 2$000 a 2$500 diarios; diarios; trabalhador rural, 1$000 por dia; nao ha administradores nen escrivaes de fazenda. Os salarios sao pagos e os contractos cumpridos.","Qualidades-Sao ferteis, havendo boas, regulares e inferiores; argillosas.umas, misturadas outras, en grande parte accidentadas, pedregosas e séccas. A vegetacao é representada por muitas capoeiras e .campos e poucas mattas c cerrados. Precos -- Um hectare de terra boa custa de 10$000 a 20$000.",O custo dos transportes das mercadorias é muito variavel.
Laranjeiras,A taxa é de 24% ao anno.,"Um trabalhador rural, ganha 1$000, diarios; um administrador de fazenda,30$000 a 60$000,mensaes;nao la escrivaes de fazenda: um carpinteiro, 3$000 diarios; um cozinheiro, 10$000 nensaes; uma lavadeira,8$000.mensaes. Os contractos sao cumpridos c os salarios pagos.","Qualidades-Em sua naioria boas e argillosas, havendo arenosas e misturadas, planas e nontanhosas, talvez em partes eguaes, assim cono algumas regulares.e inferiores. A vegetacao é representada por mattas virgens, cerrados e carrascaes em pequena parte, e por capoeiras e campos na maior parte.. Precos-Um hectare de terra boa, custa 100$000, mais.ou menos","Sao feitos em canoas, pelo rio Cotinguiba e em carros de bois para o interior do municipio. Os fretes sao muito variaveis."
Maroim,A taxa é de 2% ao mez.,"Um trabalhador rural ganha de 1$000 a 1$200 diarios; um administrador de fazenda, 60$000 mensaes; nao ha escrivaes de fazenda; um carpinteiro ganha 3$000 diarios; um cozinheiro, 10$000 mensaes; uma lavadeira 8$000 mensaes. Os salarios sao pagos e os contractos cumpridos.","Qualidades -As terras do municipio sao no geral böas; arenosas em grande parte, havendo em menor numero argillosas e mistu radas; parte é plana, parte montanhosa; ha muita terra sécca e pedregosa, a vegetacao sendo representada por capoeiras, cerrados, carrascaes e campos. Precos - Uma tarefa ou 3.025 metros quadrados custa 50$000, mais ou menos.","Os transportes sao feitos em tropas, carros de bois, canoas ou lanchas, sendo o custo muito variavel."
Pacatuba,A taxa usual é de 12% ao anno.,"Cozinheiro ganha 10$000 mensaes; lavadeira, 6$000; carpintei ro, 3$000 a, nais diarios; administrador de fazenda, 600$000 a S00$000 annuaes; trabalhador rural, $000 e mais diarios.. Nao ha escrivaes de fazenda. Os salarios sao pagos e os contractos cumpridos.","Qualidades - Em sua maioria regulares, havendo. em menor quantidade boas e inferiores. Em parte sao arenosas e.argillosas e em parte menor, misturadas. Umas planas, outras montanhosas: unas seccas, outras pantanosas.A vegetacao é representada por muitos campos e: capoeiras, alguns carrascaes e poucas mattas virgens e cerrados. Precos -Um hectare de terra böa custa 200$000, approximadamente.","O frete para o transporte das mercadorias io municipic, varia conforme.a distancia."
Porto da Folha,A taxa é de 24% ao anno.,"Um trabalhador rural,ganha de 8oo réis a 1$000,diarios; um administrador de fazenda, 30$000 a 50$000 mensaes; nao ha escrivaes de fazenda ; um carpinteiro, ganla 2$000 a 2$500, dliarios; uma cozinheira ou lavadeira, 8$000 mensaes. Os salarios sao pagos e os contractos cumpridos:","Qualidades-As terras do municipio sac enm sua maioria boas, havendo tambem regulares e inferiores; sao arenosas e misturadas, eim partes talvez mais ou menos iguaes. O municipio équasi todo accidentado e. em. grande parte pedregoso. A vegetacao representada por.capoeiras, cerrados, carrascaes e'campos; nao ha mattas virgens. Precc's - Um hectare de terra boa, custa 50$000, mais'ou menos","O transporte dos productos é feito por canoas, pelo rio S. Francisco e lagoas e por animaes e carros de bois. O preco dos fretes varia muito."
Propria,A taxa é de 1% ao mez.,"Um trabalhador rural ganha de 6oo réis a 1$000 diarios; nao ha ordenado fixo para os administradores de fazenda; nao ha escrivaes de fazenda; um carpinteiro, de 2$000 a 3$000 diarios; um cozi- nheiro, de 10$000 a 12$000 mensaes; uma lavadeira, 10$000 mensaes. Os salarios sao pagos e os contractos cumpridos.","ha misturadas, accidentadas e séccas, havendo algumas regulares. inferiores, argillosas e arenosas. A""vegetacao é representada por muitos campos e algumas mattas virgens, capoeiras: cerrados e carrascaes. Precos -Um hectare de terra 1.:a custa de 150$000 a 600$000.","O transporte para o ini-. ior é feito por animaes. Por uma canoa, carregada com 12 a 15 toneladas, paga-se 50$000, de Piranhas a Propria, num percurso de 14o kilometros."
Riachao,Taxa de 1% a 2% ao mez.,"Trabalhador rural ganha 1$000 diarios; nao ha administradores, nem escrivaes de fazenda, ha feitores, que ganham 30$000 mensaes ; carpinteiro, 2$000 a 2$500 diarios; cozinheira ou lavadeira, 8$000 a 10$000 mensaes. Os salarios sao pagos e os contractos cumpridos.","Qualidades-Na maioria inferiores,havendo em partes, talvez iguaes, regulares e.boas; ora arenosas, ora misturadas e em geral montanhosas. Ha muitas capoeiras talvez mais da metade da area do imunicipio, algumas mattas, carrascaes e campos. Precos - Um hectare de terra böa p6de custar 10$000 a 20$000 mais oumenos.","Os precos dos transportes sao muitos variaveis, principal mente no tempo das chuvas."
Riachuelo,A taxa usual é de 2% ao mez.,"Um trabalhador rural ganha 1$000 diarios; um administrador de fazenda, de 30$000 a 60$000 mensaes; nao ha..escrivaes de fazenda; um carpintciro, de 2$500 a 3$000 diarios; um cozinheiro, de 10$000 a 15$000 mensaes; uma lavadeira, 8$000 mensaes. Os. salarios sao pagos e as contractos .cumpridos.","Qualidades-Em sua. maioria: boas; sao argillosas. e planas, havendo algumas arenosas e misturadas.A vegetacao é representada por muitas capoeiras e campos; nao ha mattas virgens, cerrados e carrascaes. Precos-Um hectare de. terra: boa custa 500$000, porém ha precos beminferiores.","Sao feitos em carros de bois, tropas e canoas."
Rosario,A taxa é de dois por cento ao mez.,"Trabalhador rural ganha $000 diarios; administradof de fa zenda,3ooco a 5ooo0 mcnsacs;nao ha escrivaes de fazefida; car- pinteiro, 2$500 diarios; cozinheira, 10$000 mensacs; lavadeira. 8$000 mensaes. Os salarios sao pagos e. os cofftractos cum- pridos.","Qualidades - Em sua maicria boas, argillosas e planas, havendo algumas regulares e inferiores, assim como arenosasa c misturadas. A vegetacao é representada por algumas mattas virgens, cerrados, carrascaes e muitos cainpos e capoeiras, Precos -Um hectare de terra.boa,custa 120$000",Sao feitos em carros de bois e tropas.
Santa Luzia,Taxa de 1% a 2% ao mez.,"Trabalhador rural, de 1$000 a 1$500 diarios; nao ha administra dores nem escrivaes de fazenda; ha feitores que percebem de 30$000 a 50$000 mensaes; carpinteiro,de2$000 a 2$500 por dia; cozinheira c lavadeira, de 8$000.a 10$000 por mez. Os salarios sao pagos e os contractos cumpridos.","Qualidades - Sao de proclamada fertilidade as terras do municipio de Santa Luzia, que sao argillosas umas e silicosas outras. Ha ainda algumas mattas virgens, muitas. capoeiras e campos. Nao ha cerrados nem carrascaes. Precos-Um hectare de terra boa custa de 10$000 a 30$000,mais.ou menos.",O preco de transporte é muito variaveI.
S. Christovao,Nao ha prestamistas.,"Um trabalhador rural, ganha. 8oo réis a 1$000, diarios; os administradores de fazcnda, nao tém ordenado fixo; escrivaes de fazenda,nao ha;um carpinteiro,ganha $000 a 3$000,diariosum cozinheird, 5$000 a 6$000, mensaes; as lavadeiras, cobram 500 réis por duzia de pecas de roupa. Os salarios sao pagos e os contractos cumpridos.","Qualidades -Talvez se possa dizer, que tres quartos do municipio sao de terras boas, e uma pequena parte (nos taboleiros) de terra inferior. No geral sac'argillosas, algunas sao misturadas e uma faixa ao longo da costa,é arenosa.C municipio é mais ou menos plano; tem algumas terras seccas nos taboleiros e algumas panta- nosas nas margens. dos rios e na costa. Quanto a vegetacao é representada quasi s6 pcr capoeiras e campos e tma pequena parte de carrascaesc; nao existem mattas virgens, nen cerrados. Precos - Nao ha um preco médio para as terras, o preco de venda é feito de conformidade con a qualidade, extensao e regiao onde estiverem situadas.","Um sacco de assucar, paga de frete para o Rio de Janeiro, 1$500 a 1$700"
S. Paulo,De 1% a 2% ao mez.,"O trabalhador rural ganha 1$000 por dia; um feitor, de 25$000 a 30$000 mensaes; nao ha escrivaes de fazenda; uma'cozinheira, de 8$000 a 10$000 mensaes; uma lavadeira, de 8$000 a 10$000; carpinteiro, de 2$000 a 2$500 diarios. Os salarios sao pagos. Nao ha contractos.","Qualidades-O municipio possue terras boas, regulares c infe riores em partes mais ou menos eguaes; em sua nmaioria arenosas, mais montanhosas. do que planas e em parte pedregosas. A vegetacao é representada por muitas capoeiras .e campos e por alguns cer- rados. e carrascaes; nao ha mattas. Precos - 10$000 a 20$000 por hectare","O preco de transporte, quer para o mercado local, quer para fora, é muito variavel."
Siriry,Taxa de um por cento ao mez.,"Cozinheira, 10$000 mensaes: lavadeira, 6$000 mensaes; carpin teiro, 3$000 por dia; administrador de fazenda, 1 :000$000 annuacs : trabalhador rural, 1$000 a 1$500 por dia; nao ha escrivacs de fazenda.Os salarios sao pagos.","Qualidades - O nunicipio. tem terras boas, regulares e inferiores;. em sua maioria arenosas, misturadas e montanhosas. A vegetacao é representada por muitos canpos e capoeiras, por alguns cerrados e carrascaes. Precos -Um hectrare de terra böa custa 300$000, havendo precos inferiores.","Em tropas, um litro de cereael paga 20.réis."
Soccorro,A taxa é de 2% ao mez em todo o districto.,"Um trabalhador rural ganha 1$000 diarios; um administrador de fazenda,30$000 a 50$000 mensaes, nao ha escrivaes de fazenda; um carpinteiro ganha 2$500 diarios; uma lavadeira ou cozinheira, 8$000 mensaes. Os salarios sao pagos e os contractos cumpridos.","Qualidades-As terras do municipio sao em sua maioria infe riores e em parte boas, poucas sao as regulares; muitas sao as argillosas e misturadas, mas em sua maioria sao arenosas e séccas. Mais. de metade do municipio é plano. A. vegetacao é representada por mattas virgens. capoeiras, cerrados, carrascaes e muitos campos. Precos- Um hectare de terra boa custa 60$000, approximada- mente.",O preco dos transportes. é muito variavel.
Santo Amaro,A taxa é de 24% ao anno.,"Un trabalhador rural ganha 1$000 diarios; um administrador de fazenda,50$000 nncacs; nao ha escrivaes de fazenda; um carpinteiro ganha 3$00 diarios; uma cozinheira, 10$000 mensaes; uima lavadeira, 6$000 mensaes. Os.salarios sao pagos e os con- tractos cumpridos.","Qualidades-Na maioria boas.e argillosas, havendo em menor numero regulares e inferiores, assim como.arenosas e misturadas. Talvez, metade planas e metade montanhosas. A vegetacao. é repre- sentada por muitas capoeiras: e alguns carrascaes, cerrados e cam- pos; mattas virgens nao ha. Precos--Un hectare de terra böa custa de 10$000 a 50$000, mais oumenos.",Para o mercado local. os productos sao transporta dos pelos proprios productores; para outros pcntos. o frete ê muito_variavel. I3
Villa Christina,Taxa de um a dois por cento ao mez.,"Trabalhador rural, 1$000 por dia; feitor, 30$000 mensaes; nao ha escrivaes de fazendas; carpinteiro,2$000 a 2$500p01 dia cozi- nheiro ou lavadeira, 8$000 mensaes. Os salarios sao pagos e os contractos cumpridos.","Qualidades -Em sua maioria sao inferiores earenosas,havendo talvez partes :guaes de terras boas e regulares, assim ccnmo existem algumas misturadas. Ha nuita terra plana, algunas montanhosas c pedregosas. A vegetacao é.representada por muitas capoeiras e alguns campos. Ha poucos cerrados e mattas virgens. Precos -- Um hectare de terra boa póde custar, mais ou menos, de 3$000 a10$000.",Os precos dos transportes sao muito variaveis.
Villa Nova,Taxa de 12% ao anno.,"Trabalhador rural, 1$000 a 1$500 diarios; administrador de fazenda, 700$000. a 800$000, por anno; nao ha escrivaes de fa- zenda; carpinteirc, 3$000 a 4$000 diarios; cozinheira, 10$000 mensaes; lavadeiras, 6$000 mensacs. Os salarios saa.pagos e.Qs contractoscumpridos.","Qualidades - O municipio possue pequena porrao de terras boas, sendo as regulares e inferiores em maior .quantidade. Ha terras arenosas, argillosas e misturadas. Uma parte é plana e outra mon- tanhosa. Sao poucas as pedregosas. A vegetacao é representada por pouca matta virgem, algumas capoeiras,cerrados,carrascaes e campos Precos - Custa 200$000 o hectare de terra böa, havendo precos bem inferiores","O transporte é feito por via fluvial pelo rio S. Francisco e por via terrestre, por meio de tropas e carros de boi. O preco do transporte varia com a distancia."
