source_file,page,source_table_id,row_in_table,state,row_type,energy_source,primary_motor_type,primary_motor_number,primary_motor_hp,transmission_line_km,distribution_line_km,transmission_voltage,distribution_voltage,current_type,phases,cycles,transformer_stations,personnel
all_tables.pdf,2,tbl-7.md,1,Alagoas,data,Thermica...,M. V.,3,810,-,-,-,2000,Continua...,-,-,-,-
all_tables.pdf,2,tbl-7.md,2,Alagoas,continuation,,C. I.,2,480,,,,220,Alternativa...,3,100,-,
all_tables.pdf,2,tbl-7.md,3,Alagoas,continuation,,,,,,,,110,Continua...,-,-,-,
all_tables.pdf,2,tbl-7.md,4,Alagoas,data,Thermica...,M. V.,1,125,-,7,-,110,Continua...,-,-,-,5
all_tables.pdf,2,tbl-7.md,5,Alagoas,data,Thermica...,M. V.,1,20,-,15,-,110,Continua...,-,-,-,3
all_tables.pdf,2,tbl-7.md,6,Alagoas,data,Thermica...,C. I.,1,36,-,-,-,110,Continua...,-,-,-,3
all_tables.pdf,2,tbl-8.md,1,Amazonas,data,Thermica...,M. V.,1,12,-,2,-,220,Continua...,-,-,-,5
all_tables.pdf,2,tbl-8.md,2,Amazonas,data,Thermica...,M. V.,4,2000,-,-,-,550,Continua...,-,-,-,-
all_tables.pdf,2,tbl-8.md,3,Amazonas,data,Thermica...,M. V.,3,370,-,13,-,220,Alternativa...,3,60,-,9
all_tables.pdf,2,tbl-9.md,1,Bahia,data,Thermica...,M. V.,1,21,-,1,-,125,Continua...,-,-,-,4
all_tables.pdf,2,tbl-9.md,2,Bahia,data,Hydraulica...,T. H.,3,15600,110,-,44000,110,Alternativa...,3,60,1,30
all_tables.pdf,2,tbl-9.md,3,Bahia,data,Thermica...,C. I.,1,20,-,1,-,230,Alternativa...,3,50,-,1
all_tables.pdf,2,tbl-9.md,4,Bahia,data,Hydraulica...,T. H.,3,900,59,9,21500,220,Alternativa...,3,50,1,32
all_tables.pdf,2,tbl-9.md,5,Bahia,continuation,,,,,,,,120,,,,,
all_tables.pdf,2,tbl-9.md,6,Bahia,data,Thermica...,C. I.,2,110,-,20,-,110,Alternativa...,3,60,-,5
all_tables.pdf,2,tbl-9.md,7,Bahia,data,Thermica...,C. I.,7,2616,-,120,3300,380,Continua...,-,-,-,-
all_tables.pdf,2,tbl-9.md,8,Bahia,continuation,,,,,,,,220,Alternativa...,3,50,-,
all_tables.pdf,2,tbl-9.md,9,Bahia,data,Thermica...,M. V.,4,4700,2,-,11000,220,Alternativa...,3,50,-,6
all_tables.pdf,2,tbl-9.md,10,Bahia,data,Hydraulica...,T. H.,1,100,5,-,220,220,Alternativa...,3,50,-,-
all_tables.pdf,2,tbl-10.md,1,Ceará,data,Thermica...,C. I.,1,15,-,1,-,110,Continua...,-,-,-,1
all_tables.pdf,2,tbl-10.md,2,Ceará,data,Thermica...,M. V.,1,75,-,5,-,220,Continua...,-,-,-,6
all_tables.pdf,2,tbl-10.md,3,Ceará,data,Thermica...,M. V.,1,25,-,2,-,220,Continua...,-,-,-,6
all_tables.pdf,2,tbl-11.md,1,Districto Federal,data,Thermica...,M. V.,10,30070,-,7474,-,216,Alternativa...,3,50,-,-
all_tables.pdf,4,tbl-18.md,1,Espírito Santo,data,Hydraulica...,R. A.,1,20,2,3,2200,220110,Alternativa...,3,50,-,3
all_tables.pdf,4,tbl-18.md,2,Espírito Santo,data,Hydraulica...,T. H.,2,300,20,12,6600,220,Alternativa...,3,60,-,8
all_tables.pdf,4,tbl-18.md,3,Espírito Santo,data,Hydraulica...,T. H.,1,120,1,4,2300,220110,Alternativa...,3,50,1,3
all_tables.pdf,4,tbl-18.md,4,Espírito Santo,data,Hydraulica...,R. A.,3,4077,42,-,30000,3000220,Alternativa...,3,50,2,-
all_tables.pdf,4,tbl-18.md,5,Espírito Santo,data,Hydraulica...,T. H.,1,135,4,6,2500,220110,Alternativa...,3,50,-,6
all_tables.pdf,4,tbl-18.md,6,Espírito Santo,data,Hydraulica...,T. H.,1,8,1,1,110,110,Continua...,-,-,-,1
all_tables.pdf,4,tbl-18.md,7,Espírito Santo,data,Hydraulica...,T. H.,1,56,6,2,2000,120,Alternativa...,3,50,1,2
all_tables.pdf,4,tbl-18.md,8,Espírito Santo,data,Hydraulica...,T. H.,3,2226,25,32,20000,2000220110,Alternativa...,3,50,1,-
all_tables.pdf,4,tbl-18.md,9,Espírito Santo,data,Hydraulica...,T. H.,1,32,1,1,220,220,Continua...,-,-,-,-
all_tables.pdf,4,tbl-18.md,10,Espírito Santo,data,Thermica...,M. V.,1,100,2,2,2000,120,Alternativa...,1,50,-,5
all_tables.pdf,4,tbl-18.md,11,Espírito Santo,data,Hydraulica...,T. H.,2,460,31,3,6600,220110,Alternativa...,3,60,2,8
all_tables.pdf,4,tbl-19.md,1,Goyaz,data,Thermica...,M. V.,1,100,-,2,6000,110,Alternativa...,3,50,-,10
all_tables.pdf,4,tbl-20.md,1,Maranhão,data,Thermica...,C. I.,1,35,-,6,-,220,Continua...,-,-,-,4
all_tables.pdf,4,tbl-20.md,2,Maranhão,data,Thermica...,M. V.,1,80,-,2,-,2200,Alternativa...,3,50,-,41
all_tables.pdf,4,tbl-20.md,3,Maranhão,continuation,,C. I.,2,220,,,,220,,,,,
all_tables.pdf,4,tbl-21.md,1,Matto Grosso,data,Thermica...,M. V.,1,83,-,12,-,220,Alternativa...,3,50,-,6
all_tables.pdf,4,tbl-21.md,2,Matto Grosso,data,Thermica...,M. V.,1,120,-,7,-,220,Alternativa...,3,60,-,7
all_tables.pdf,4,tbl-21.md,3,Matto Grosso,data,Hydraulica...,T. H.,1,350,9,7,11000,220,Alternativa...,3,60,1,7
all_tables.pdf,4,tbl-21.md,4,Matto Grosso,data,Thermica...,M. V.,1,400,6,40,5000,220,Alternativa...,3,50,-,16
all_tables.pdf,4,tbl-21.md,5,Matto Grosso,data,Thermica...,M. V.,1,80,3,10,2300,220,Alternativa...,3,60,-,10
all_tables.pdf,4,tbl-21.md,6,Matto Grosso,data,Thermica...,M. V.,1,80,-,4,-,220,Alternativa...,2,60,-,4
all_tables.pdf,6,tbl-25.md,1,Matto Grosso,data,Thermica...,M. V.,1,3,—,2,—,115,Continua...,—,—,—,1
all_tables.pdf,6,tbl-25.md,2,Matto Grosso,data,Thermica...,M. V.,1,200,—,22,—,2200220110,Alternativa...,3,50,—,?
all_tables.pdf,6,tbl-26.md,1,Minas Geraes,data,Hydraulica...,T. H.,1,30,1,4,220,220,Continua...,—,—,—,1
all_tables.pdf,6,tbl-26.md,2,Minas Geraes,data,Hydraulica...,T. H.,2,1000,13,10,10000,2200220,Alternativa...,3,50,1,10
all_tables.pdf,6,tbl-26.md,3,Minas Geraes,data,Hydraulica...,T. H.,1,170,11,40,3300,110,Alternativa...,3,50,1,4
all_tables.pdf,6,tbl-26.md,4,Minas Geraes,data,Hydraulica...,T. H.,2,2000,14,—,16000,2000220,Alternativa...,3,60,1,18
all_tables.pdf,6,tbl-26.md,5,Minas Geraes,data,Hydraulica...,T. H.,1,120,12,4,4400,220120,Alternativa...,3,50,1,4
all_tables.pdf,6,tbl-26.md,6,Minas Geraes,data,Thermica...,C. I.,2,1330,—,47,—,2060120,Alternativa...,3,60,—,—
all_tables.pdf,6,tbl-26.md,7,Minas Geraes,data,Hydraulica...,T. H.,3,2450,47,—,45000,2000220,Alternativa...,3,60,1,—
all_tables.pdf,6,tbl-26.md,8,Minas Geraes,data,Hydraulica...,T. H.,1,14,2,2,110,110,Continua...,—,—,—,2
all_tables.pdf,6,tbl-26.md,9,Minas Geraes,data,Hydraulica...,T. H.,1,107,4,6,3200,220125,Alternativa...,3,60,1,2
all_tables.pdf,6,tbl-26.md,10,Minas Geraes,data,Hydraulica...,T. H.,1,320,58,—,11400,220110,Alternativa...,3,60,1,8
all_tables.pdf,6,tbl-26.md,11,Minas Geraes,data,Hydraulica...,T. H.,2,1300,18,17,11000,220,Alternativa...,3,60,1,5
all_tables.pdf,6,tbl-26.md,12,Minas Geraes,data,Hydraulica...,T. H.,1,60,4,8,3000,120,Alternativa...,3,50,1,4
all_tables.pdf,6,tbl-26.md,13,Minas Geraes,data,Hydraulica...,T. H.,1,170,9,—,220,110,Alternativa...,3,50,1,4
all_tables.pdf,6,tbl-26.md,14,Minas Geraes,data,Hydraulica...,T. H.,2,4000,200,120,4500015000,4000220110,Alternativa...,3,50,1,60
all_tables.pdf,6,tbl-26.md,15,Minas Geraes,data,Hydraulica...,R. A.,1,120,6,4,2300,120,Alternativa...,3,60,1,10
all_tables.pdf,6,tbl-26.md,16,Minas Geraes,data,Hydraulica...,T. H.,1,100,27,50,11000,110,Alternativa...,2,60,—,5
all_tables.pdf,6,tbl-26.md,17,Minas Geraes,data,Hydraulica...,T. H.,2,160,12,—,5600,220,Alternativa...,1,50,1,8
all_tables.pdf,8,tbl-30.md,1,Minas Geraes,data,Hydraulica...,T. H.,1,116,1,3,3000,220110,Alternativa...,2,50,-,2
all_tables.pdf,8,tbl-30.md,2,Minas Geraes,data,Hydraulica...,T. H.,1,125,10,3,4000,110,Alternativa...,3,50,-,4
all_tables.pdf,8,tbl-30.md,3,Minas Geraes,data,Hydraulica...,T. H.,1,200,1,1,220,220,Continua ...,-,-,-,1
all_tables.pdf,8,tbl-30.md,4,Minas Geraes,data,Hydraulica...,R. A.,2,300,11,10,10000,220120,Alternativa...,3,60,1,14
all_tables.pdf,8,tbl-30.md,5,Minas Geraes,data,Hydraulica...,T. H.,1,12,2,1,220,220,Continua ...,-,-,-,-
all_tables.pdf,8,tbl-30.md,6,Minas Geraes,data,Hydraulica...,T. H.,1,55,9,10,6600,220120,Alternativa...,3,60,-,2
all_tables.pdf,8,tbl-30.md,7,Minas Geraes,data,Hydraulica...,T. H.,1,81,2,3,2100,110,Alternativa...,3,60,1,3
all_tables.pdf,8,tbl-30.md,8,Minas Geraes,data,Hydraulica...,T. H.,2,200,2,-,2200,110,Alternativa...,2,60,1,5
all_tables.pdf,8,tbl-30.md,9,Minas Geraes,data,Hydraulica...,T. H.,1,22,18,3,6000,220,Alternativa...,3,50,-,3
all_tables.pdf,8,tbl-30.md,10,Minas Geraes,data,Hydraulica...,T. H.,1,600,6,16,6600,110,Alternativa...,3,50,1,8
all_tables.pdf,8,tbl-30.md,11,Minas Geraes,data,Hydraulica...,T. H.,1,500,4,12,6600,110,Alternativa...,3,50,-,8
all_tables.pdf,8,tbl-30.md,12,Minas Geraes,data,Hydraulica...,T. H.,2,2100,34,70,15000,4000220120,Alternativa...,3,50,2,18
all_tables.pdf,8,tbl-30.md,13,Minas Geraes,data,Hydraulica...,T. H.,1,75,10,10,6600,2200110,Alternativa...,2,60,1,4
all_tables.pdf,8,tbl-30.md,14,Minas Geraes,data,Hydraulica...,T. H.,2,560,4,15,5000,220120,Alternativa...,3,50,2,7
all_tables.pdf,8,tbl-30.md,15,Minas Geraes,data,Hydraulica...,T. H.,1,190,18,4,11000,110,Alternativa...,3,60,1,-
all_tables.pdf,8,tbl-30.md,16,Minas Geraes,data,Hydraulica...,T. H.,1,300,50,6,11000,220,Alternativa...,3,50,-,18
all_tables.pdf,8,tbl-30.md,17,Minas Geraes,data,Hydraulica...,T. H.,1,100,1,5,2000,120,Alternativa...,3,50,-,2
all_tables.pdf,8,tbl-30.md,18,Minas Geraes,data,Hydraulica...,T. H.,10,6150,28,-,6600,220110,Alternativa...,3,60,1,-
all_tables.pdf,8,tbl-30.md,19,Minas Geraes,data,Hydraulica...,T. H.,3,555,24,12,10000,120,Alternativa...,3,50,1,6
all_tables.pdf,8,tbl-30.md,20,Minas Geraes,data,Hydraulica...,T. H.,3,3000,490,300,220006600,2200,Alternativa...,3,50,,
all_tables.pdf,8,tbl-30.md,21,Minas Geraes,data,Hydraulica...,T. H.,1,150,3,300,6600,220120,Alternativa...,3,50,13,164
all_tables.pdf,8,tbl-30.md,22,Minas Geraes,data,Hydraulica...,T. H.,2,400,41,50,100002200,2200120,Alternativa...,3,50,,
all_tables.pdf,10,tbl-34.md,1,Minas Geraes,data,Hydraulica...,T. H.,1,125,9,5,10000,220,Alternativa...,3,50,-,3
all_tables.pdf,10,tbl-34.md,2,Minas Geraes,data,Hydraulica...,T. H.,1,43,3,5,2200,220,Alternativa...,1,43,1,6
all_tables.pdf,10,tbl-34.md,3,Minas Geraes,data,Hydraulica...,T. H.,1,40,,,220,220,Continua...,-,-,-,4
all_tables.pdf,10,tbl-34.md,4,Minas Geraes,data,Hydraulica...,T. H.,1,400,54,-,10500,220,Alternativa...,3,50,1,-
all_tables.pdf,10,tbl-34.md,5,Minas Geraes,data,Hydraulica...,T. H.,2,660,20,5,10000,2000,Alternativa...,3,50,1,9
all_tables.pdf,10,tbl-34.md,6,Minas Geraes,continuation,,,,,,,,220,,,,,
all_tables.pdf,10,tbl-34.md,7,Minas Geraes,continuation,,,,,,,,125,,,,,
all_tables.pdf,10,tbl-34.md,8,Minas Geraes,data,Hydraulica...,T. H.,2,700,34,-,5000,220,Alternativa...,3,50,1,8
all_tables.pdf,10,tbl-34.md,9,Minas Geraes,continuation,,,,,,,,120,,,,,
all_tables.pdf,10,tbl-34.md,10,Minas Geraes,data,Hydraulica...,T. H.,1,460,50,76,10000,220,Alternativa...,3,50,1,6
all_tables.pdf,10,tbl-34.md,11,Minas Geraes,continuation,,,,,,,4000,120,,,,,
all_tables.pdf,10,tbl-34.md,12,Minas Geraes,data,Hydraulica...,T. H.,2,1000,123,136,10000,220,Alternativa...,3,50,1,12
all_tables.pdf,10,tbl-34.md,13,Minas Geraes,continuation,,,,,,,,120,,,,,
all_tables.pdf,10,tbl-34.md,14,Minas Geraes,data,Hydraulica...,T. H.,2,1250,150,185,10000,220,Alternativa...,3,50,-,37
all_tables.pdf,10,tbl-34.md,15,Minas Geraes,continuation,,,,,,,,120,,,,,
all_tables.pdf,10,tbl-34.md,16,Minas Geraes,data,Hydraulica...,T. H.,1,320,3,15,2300,220,Alternativa...,3,50,1,10
all_tables.pdf,10,tbl-34.md,17,Minas Geraes,continuation,,,,,,,,120,,,,,
all_tables.pdf,10,tbl-34.md,18,Minas Geraes,data,Hydraulica...,T. H.,4,7800,16,-,25000,-,Alternativa...,3,50,1,10
all_tables.pdf,10,tbl-34.md,19,Minas Geraes,data,Hydraulica...,T. H.,2,160,14,4,5000,220,Alternativa...,1,50,1,5
all_tables.pdf,10,tbl-34.md,20,Minas Geraes,data,Hydraulica...,T. H.,1,120,12,9,6600,110,Alternativa...,3,60,1,-
all_tables.pdf,10,tbl-34.md,21,Minas Geraes,data,Hydraulica...,T. H.,1,120,7,6,6600,110,Alternativa...,3,60,1,4
all_tables.pdf,10,tbl-34.md,22,Minas Geraes,data,Hydraulica...,T. H.,1,180,2,10,110,110,Alternativa...,3,50,-,10
all_tables.pdf,10,tbl-34.md,23,Minas Geraes,data,Thermica...,M. V.,1,150,2,10,5000,220,Alternativa...,3,50,2,5
all_tables.pdf,10,tbl-34.md,24,Minas Geraes,continuation,,,,,,,,,,,60,,
all_tables.pdf,10,tbl-34.md,25,Minas Geraes,data,Hydraulica...,T. H.,1,60,34,8,6600,110,Alternativa...,2,50,1,4
all_tables.pdf,10,tbl-34.md,26,Minas Geraes,data,Hydraulica...,T. H.,1,620,5,20,2300,110,Alternativa...,3,50,1,10
all_tables.pdf,10,tbl-34.md,27,Minas Geraes,data,Hydraulica...,T. H.,2,516,12,6,10000,220,Alternativa...,3,50,1,10
all_tables.pdf,10,tbl-34.md,28,Minas Geraes,continuation,,,,,,,,120,,,,,
all_tables.pdf,10,tbl-34.md,29,Minas Geraes,data,Hydraulica...,T. H.,1,150,29,18,15000,220,Alternativa...,1,40,1,8
all_tables.pdf,10,tbl-34.md,30,Minas Geraes,continuation,,,,,,,,110,,,,,
all_tables.pdf,10,tbl-34.md,31,Minas Geraes,data,Hydraulica...,T. H.,1,543,15,32,22000,3000,Alternativa...,3,50,1,14
all_tables.pdf,10,tbl-34.md,32,Minas Geraes,continuation,,,,,,,,220,,,,,
all_tables.pdf,12,tbl-37.md,1,Minas Geraes,data,Hydraulica...,R. A.,1,7,2,3,250,250,Continua...,-,-,-,1
all_tables.pdf,12,tbl-37.md,2,Minas Geraes,data,Hydraulica...,T. H.,1,200,4,7,6000,220120,Alternativa...,3,50,-,3
all_tables.pdf,12,tbl-37.md,3,Minas Geraes,data,Hydraulica...,T. H.,1,115,4,9,4000,120,Alternativa...,3,50,1,5
all_tables.pdf,12,tbl-37.md,4,Minas Geraes,data,Hydraulica...,T. H.,1,200,12,4,6000,220,Alternativa...,3,50,1,5
all_tables.pdf,12,tbl-37.md,5,Minas Geraes,data,Hydraulica...,T. H.,1,679,13,8,10500,220,Continua...,-,-,1,2
all_tables.pdf,12,tbl-37.md,6,Minas Geraes,data,Hydraulica...,T. H.,1,256,1,-,220,220,Alternativa...,3,50,1,2
all_tables.pdf,12,tbl-37.md,7,Minas Geraes,data,Hydraulica...,T. H.,1,380,4,4,6000,220110,Alternativa...,3,50,-,5
all_tables.pdf,12,tbl-37.md,8,Minas Geraes,data,Hydraulica...,T. H.,2,500,36,20,22000,3000220110,Alternativa...,3,50,1,9
all_tables.pdf,12,tbl-37.md,9,Minas Geraes,data,Hydraulica...,T. H.,1,150,4,6,2000,120,Alternativa...,3,50,1,3
all_tables.pdf,12,tbl-37.md,10,Minas Geraes,data,Hydraulica...,T. H.,1,160,2,2,5100,220120,Alternativa...,3,50,-,2
all_tables.pdf,12,tbl-37.md,11,Minas Geraes,data,Hydraulica...,T. H.,1,45,1,7,220,220110,Alternativa...,3,50,-,2
all_tables.pdf,12,tbl-37.md,12,Minas Geraes,data,Hydraulica...,T. H.,2,1300,7,70,6000,220110,Alternativa...,3,50,-,-
all_tables.pdf,12,tbl-37.md,13,Minas Geraes,data,Hydraulica...,T. H.,1,135,3,9,3000,220110,Alternativa...,3,50,-,-
all_tables.pdf,12,tbl-37.md,14,Minas Geraes,data,Hydraulica...,T. H.,1,150,18,13,5000,220,Alternativa...,3,60,3,8
all_tables.pdf,12,tbl-37.md,15,Minas Geraes,data,Hydraulica...,T. H.,2,700,11,22,6600,1000110,Alternativa...,3,60,1,10
all_tables.pdf,12,tbl-37.md,16,Minas Geraes,data,Hydraulica...,T. H.,1,130,9,8,6600,110,Alternativa...,3,50,1,5
all_tables.pdf,12,tbl-37.md,17,Minas Geraes,data,Hydraulica...,T. H.,2,1500,6,25,4000,220,Alternativa...,3,50,-,8
all_tables.pdf,12,tbl-37.md,18,Minas Geraes,data,Hydraulica...,T. H.,1,150,7,-,6600,110,Alternativa...,3,-,-,-
all_tables.pdf,12,tbl-37.md,19,Minas Geraes,data,Hydraulica...,T. H.,1,150,4,(1),110,(1)110,Alternativa...,-,-,-,-
all_tables.pdf,14,tbl-46.md,1,Parahyba,data,Thermica...,M. V.,1,12,-,2,-,110,Continua...,-,-,-,2
all_tables.pdf,14,tbl-46.md,2,Parahyba,data,Thermica...,M. V.,1,21,-,2,-,110,Continua...,-,-,-,4
all_tables.pdf,14,tbl-46.md,3,Parahyba,data,Hydraulica...,T. H.,1,50,16,18,2000,120,Alternativa...,3,50,3,8
all_tables.pdf,14,tbl-46.md,4,Parahyba,data,Thermica...,C. I.,1,180,-,5,-,220,Continua...,-,-,-,7
all_tables.pdf,14,tbl-46.md,5,Parahyba,data,Thermica...,C. I.,1,40,-,3,-,220,Continua...,-,-,-,3
all_tables.pdf,14,tbl-46.md,6,Parahyba,data,Thermica...,C. I.,1,45,-,2,-,220,Continua...,-,-,-,9
all_tables.pdf,14,tbl-46.md,7,Parahyba,data,Thermica...,C. I.,2,1150,-,91,-,6000,Alternativa...,3,50,2,-
all_tables.pdf,14,tbl-46.md,8,Parahyba,continuation,,M. V.,1,300,-,,,220,,,,,
all_tables.pdf,14,tbl-47.md,1,Paraná,data,Thermica...,M. V.,2,50,-,6,-,220,Continua...,-,-,-,4
all_tables.pdf,14,tbl-47.md,2,Paraná,data,Thermica...,M. V.,1,25,-,3,-,235,Continua...,-,-,-,3
all_tables.pdf,14,tbl-47.md,3,Paraná,data,Thermica...,M. V.,2,250,2,9,2100,220,Alternativa...,3,50,-,12
all_tables.pdf,14,tbl-47.md,4,Paraná,data,Thermica...,M. V.,5,4200,-,-,-,2000,Alternativa...,3,42,-,45
all_tables.pdf,16,tbl-52.md,1,Paraná,data,Hydraulica...,R. A.,1,12,—,2,—,220,Continua...,—,—,—,2
all_tables.pdf,16,tbl-52.md,2,Paraná,data,Thermica...,M. V.,1,18,—,2,—,110,Continua...,—,—,—,2
all_tables.pdf,16,tbl-52.md,3,Paraná,data,Thermica...,M. V.,1,120,—,5,—,220,Continua...,—,—,—,4
all_tables.pdf,16,tbl-52.md,4,Paraná,data,Thermica...,M. V.,1,80,—,1,—,220,Continua...,—,—,—,4
all_tables.pdf,16,tbl-52.md,5,Paraná,data,Thermica...,M. V.,1,50,—,2,—,220,Continua...,—,—,—,—
all_tables.pdf,16,tbl-52.md,6,Paraná,data,Hydraulica...,T. H.,1,90,12,4,5000,110,Alternativa...,3,50,1,3
all_tables.pdf,16,tbl-52.md,7,Paraná,data,Hydraulica...,T. H.,2,750,16,20,11000,220,Alternativa...,3,60,1,14
all_tables.pdf,16,tbl-52.md,8,Paraná,data,Hydraulica...,R. A.,2,20,—,4,—,220,Continua...,—,—,—,2
all_tables.pdf,16,tbl-52.md,9,Paraná,data,Hydraulica...,T. H.,3,600,8,17,10000,220,Alternativa...,3,50,1,20
all_tables.pdf,16,tbl-52.md,10,Paraná,data,Hydraulica...,T. H.,1,60,7,—,3200,120,Alternativa...,3,50,1,4
all_tables.pdf,16,tbl-52.md,11,Paraná,data,Hydraulica...,R. A.,1,5,1,—,220,220,Continua...,—,—,—,1
all_tables.pdf,16,tbl-52.md,12,Paraná,data,Thermica...,M. V.,1,22,—,1,—,220,Continua...,—,—,—,2
all_tables.pdf,16,tbl-52.md,13,Paraná,data,Thermica...,M. V.,1,48,—,7,—,2200,Alternativa...,1,50,—,5
all_tables.pdf,16,tbl-52.md,14,Paraná,data,Thermica...,M. V.,1,70,—,2,—,120,Continua...,—,—,—,4
all_tables.pdf,16,tbl-52.md,15,Paraná,data,Thermica...,M. V.,1,200,—,—,—,3000,Alternativa...,3,50,1,6
all_tables.pdf,16,tbl-52.md,16,Paraná,data,Thermica...,M. V.,1,45,—,3,—,220,Alternativa...,3,60,—,2
all_tables.pdf,16,tbl-53.md,1,Pernambuco,data,Hydraulica...,R. A.,1,45,—,—,—,220,—,—,—,—,3
all_tables.pdf,16,tbl-53.md,2,Pernambuco,data,Thermica...,M. V.,1,40,—,3,—,110,Continua...,—,—,—,5
all_tables.pdf,16,tbl-53.md,3,Pernambuco,data,Thermica...,C. I.,1,120,—,—,—,220,Alternativa...,3,50,—,3
all_tables.pdf,16,tbl-53.md,4,Pernambuco,data,Thermica...,C. I.,1,40,—,3,—,110,Continua...,—,—,—,6
all_tables.pdf,16,tbl-53.md,5,Pernambuco,data,Thermica...,C. I.,1,10,—,4,—,110,Continua...,—,—,—,2
all_tables.pdf,16,tbl-53.md,6,Pernambuco,data,Thermica...,C. I.,1,7,—,3,—,110,Continua...,—,—,—,2
all_tables.pdf,16,tbl-53.md,7,Pernambuco,data,Thermica...,C. I.,2,100,—,5,—,220,Continua...,—,—,—,20
all_tables.pdf,16,tbl-53.md,8,Pernambuco,data,Thermica...,M. V.,1,80,—,6,—,—,—,—,—,—,4
all_tables.pdf,16,tbl-53.md,9,Pernambuco,data,Thermica...,M. V.,1,70,—,6,—,220,Continua...,—,—,—,3
all_tables.pdf,16,tbl-53.md,10,Pernambuco,continuation,,C. I.,1,100,—,—,—,220,Alternativa...,3,—,—,4
all_tables.pdf,16,tbl-53.md,11,Pernambuco,data,Thermica...,C. I.,1,68,—,3,—,220,Continua...,—,—,—,*
all_tables.pdf,16,tbl-53.md,12,Pernambuco,data,Thermica...,M. V.,1,95,—,13,—,220,—,—,—,—,—
all_tables.pdf,18,tbl-55.md,2,Pernambuco,continuation,,MOTEURS PRIMAIRES,,,KilometrosEXTENSIONDESLINHES,,,,,,,,
all_tables.pdf,18,tbl-56.md,1,Pernambuco,data,Thermica...,C. I.,3,300,6,20,2200,220127,Alternativa...,3,50,-,14
all_tables.pdf,18,tbl-56.md,2,Pernambuco,data,Thermica...,M. V.,1,50,-,-,-,220,Continua...,-,-,-,5
all_tables.pdf,18,tbl-56.md,3,Pernambuco,data,Thermica...,C. I.,1,6,-,1,-,220,Continua...,-,-,-,4
all_tables.pdf,18,tbl-56.md,4,Pernambuco,data,Thermica...,M. V.,6,14000,125,140,66002200,550440,Continua...,-,-,3,-
all_tables.pdf,18,tbl-56.md,5,Pernambuco,data,Thermica...,C. I.,1,65,-,25,-,220,Alternativa...,3,50,-,-
all_tables.pdf,18,tbl-56.md,6,Pernambuco,data,Thermica...,C. I.,1,65,-,25,-,220,Continua...,-,-,-,8
all_tables.pdf,18,tbl-57.md,1,Piauhy,data,Thermica...,M. V.,1,60,2,5,220,110,Alternativa...,3,50,-,5
all_tables.pdf,18,tbl-58.md,1,Rio de Janeiro,data,Hydraulica...,T. H.,1,200,31,6,13200,2300220110,Alternativa...,3,60,1,14
all_tables.pdf,18,tbl-58.md,2,Rio de Janeiro,data,Hydraulica...,T. H.,1,120,6,4,3300,3000220,Alternativa...,3,50,1,5
all_tables.pdf,18,tbl-58.md,3,Rio de Janeiro,data,Hydraulica...,T. H.,2,60,19,-,2200,125,Alternativa...,3,50,1,4
all_tables.pdf,18,tbl-58.md,4,Rio de Janeiro,data,Thermica...,C. I.,1,45,-,8,-,110,Continua...,-,-,-,4
all_tables.pdf,18,tbl-58.md,5,Rio de Janeiro,data,Hydraulica...,T. H.,1,200,18,12,6600,220127,Alternativa...,3,50,3,2
all_tables.pdf,18,tbl-58.md,6,Rio de Janeiro,data,Hydraulica...,T. H.,3,1500,39,8,11000,220110,Alternativa...,3,50,2,6
all_tables.pdf,18,tbl-58.md,7,Rio de Janeiro,data,Hydraulica...,T. H.,1,150,1,6,3000,220120,Alternativa...,3,50,1,2
all_tables.pdf,18,tbl-58.md,8,Rio de Janeiro,data,Hydraulica...,T. H.,1,25,3,3,1500,220127,Alternativa...,3,50,1,2
all_tables.pdf,18,tbl-58.md,9,Rio de Janeiro,data,Thermica...,C. I.,1,80,-,19,-,1050220110,Alternativa...,3,50,-,5
all_tables.pdf,18,tbl-58.md,10,Rio de Janeiro,data,Thermica...,M. V.,1,10,-,1,-,220,Continua...,-,-,-,3
all_tables.pdf,18,tbl-58.md,11,Rio de Janeiro,data,Hydraulica...,T. H.,2,500,7,50,5000,220,Alternativa...,3,50,1,12
all_tables.pdf,18,tbl-58.md,12,Rio de Janeiro,data,Hydraulica...,T. H.,5,18000,98,-,44000,220,Alternativa...,3,60,1,-
all_tables.pdf,20,tbl-61.md,1,Rio de Janeiro,data,Hydraulica...,T. H.,1,1200,120,62,30000,220,Alternativa...,3,50,1,-
all_tables.pdf,20,tbl-61.md,2,Rio de Janeiro,data,Hydraulica...,R. A.,8,60000,81,7474,88000,216,Alternativa...,3,50,3,-
all_tables.pdf,20,tbl-61.md,3,Rio de Janeiro,data,Hydraulica...,T. H.,1,120,6,22,2200,216,Alternativa...,3,50,2,4
all_tables.pdf,20,tbl-61.md,4,Rio de Janeiro,continuation,,,,,,,,125,,,,,
all_tables.pdf,20,tbl-61.md,5,Rio de Janeiro,data,Hydraulica...,T. H.,1,700,200,100,15750,220,Alternativa...,3,50,1,20
all_tables.pdf,20,tbl-61.md,6,Rio de Janeiro,continuation,,,,,,,,120,,,,,
all_tables.pdf,20,tbl-61.md,7,Rio de Janeiro,data,Hydraulica...,T. H.,1,40,1,1,120,120,Alternativa...,3,60,-,1
all_tables.pdf,20,tbl-61.md,8,Rio de Janeiro,data,Hydraulica...,T. H.,1,30,2,2,220,220,Continua...,-,-,-,2
all_tables.pdf,20,tbl-62.md,1,Rio Grande do Norte,data,Thermica...,M. V.,1,12,-,3,-,110,Continua...,-,-,-,2
all_tables.pdf,20,tbl-62.md,2,Rio Grande do Norte,data,Thermica...,M. V.,1,550,3,15,6000,220,Alternativa...,3,50,1,1
all_tables.pdf,20,tbl-62.md,3,Rio Grande do Norte,continuation,,C. I.,4,1160,,,,,,,,,
all_tables.pdf,20,tbl-62.md,4,Rio Grande do Norte,data,Thermica...,C. I.,1,25,1,3,110,110,Continua...,-,-,-,2
all_tables.pdf,20,tbl-62.md,5,Rio Grande do Norte,data,Thermica...,M. V.,1,12,-,1,-,110,Continua...,-,-,-,4
all_tables.pdf,20,tbl-63.md,1,Rio Grande do Sul,data,Thermica...,M. V.,1,250,-,25,-,220,Continua...,-,-,-,14
all_tables.pdf,20,tbl-63.md,2,Rio Grande do Sul,data,Hydraulica...,T. H.,1,42,-,5,-,220,Continua...,-,-,-,3
all_tables.pdf,20,tbl-63.md,3,Rio Grande do Sul,data,Thermica...,M. V.,1,40,-,-,-,220,Continua...,-,-,-,3
all_tables.pdf,20,tbl-63.md,4,Rio Grande do Sul,data,Thermica...,C. I.,3,550,-,3,-,440,Continua...,-,-,-,27
all_tables.pdf,20,tbl-63.md,5,Rio Grande do Sul,continuation,,,,,,,,220,,,,,
all_tables.pdf,20,tbl-63.md,6,Rio Grande do Sul,data,Thermica...,M. V.,1,75,-,3,-,220,Continua...,-,-,-,3
all_tables.pdf,20,tbl-63.md,7,Rio Grande do Sul,data,Thermica...,M. V.,4,400,-,10,-,440,Continua...,-,-,-,14
all_tables.pdf,20,tbl-63.md,8,Rio Grande do Sul,continuation,,,,,,,,220,,,,,
all_tables.pdf,20,tbl-63.md,9,Rio Grande do Sul,data,Hydraulica...,T. H.,1,200,14,13,10000,220,Alternativa...,3,50,2,10
all_tables.pdf,20,tbl-63.md,10,Rio Grande do Sul,data,Thermica...,M. V.,1,34,-,4,-,220,Continua...,-,-,-,3
all_tables.pdf,20,tbl-63.md,11,Rio Grande do Sul,data,Hydraulica...,T. H.,1,80,6,24,3200,220,Alternativa...,3,50,1,3
all_tables.pdf,20,tbl-63.md,12,Rio Grande do Sul,data,Hydraulica...,R. A.,1,6,1,1,1250,220,Alternativa...,-,-,-,1
all_tables.pdf,20,tbl-63.md,13,Rio Grande do Sul,data,Thermica...,M. V.,1,24,-,4,-,220,Continua...,-,-,-,1
all_tables.pdf,20,tbl-63.md,14,Rio Grande do Sul,data,Thermica...,M. V.,1,160,-,6,-,220,Continua...,-,-,-,6
all_tables.pdf,20,tbl-63.md,15,Rio Grande do Sul,data,Thermica...,C. I.,3,226,-,16,-,220,Continua...,-,-,-,10
all_tables.pdf,20,tbl-63.md,16,Rio Grande do Sul,data,Thermica...,M. V.,1,120,-,6,-,440,Alternativa...,2,60,-,2
all_tables.pdf,24,tbl-71.md,1,Rio Grande do Sul,data,Hydraulica...,T. H.,2,5000,130,43,220008500,220,Alternativa...,3,50,6,22
all_tables.pdf,24,tbl-71.md,2,Rio Grande do Sul,data,Hydraulica...,R. A.,1,12,3,3,220,220,Continua...,—,—,—,2
all_tables.pdf,24,tbl-71.md,3,Rio Grande do Sul,data,Hydraulica...,T. H.,3,900,17,35,11000,400220,Alternativa...,1,50,1,29
all_tables.pdf,24,tbl-71.md,4,Rio Grande do Sul,data,Hydraulica...,T. H.,3,900,17,34,20000,220,Alternativa...,3,50,1,15
all_tables.pdf,24,tbl-71.md,5,Rio Grande do Sul,data,Hydraulica...,T. H.,1,150,18,—,10000,214,—,—,—,—,—
all_tables.pdf,24,tbl-71.md,6,Rio Grande do Sul,data,Hydraulica...,T. H.,1,480,15,30,60002000,2000220,Alternativa...,3,50,2,11
all_tables.pdf,24,tbl-71.md,7,Rio Grande do Sul,data,Hydraulica...,R. A.,1,12,5,5,220,220110,Alternativa...,3,50,—,2
all_tables.pdf,24,tbl-71.md,8,Rio Grande do Sul,data,Hydraulica...,T. H.,1,120,7,4,3600,220,Alternativa...,3,50,1,3
all_tables.pdf,24,tbl-71.md,9,Rio Grande do Sul,data,Thermica...,M. V.,1,60,—,5,—,220,Alternativa...,3,50,—,5
all_tables.pdf,24,tbl-71.md,10,Rio Grande do Sul,data,Thermica...,M. V.,1,30,—,3,—,220110,Continua...,—,—,—,4
all_tables.pdf,24,tbl-71.md,11,Rio Grande do Sul,data,Hydraulica...,T. H.,1,7,—,1,220,220,Continua...,—,—,—,1
all_tables.pdf,24,tbl-72.md,1,São Paulo,data,Thermica...,M. V.,1,24,—,—,—,—,Continua...,—,—,—,2
all_tables.pdf,24,tbl-72.md,2,São Paulo,data,Hydraulica...,T. H.,3,2500,12,180,187506000,2200220,Alternativa...,3,50,4,30
all_tables.pdf,24,tbl-72.md,3,São Paulo,data,Hydraulica...,T. H.,1,6000,32,—,30000,6000,Alternativa...,3,50,3,8
all_tables.pdf,24,tbl-72.md,4,São Paulo,data,Hydraulica...,T. H.,1,500,38,—,10000,110,Alternativa...,3,50,1,7
all_tables.pdf,24,tbl-72.md,5,São Paulo,data,Hydraulica...,T. H.,1,200,38,—,1800,110,Alternativa...,3,50,1,5
all_tables.pdf,24,tbl-72.md,6,São Paulo,data,Hydraulica...,T. H.,1,200,15,15,6000,120,Alternativa...,3,50,1,3
all_tables.pdf,24,tbl-72.md,7,São Paulo,data,Hydraulica...,T. H.,2,200,27,14,6000,205,Alternativa...,3,50,1,14
all_tables.pdf,24,tbl-72.md,8,São Paulo,data,Hydraulica...,T. H.,1,200,12,15,6000,220,Alternativa...,3,50,1,8
all_tables.pdf,24,tbl-72.md,9,São Paulo,data,Hydraulica...,T. H.,1,250,3,18,150006000,220,Alternativa...,3,50,3,8
all_tables.pdf,24,tbl-72.md,10,São Paulo,data,Hydraulica...,T. H.,2,2000,30,72,11000,220,Alternativa...,3,50,3,10
all_tables.pdf,24,tbl-72.md,11,São Paulo,data,Hydraulica...,T. H.,3,3000,160,150,30000,220110,Alternativa...,3,50,1,6
all_tables.pdf,26,tbl-76.md,1,São Paulo,data,Hydraulica...,T. H.,3,900,16,45,22500,8000,Alternativa...,3,50,4,21
all_tables.pdf,26,tbl-76.md,2,São Paulo,data,Hydraulica...,T. H.,1,1500,,,13000,200,,,,,
all_tables.pdf,26,tbl-76.md,3,São Paulo,continuation,,,,,,,8000,114,,,,,
all_tables.pdf,26,tbl-76.md,4,São Paulo,data,Hydraulica...,T. H.,1,1500,48,53,15000,220,Alternativa...,3,50,2,15
all_tables.pdf,26,tbl-76.md,5,São Paulo,continuation,,,,,,,2200,,,,,,
all_tables.pdf,26,tbl-76.md,6,São Paulo,data,Hydraulica...,T. H.,1,20,2,3,220,220,Continua...,-,-,-,2
all_tables.pdf,26,tbl-76.md,7,São Paulo,data,Hydraulica...,T. H.,1,125,30,20,6000,110,Alternativa...,3,60,-,6
all_tables.pdf,26,tbl-76.md,8,São Paulo,data,Hydraulica...,T. H.,1,400,24,250,6000,220,Alternativa...,3,50,2,11
all_tables.pdf,26,tbl-76.md,9,São Paulo,continuation,,,,,,,,120,,,,,
all_tables.pdf,26,tbl-76.md,10,São Paulo,data,Hydraulica...,T. H.,1,600,5,9,6600,110,Alternativa...,3,50,1,6
all_tables.pdf,26,tbl-76.md,11,São Paulo,data,Hydraulica...,T. H.,3,5000,18,-,11000,2080,Alternativa...,3,60,4,8
all_tables.pdf,26,tbl-76.md,12,São Paulo,data,Hydraulica...,T. H.,1,7000,20,-,,230,,,,,
all_tables.pdf,26,tbl-76.md,13,São Paulo,continuation,,,,,,,,115,,,,,
all_tables.pdf,26,tbl-76.md,14,São Paulo,data,Hydraulica...,T. H.,3,4000,40,30,20000,220,Alternativa...,3,50,6,16
all_tables.pdf,26,tbl-76.md,15,São Paulo,continuation,,,,,,,8000,,,,,,
all_tables.pdf,26,tbl-76.md,16,São Paulo,data,Thermica...,M. V.,1,60,-,2,-,110,Alternativa...,-,-,-,6
all_tables.pdf,26,tbl-76.md,17,São Paulo,data,Hydraulica...,T. H.,1,250,26,11,6500,220,Alternativa...,3,50,2,9
all_tables.pdf,26,tbl-76.md,18,São Paulo,continuation,,,,,,,,110,,,,,
all_tables.pdf,26,tbl-76.md,19,São Paulo,data,Hydraulica...,T. H.,2,1250,85,37,6000,2000,Alternativa...,3,50,2,22
all_tables.pdf,26,tbl-76.md,20,São Paulo,continuation,,,,,,,,210,,,,,
all_tables.pdf,26,tbl-76.md,21,São Paulo,continuation,,,,,,,,110,,,,,
all_tables.pdf,26,tbl-76.md,22,São Paulo,data,Thermica...,M. V.,1,115,-,8,-,220,Alternativa...,3,50,-,3
all_tables.pdf,26,tbl-76.md,23,São Paulo,continuation,,C. I.,2,15,,,,,,,,,
all_tables.pdf,26,tbl-76.md,24,São Paulo,data,Hydraulica...,T. H.,1,205,95,59,33000,220,Alternativa...,3,60,5,8
all_tables.pdf,26,tbl-76.md,25,São Paulo,continuation,,,,,,,6600,110,,,,,
all_tables.pdf,26,tbl-76.md,26,São Paulo,data,Hydraulica...,T. H.,2,800,6,8,5250,220,Alternativa...,3,50,-,4
all_tables.pdf,26,tbl-76.md,27,São Paulo,data,Thermica...,C. I.,1,250,22,24,11000,2200,Alternativa...,3,60,1,51
all_tables.pdf,26,tbl-76.md,28,São Paulo,data,Hydraulica,R. A.,3,1110,,,,220,,,,,
all_tables.pdf,28,tbl-79.md,2,São Paulo,continuation,,Tipo do apparecção,Número,Potência,detransmissão,dedistribuição,detransmissão,dedistribuição,,,,,
all_tables.pdf,28,tbl-80.md,1,São Paulo,data,Thermica...,M. V.,1,12,—,3,—,220,Continua...,—,—,—,2
all_tables.pdf,28,tbl-80.md,2,São Paulo,data,Hydraulica...,T. H.,1,1360,75,350,30000,6000,Alternativa...,3,50,14,5
all_tables.pdf,28,tbl-80.md,3,São Paulo,data,Hydraulica...,T. H.,2,5000,55,,,2200,,,,,20
all_tables.pdf,28,tbl-80.md,4,São Paulo,data,Thermica...,M. V.,1,60,—,20,—,2200,Alternativa...,3,50,—,5
all_tables.pdf,28,tbl-80.md,5,São Paulo,data,Thermica...,M. V.,1,20,—,2,—,220,Continua...,—,—,—,3
all_tables.pdf,28,tbl-80.md,6,São Paulo,data,Thermica...,M. V.,1,32,—,1,—,220,Continua...,—,—,—,2
all_tables.pdf,28,tbl-80.md,7,São Paulo,data,Hydraulica...,T. H.,1,500,54,15,22000,2000,Alternativa...,3,50,1,15
all_tables.pdf,28,tbl-80.md,8,São Paulo,data,Hydraulica...,T. H.,1,300,27,—,5250,220,Alternativa...,3,50,3,—
all_tables.pdf,28,tbl-80.md,9,São Paulo,data,Hydraulica...,T. H.,3,1000,3,—,5300,,,,,,
all_tables.pdf,28,tbl-80.md,10,São Paulo,data,Hydraulica...,T. H.,1,150,3,—,5300,,,,,,
all_tables.pdf,28,tbl-80.md,11,São Paulo,data,Thermica...,M. V.,1,36,—,12,—,240,Alternativa...,3,60,—,3
all_tables.pdf,28,tbl-80.md,12,São Paulo,continuation,,C. I.,1,12,,,,,,,,,
all_tables.pdf,28,tbl-80.md,13,São Paulo,data,Hydraulica...,T. H.,1,90,3,8,3000,220,Alternativa...,3,50,—,4
all_tables.pdf,28,tbl-80.md,14,São Paulo,data,Hydraulica...,T. H.,2,475,75,89,300000,220,Alternativa...,3,50,3,21
all_tables.pdf,28,tbl-80.md,15,São Paulo,continuation,,,,,,,6000,110,,,,,
all_tables.pdf,28,tbl-80.md,16,São Paulo,data,Hydraulica...,T. H.,1,100,6,3,2200,110,Alternativa...,3,60,—,4
all_tables.pdf,28,tbl-80.md,17,São Paulo,data,Thermica...,M. V.,1,20,9,7,3800,125,Alternativa...,3,63,—,4
all_tables.pdf,28,tbl-80.md,18,São Paulo,data,Hydraulica...,T. H.,2,300,,,,,,,,,
all_tables.pdf,28,tbl-80.md,19,São Paulo,data,Hydraulica...,T. H.,2,540,42,22,10000,2200,Alternativa...,3,60,3,4
all_tables.pdf,28,tbl-80.md,20,São Paulo,continuation,,,,,,,,220,,,,,
all_tables.pdf,28,tbl-80.md,21,São Paulo,data,Thermica...,M. V.,1,114,—,1,—,2200,Alternativa...,1,50,—,4
all_tables.pdf,28,tbl-80.md,22,São Paulo,continuation,,,,,,,,220,,,,,
all_tables.pdf,28,tbl-80.md,23,São Paulo,data,Hydraulica...,T. H.,1,100,8,4,4000,120,Alternativa...,3,50,—,4
all_tables.pdf,30,tbl-84.md,1,São Paulo,data,Hydraulica,T H,8,21500,30,2422,88000,2200,Alternativa,3,60,—,—
all_tables.pdf,30,tbl-84.md,2,São Paulo,data,Thermica,M V,4,13600,—,,40000,,,,,,
all_tables.pdf,30,tbl-84.md,3,São Paulo,data,Hydraulica,T H.,6,71400,63,192,88000,2080,Alternativa,3,60,—,16
all_tables.pdf,30,tbl-84.md,4,São Paulo,continuation,,,,,,,24000,,,,,,
all_tables.pdf,30,tbl-84.md,5,São Paulo,data,Hydraulica,T H,3,2500,80,50,16000,220,Alternativa,3,50,1,25
all_tables.pdf,30,tbl-84.md,6,São Paulo,continuation,,,,,,,,110,,,,,
all_tables.pdf,30,tbl-84.md,7,São Paulo,data,Hydraulica,T H,1,105,3,3,2000,220,Alternativa,3,50,—,3
all_tables.pdf,30,tbl-84.md,8,São Paulo,continuation,,,,,,,,114,,,,,
all_tables.pdf,30,tbl-84.md,9,São Paulo,data,Hydraulica,T H.,1,1770,50,5,3000,2000,Alternativa,3,60,1,11
all_tables.pdf,30,tbl-84.md,10,São Paulo,data,Hydraulica,T H,1,4075,100,37,30000,220,Alternativa,3,50,4,35
all_tables.pdf,30,tbl-84.md,11,São Paulo,continuation,,,,,,,,110,,,,,
all_tables.pdf,30,tbl-84.md,12,São Paulo,data,Hydraulica,T H.,1,110,6,5,4000,200,Alternativa,3,50,—,6
all_tables.pdf,30,tbl-84.md,13,São Paulo,data,Hydraulica,T H,3,1150,—,35,4000,2300,Alternativa,3,50,—,20
all_tables.pdf,30,tbl-84.md,14,São Paulo,continuation,,,,,,,,110,,,,,
all_tables.pdf,30,tbl-84.md,15,São Paulo,data,Thermica,M V,1,18,—,5,—,110,Alternativa,3,50,—,—
all_tables.pdf,30,tbl-84.md,16,São Paulo,data,Hydraulica,T H,1,90,12,10,5050,100,Alternativa,2,50,1,4
all_tables.pdf,30,tbl-84.md,17,São Paulo,data,Thermica,C I,1,1000,,,12000,220,,,,,
all_tables.pdf,30,tbl-84.md,18,São Paulo,data,Hydraulica,T H,1,450,90,200,4500,110,Alternativa,3,50,2,95
all_tables.pdf,30,tbl-84.md,19,São Paulo,data,Hydraulica,T H.,2,2870,,,,,,,,,
all_tables.pdf,30,tbl-84.md,20,São Paulo,data,Thermica,M V,1,160,—,12,—,2200,Alternativa,3,50,—,9
all_tables.pdf,30,tbl-84.md,21,São Paulo,continuation,,,,,,,,220,,,,,
all_tables.pdf,30,tbl-84.md,22,São Paulo,data,Hydraulica,T H,2,3000,84,16,11000,220,Alternativa,3,50,1,6
all_tables.pdf,30,tbl-84.md,23,São Paulo,data,Hydraulica,T H,4,2200,40,22,6000,220,Alternativa,3,60,1,20
all_tables.pdf,30,tbl-84.md,24,São Paulo,continuation,,,,,,,2200,110,,,,,
all_tables.pdf,30,tbl-84.md,25,São Paulo,data,Hydraulica,T H,2,1200,24,9,10000,220,Alternativa,3,50,—,2
all_tables.pdf,30,tbl-84.md,26,São Paulo,data,Hydraulica,T H,1,120,1,6,2000,110,Alternativa,3,50,—,3
all_tables.pdf,30,tbl-84.md,27,São Paulo,data,Hydraulica,T H,2,1000,40,300,8500,220,Alternativa,3,50,—,20
all_tables.pdf,30,tbl-84.md,28,São Paulo,data,Hydraulica,T H,2,2000,60,—,"8,000",220,Alternativa,3,50,1,—
all_tables.pdf,30,tbl-84.md,29,São Paulo,continuation,,,,,,,,110,,,,,
all_tables.pdf,32,tbl-89.md,2,São Paulo,continuation,,Tipo do apparelo Type de l'appareil,NumeroNom-bre,PotenciaForceHP,detrans-missãodetransmission,dedistribu-çãodedistribu-tion,detrans-missãodotransmission,dedistribu-çãodedistribu-tion,,Nom-bredephases,Nom-bredecycles,Nom-bredesetações,Personnelenservice
all_tables.pdf,32,tbl-90.md,1,São Paulo,data,Hydraulica...,T. H.,5,20000,28,53,45000,220,Alternativa...,3,60,1,50
all_tables.pdf,32,tbl-90.md,2,São Paulo,data,Hydraulica...,T. H.,2,4890,72,368,10000,110,Alternativa...,3,60,3,85
all_tables.pdf,32,tbl-90.md,3,São Paulo,data,Hydraulica...,T. H.,2,800,5,-,2000,110,Alternativa...,3,50,4,20
all_tables.pdf,32,tbl-90.md,4,São Paulo,data,Hydraulica...,T. H.,2,1600,1,72,8000,220,Alternativa...,3,50,1,-
all_tables.pdf,32,tbl-90.md,5,São Paulo,data,Hydraulica...,T. H.,1,15,4,4,6600,120,Alternativa...,3,50,1,-
all_tables.pdf,32,tbl-90.md,6,São Paulo,data,Hydraulica...,T. H.,1,200,20,-,6000,220,Alternativa...,3,50,-,-
all_tables.pdf,32,tbl-90.md,7,São Paulo,data,Thermica...,M. V.,1,6,-,-,-,220,Continua...,-,-,-,5
all_tables.pdf,32,tbl-90.md,8,São Paulo,data,Thermica...,M. V.,1,120,14,10,2200,220,Alternativa...,3,60,-,6
all_tables.pdf,32,tbl-90.md,9,São Paulo,data,Hydraulica...,T. H.,1,250,,,,,,,,,
all_tables.pdf,32,tbl-90.md,10,São Paulo,data,Hydraulica...,T. H.,3,2040,93,57,22000,2000,Alternativa...,3,50,3,20
all_tables.pdf,32,tbl-90.md,11,São Paulo,data,Hydraulica...,T. H.,1,200,18,-,6000,220,Alternativa...,3,50,1,-
all_tables.pdf,32,tbl-90.md,12,São Paulo,data,Hydraulica...,R. A.,1,4,2,4,120,120,Alternativa...,3,50,-,2
all_tables.pdf,32,tbl-91.md,1,Sergipe,data,Thermica...,C. I.,3,450,-,37,-,470,-,-,-,-,33
all_tables.pdf,32,tbl-91.md,2,Sergipe,data,Thermica...,C. I.,1,45,-,4,-,110,Continua...,-,-,-,10
all_tables.pdf,32,tbl-91.md,3,Sergipe,data,Thermica...,M. V.,1,45,-,3,-,115,Continua...,-,-,-,3
all_tables.pdf,32,tbl-91.md,4,Sergipe,data,Thermica...,M. V.,1,24,-,4,-,220,Continua...,-,-,-,2
all_tables.pdf,32,tbl-91.md,5,Sergipe,data,Thermica...,M. V.,1,40,-,-,-,220,Continua...,-,-,-,7
all_tables.pdf,32,tbl-91.md,6,Sergipe,data,Thermica...,C. I.,2,25,-,1,-,220,Continua...,-,-,-,4
all_tables.pdf,32,tbl-92.md,1,Território do Acre,data,Thermica...,M. V.,1,10,-,16,-,110,Continua...,-,-,-,4
all_tables.pdf,32,tbl-92.md,2,Território do Acre,data,Thermica...,M. V.,1,150,-,7,-,220,Continua...,-,-,-,10
all_tables.pdf,32,tbl-92.md,3,Território do Acre,data,Thermica...,M. V.,1,15,-,2,-,110,Continua...,-,-,-,2
all_tables.pdf,32,tbl-92.md,4,Território do Acre,data,Thermica...,C. I.,1,20,-,5,-,120,Continua...,-,-,-,2
