source_file,page,source_table_id,year,company,plant,state,state_inferred_from_ditto,municipality,municipality_inferred_from_ditto,power_hp,footnotes
tables_1_2.pdf,1,tbl-2.md,,Companhia Mineira de Electricidade,Marmellos,Minas Gerais,no,Juiz de Fóra,no,6150,
tables_1_2.pdf,1,tbl-2.md,,"The South Brazilian Railway Company, Limited",Central,Paraná,no,Curitiba,no,4200,
tables_1_2.pdf,1,tbl-3.md,,Companhia Fiat Lux.,—,Rio Grande do Sul,no,Porto Alegre,no,3230,
tables_1_2.pdf,2,tbl-4.md,1897,Companhia Mogyana de Luz e Força,Salto Grande,São Paulo,no,Espírito Santo do Pinhal,no,1250,
tables_1_2.pdf,2,tbl-4.md,1901,"The São Paulo Tramway, Light and Power Company, Limited",Parnahyba,São Paulo,no,Parnahyba,no,21500,
tables_1_2.pdf,2,tbl-4.md,1904,B & M Barbará,—,Rio Grande do Sul,no,Uruguayana,no,1100,
tables_1_2.pdf,2,tbl-4.md,1904,"Companhia Campineira de Tracção, Luz e Força",Salto Grande,São Paulo,no,Campinas,no,5000,
tables_1_2.pdf,2,tbl-4.md,1904,Companhia Ytdana de Força e Luz,Lavras,São Paulo,yes,Salto,no,2200,
tables_1_2.pdf,2,tbl-4.md,1905,"The Pará Electric Railway and Lighting Company, Limited",—,Pará,no,Belém.,no,6590,
tables_1_2.pdf,2,tbl-4.md,1905,Empresa Electrica Bragantina,Flores,São Paulo,no,Bragança,no,1500,
tables_1_2.pdf,2,tbl-4.md,1905,Companhia Luz e Força de Guaratinguetá,Sodré,São Paulo,yes,Guaratinguetá,no,1360,1
tables_1_2.pdf,2,tbl-4.md,1906,"The Rio de Janeiro Tramway, Light and Power Company, Limited",Ribeirão das Lages,Rio de Janeiro,no,Pirahy,no,60000,
tables_1_2.pdf,2,tbl-4.md,1907,Nova Empresa de Luz Electrica,—,Alagoas,no,Maceió,no,1290,2
tables_1_2.pdf,2,tbl-4.md,1907,Municipalidade de São Salvador,—,Bahia,no,São Salvador,no,2616,
tables_1_2.pdf,2,tbl-4.md,1907,Companhia Linha Circular de Carris da Bahia,Preguiça,Bahia,yes,São Salvador,yes,4700,
tables_1_2.pdf,2,tbl-4.md,1907,Companhia Força e Luz Cataguazes — Leopoldina,Maurício,Minas Geraes,no,Leopoldina,no,3000,
tables_1_2.pdf,2,tbl-4.md,1907,Companhia Paulista de Força e Luz,Central,São Paulo,no,Lenções,no,2000,
tables_1_2.pdf,2,tbl-4.md,1908,Companhia Brasileira de Energia Electrica,Alberto Torres,Rio de Janeiro,no,Parahyba do Sul,no,18000,
tables_1_2.pdf,2,tbl-4.md,1908,Empresa Força e Luz de Santa Catharina,—,Santa Catharina.,no,Blumenau.,no,5000,
tables_1_2.pdf,2,tbl-4.md,1908,Companhia de Electricidade São Paulo e Rio,Izabel,São Paulo,no,Pindamonhangaba,no,4075,
tables_1_2.pdf,2,tbl-4.md,1909,Companhia Luz e Força de Uberabinha,—,Minas Geraes,no,Uberabinha,no,1500,
tables_1_2.pdf,2,tbl-4.md,1909,Empresa Electrica de Piracicaba,—,São Paulo,no,Piracicaba,no,1150,
tables_1_2.pdf,2,tbl-4.md,1909,Companhia Luz e Força de Tatuhy,Jurumirim.,São Paulo,yes,Tietê,no,2040,
tables_1_2.pdf,2,tbl-4.md,1910,The Manáos Tramways and Light Company Limited,Central,Amazonas,no,Manáos,no,2000,
tables_1_2.pdf,2,tbl-4.md,1910,Companhia Serviços Reunidos do Itapemirim,Fructeiras,Espírito Santo,no,Cachoeiro do Itapemirim,no,4077,
tables_1_2.pdf,3,tbl-5.md,1910,Governo do Estado do Espírito Santo,Jucá,Espírito Santo,no,Santa Isabel,no,2226,
tables_1_2.pdf,3,tbl-5.md,1910,Companhia Sul Mineira de Electricidade,Rio Verde,Minas Gerais,no,Varginha,no,1250,
tables_1_2.pdf,3,tbl-5.md,1910,Repartição dos Serviços Urbanos de Natal,Oitizeiro,Rio Grande do Norte,no,Natal,no,1710,1
tables_1_2.pdf,3,tbl-5.md,1910,Empresa Força e Luz do Jahá,Gavião Peixoto,São Paulo,no,Araraquara,no,6000,
tables_1_2.pdf,3,tbl-5.md,1910,Companhia Força e Luz de Brotas,—,São Paulo,yes,Brotas,no,1500,
tables_1_2.pdf,3,tbl-5.md,1910,"Companhia Campineira de Tracção, Luz e Força",Salto Grande,São Paulo,yes,Campinas,no,4000,
tables_1_2.pdf,3,tbl-5.md,1911,Empresa Força e Luz de Ribeirão Preto,Evangelina,São Paulo,no,Huverava,no,5000,
tables_1_2.pdf,3,tbl-5.md,1911,São Paulo Electric Company Limited,Sorocaba,São Paulo,yes,Sorocaba,no,71400,
tables_1_2.pdf,3,tbl-5.md,1911,Companhia Força e Luz Norte de São Paulo,—,São Paulo,yes,Sallesopolis,no,3000,
tables_1_2.pdf,3,tbl-5.md,1912,Société Anonyme du Gaz de Rio de Janeiro,—,Districto Federal,no,Rio de Janeiro,no,30000,
tables_1_2.pdf,3,tbl-5.md,1912,Companhia Brasileira de Carbureto de Calcio,Guary,Minas Gerais,no,Palmyra,no,7800,
tables_1_2.pdf,3,tbl-5.md,1912,"The Rio Grandense Light & Power Syndicate, Limited",—,Rio Grande do Sul,no,Pelotas,no,2340,
tables_1_2.pdf,3,tbl-5.md,1912,Empresa Central Eléctrica de Rio Claro,Corumbatahy,São Paulo,no,Rio Claro,no,1450,2
tables_1_2.pdf,3,tbl-5.md,1912,Companhia Paulista de Electricidade,Capão Preto,São Paulo,yes,São Carlos,no,4890,
tables_1_2.pdf,3,tbl-5.md,1912,"The São Paulo Tramway, Light and Power Company, Limited",—,São Paulo,yes,São Paulo,no,13600,
tables_1_2.pdf,3,tbl-5.md,1913,Companhia Francana de Electricidade,Esmeril,São Paulo,no,Patrocínio do Sapucahy,no,2500,
tables_1_2.pdf,3,tbl-5.md,1914,"The Conquista—Xicão Gold Mines Company, Limited",—,Minas Gerais,no,Campanha,no,1300,
tables_1_2.pdf,3,tbl-5.md,1914,"Companhia Brasileira de Tramways, Luz e Força",Tombos,Minas Gerais,yes,Carangola,no,4000,
tables_1_2.pdf,3,tbl-5.md,1914,Companhia Industrial Sul Mineira,Lourenço Velho,Minas Gerais,yes,Itajubá,no,2100,
tables_1_2.pdf,3,tbl-5.md,1914,Adão Pereira de Araujo,Rio dos Aventureiros,Minas Gerais,yes,São José d’Além Parahyba,no,1300,
tables_1_2.pdf,3,tbl-5.md,1914,"Pernambuco Tramways and Power Company, Limited",—,Pernambuco,no,Recife,no,14000,
tables_1_2.pdf,3,tbl-5.md,1914,Empresa Força e Luz Ibero-Americana,Chave do Vaz,Rio de Janeiro,no,Cantagallo,no,1500,
tables_1_2.pdf,3,tbl-5.md,1914,Companhia Nacional de Estamparia,Baptista,São Paulo,no,Pilar,no,1770,
tables_1_2.pdf,3,tbl-5.md,1914,Companhia de Electricidade S. Simão-Cajurá,Itaipava,São Paulo,yes,Santa Rosa,no,2000,
tables_1_2.pdf,3,tbl-5.md,1914,Empresa Força e Luz de São João da Bós Vista,Santa Ignez,São Paulo,yes,São João da Bós Vista,no,1600,
tables_1_2.pdf,3,tbl-5.md,1915,"St. John del Rey Mining Company, Limited",«D»,Minas Gerais,no,Villa Nova de Lima,no,1876,
tables_1_2.pdf,3,tbl-5.md,1915,"St. John del Rey Mining Company, Limited",«E»,Minas Gerais,yes,Villa Nova de Lima,yes,1876,
tables_1_2.pdf,4,tbl-6.md,1916,"Companhia Campineira de Tracção, Luz e Força",Jaguary.,São Paulo,no,Campinas,no,7000,
tables_1_2.pdf,4,tbl-6.md,1917,Municipalidade de Barbacena,Bias Fortes,Minas Gerais,no,Barbacena,no,2000,
tables_1_2.pdf,4,tbl-6.md,1918,Governo do Estado do Rio Grande do Sul,—,Rio Grande do Sul,no,Rio Grande,no,1500,
tables_1_2.pdf,4,tbl-6.md,1919,Empresa de Electricidade de Araraquara,Chibarro,São Paulo,no,Araraquara,no,2500,
tables_1_2.pdf,4,tbl-6.md,1920,Companhia Brazileira de Energia Eléctrica,Bananeiras,Bahia,no,Cachoeira,no,15600,
tables_1_2.pdf,4,tbl-6.md,1920,Companhia de Electricidade e Viação Urbana de Minas Gerais,—,Minas Gerais,no,Bello Horizonte,no,1330,
tables_1_2.pdf,4,tbl-6.md,1920,Companhia de Electricidade e Viação Urbana de Minas Gerais,Rio de Pedras,Minas Gerais,yes,Ouro Preto,no,2450,
tables_1_2.pdf,4,tbl-6.md,1920,Empresa Força e Luz da Parahyba do Norte,Tamblá,Parahyba,no,Parahyba,no,1450,1
tables_1_2.pdf,4,tbl-6.md,1920,"The Rio de Janeiro Tramway, Light and Power Company, Limited",Parahybuna,Rio de Janeiro,no,Parahyba do Sul,no,1200,
tables_1_2.pdf,4,tbl-6.md,1920,Companhia Paulista de Força e Luz,Avanhandava,São Paulo,no,Pennapolis,no,3000,
tables_1_2.pdf,4,tbl-6.md,1920,Empresa Força e Luz de Ribeirão Preto,Burity,São Paulo,yes,Igarapava,no,1360,
tables_1_2.pdf,4,tbl-6.md,1920,Empresa Central Eléctrica de Rio Claro,Nova Mogy-Guassú,São Paulo,yes,Rio Claro,no,2870,
tables_1_2.pdf,4,tbl-6.md,1920,Companhia Força e Luz Santa Cruz,Santa Cruz,São Paulo,yes,Santa Cruz,no,1200,
tables_1_2.pdf,4,tbl-6.md,1920,Companhia Dócas de Santos,Itatinga,São Paulo,yes,Santos,no,20000,
